SET NAMES utf8;
SET time_zone = '+00:00';
SET foreign_key_checks = 0;
SET sql_mode = 'NO_AUTO_VALUE_ON_ZERO';

CREATE DATABASE `coo` /*!40100 DEFAULT CHARACTER SET latin1 */;
USE `coo`;

DROP TABLE IF EXISTS `category`;
CREATE TABLE `category` (
  `id` int(11) NOT NULL AUTO_INCREMENT,
  `name` varchar(255) NOT NULL,
  PRIMARY KEY (`id`)
) ENGINE=InnoDB DEFAULT CHARSET=latin1;

INSERT INTO `category` (`id`, `name`) VALUES
(0,	'Main Cooperacy'),
(1,	'Wealth - General funded or fee-based projects'),
(2,	'Community'),
(3,	'Ecosystem and Wellbeing - Must really be related with the ecosystem care or with human wellbeing'),
(4,	'Reporting'),
(5,	'Location-based - For official cities, nations, neighbourhoods'),
(6,	'Science, Research, Education and Professionals groups and projects'),
(7,	'Arts Music Games Fun');

DROP TABLE IF EXISTS `CCI`;
CREATE TABLE `CCI` (
  `IsoN` int(11) NOT NULL,
  `country` varchar(64) NOT NULL,
  `CCI` decimal(6,3) NOT NULL,
  `EQUIVALENCE` decimal(6,3) NOT NULL,
  `TRUST` decimal(6,3) NOT NULL,
  `CARE` decimal(6,3) NOT NULL,
  `TRANSPARENCY` decimal(6,3) NOT NULL,
  `FREEDOM` decimal(6,3) NOT NULL,
  `UNDERSTANDING` decimal(6,3) NOT NULL,
  `DIVERSITY` decimal(6,3) NOT NULL,
  `PEACE` decimal(6,3) NOT NULL,
  PRIMARY KEY (`IsoN`)
) ENGINE=InnoDB DEFAULT CHARSET=latin1;

INSERT INTO `CCI` (`IsoN`, `country`, `CCI`, `EQUIVALENCE`, `TRUST`, `CARE`, `TRANSPARENCY`, `FREEDOM`, `UNDERSTANDING`, `DIVERSITY`, `PEACE`) VALUES
(4,	'Afghanistan',	-1.441,	-2.063,	-0.728,	-2.674,	-0.648,	-0.968,	-0.158,	1.014,	0.000),
(8,	'Albania',	0.069,	0.445,	-0.341,	0.438,	0.384,	-0.600,	-0.028,	-0.190,	0.000),
(10,	'Antarctica',	0.012,	0.000,	0.000,	0.000,	0.000,	0.060,	0.000,	0.000,	0.000),
(12,	'Algeria',	-0.753,	-0.103,	-1.108,	-0.604,	-1.124,	-1.318,	-0.132,	-0.883,	0.000),
(24,	'Angola',	-0.059,	-0.412,	-0.062,	-1.475,	-0.655,	-0.617,	-0.290,	0.802,	0.320),
(31,	'Azerbaijan',	-0.274,	0.227,	-0.392,	0.237,	-0.307,	-1.193,	-0.236,	-0.562,	0.000),
(32,	'Argentina',	-0.359,	-0.291,	-0.928,	-0.186,	-0.108,	-0.731,	0.000,	-0.919,	0.000),
(36,	'Australia',	1.534,	1.189,	1.776,	0.999,	1.374,	1.363,	1.609,	-0.497,	0.000),
(40,	'Austria',	1.392,	1.230,	0.847,	1.188,	1.461,	1.463,	1.227,	-0.816,	0.000),
(48,	'Bahrain',	0.723,	1.079,	0.825,	1.363,	0.589,	-0.101,	0.395,	0.653,	0.000),
(50,	'Bangladesh',	-1.101,	-1.071,	-1.537,	-1.003,	-1.309,	-0.399,	-0.867,	-0.499,	0.000),
(51,	'Armenia',	-0.038,	0.250,	-0.532,	0.355,	0.218,	-0.492,	-0.378,	-1.317,	0.000),
(56,	'Belgium',	1.414,	1.394,	1.199,	0.795,	1.222,	1.741,	1.592,	0.701,	0.000),
(60,	'Bermuda',	0.088,	0.079,	0.000,	0.221,	-0.045,	0.060,	-0.024,	-0.449,	0.000),
(64,	'Bhutan',	-0.286,	0.108,	0.042,	0.100,	-0.165,	-0.475,	-0.941,	0.874,	0.000),
(68,	'Bolivia',	-0.559,	-0.567,	-0.483,	-0.513,	-0.370,	-0.247,	-0.758,	0.504,	0.000),
(70,	'Bosnia and Herzegovina',	-0.744,	-0.793,	-0.861,	-0.361,	-0.341,	-0.602,	-0.963,	0.657,	0.000),
(72,	'Botswana',	-0.206,	-0.578,	0.080,	-0.439,	-0.105,	0.261,	-0.306,	0.118,	0.000),
(76,	'Brazil',	-0.117,	-0.167,	0.014,	-0.210,	-0.254,	0.561,	-0.802,	-0.899,	0.000),
(100,	'Bulgaria',	-0.277,	0.036,	-0.880,	-0.560,	-0.295,	0.195,	-0.207,	-0.626,	0.000),
(104,	'Burma Myanmar',	-1.739,	-1.631,	-1.375,	-1.342,	-1.799,	-1.934,	-1.302,	0.615,	0.000),
(108,	'Burundi',	-1.885,	-1.651,	-1.812,	-2.099,	-1.830,	-1.900,	-1.400,	-1.256,	0.000),
(112,	'Belarus',	0.028,	1.704,	-0.059,	1.016,	-0.213,	-0.957,	0.183,	-0.098,	0.002),
(116,	'Cambodia',	-0.941,	-1.047,	-0.786,	-0.577,	-1.318,	-0.785,	-0.952,	-1.213,	0.000),
(120,	'Cameroon',	-1.184,	-1.143,	-0.687,	-1.425,	-0.758,	-1.223,	-0.622,	2.492,	0.000),
(124,	'Canada',	1.823,	1.490,	1.974,	1.561,	1.700,	1.688,	1.880,	1.034,	0.000),
(132,	'Cape Verde',	-0.059,	-0.536,	-0.344,	-0.008,	0.187,	0.357,	-0.084,	-0.360,	0.000),
(140,	'Central African Republic',	-0.099,	-2.344,	-0.110,	-1.708,	-0.260,	-0.947,	-0.588,	1.795,	-2.421),
(144,	'Sri Lanka',	0.175,	0.164,	0.206,	0.270,	-0.736,	-0.020,	1.101,	0.015,	0.000),
(148,	'Chad',	-2.375,	-2.342,	-1.835,	-2.393,	-1.614,	-2.207,	-1.950,	2.754,	0.000),
(152,	'Chile',	0.961,	0.208,	0.781,	1.163,	1.192,	1.124,	0.498,	-1.225,	0.000),
(156,	'China',	-0.238,	-0.020,	0.141,	0.219,	-0.850,	-0.808,	0.106,	0.271,	0.000),
(158,	'Taiwan',	1.312,	2.535,	0.861,	0.714,	0.884,	1.593,	0.710,	0.404,	0.000),
(170,	'Colombia',	-0.063,	-0.238,	0.011,	0.690,	-0.280,	-0.074,	-0.669,	-0.917,	0.000),
(174,	'Comoros',	-0.049,	-2.094,	0.022,	-0.045,	-0.259,	-0.325,	-0.268,	-0.464,	0.649),
(178,	'Republic of the Congo',	-0.030,	-0.118,	-0.036,	-0.173,	-0.455,	-0.636,	-0.399,	0.819,	0.304),
(180,	'Democratic Republic of the Congo',	-0.059,	-0.361,	0.090,	-1.409,	-0.771,	-0.754,	-0.319,	0.698,	-1.621),
(188,	'Costa Rica',	-1.441,	-2.063,	-0.728,	-2.674,	-0.648,	-0.968,	-0.158,	1.014,	0.000),
(191,	'Croatia',	0.006,	0.094,	-0.542,	-0.373,	0.169,	0.237,	0.177,	-0.922,	0.000),
(192,	'Cuba',	-0.010,	-0.061,	-0.119,	1.026,	-0.677,	-0.856,	0.108,	-0.529,	-0.147),
(196,	'Cyprus',	0.594,	0.676,	-0.675,	0.568,	0.881,	0.832,	0.812,	-0.434,	0.000),
(203,	'Czech Republic',	0.958,	0.936,	0.542,	0.756,	0.877,	1.254,	0.674,	-0.815,	0.000),
(204,	'Benin',	-0.994,	-1.236,	-0.867,	-0.537,	-0.941,	-0.536,	-1.076,	0.980,	0.000),
(208,	'Denmark',	1.822,	1.239,	2.104,	1.577,	1.687,	1.469,	1.703,	-0.963,	0.000),
(214,	'Dominican Republic',	-0.063,	-0.308,	-0.383,	0.542,	0.194,	-0.039,	-0.619,	-1.000,	0.000),
(218,	'Ecuador',	-0.225,	-0.330,	-0.217,	0.206,	-0.510,	-0.423,	-0.166,	-0.831,	0.000),
(222,	'El Salvador',	-0.127,	-0.290,	-0.089,	0.419,	-0.420,	0.078,	-0.687,	-1.223,	0.000),
(226,	'Equatorial Guinea',	-0.520,	-0.411,	0.000,	-0.915,	-0.919,	-0.557,	-0.168,	-0.609,	0.000),
(231,	'Ethiopia',	-1.322,	-1.320,	-0.589,	-1.028,	-1.526,	-1.433,	-0.921,	1.590,	0.000),
(232,	'Eritrea',	-1.270,	-2.086,	-0.799,	-1.937,	0.028,	-1.459,	-0.216,	0.568,	0.000),
(233,	'Estonia',	1.106,	0.621,	1.168,	0.578,	1.582,	1.236,	0.931,	0.184,	0.000),
(242,	'Fiji',	0.001,	-0.393,	0.063,	0.936,	-0.397,	-0.122,	-0.047,	0.446,	0.479),
(246,	'Finland',	2.400,	2.194,	2.600,	1.249,	2.258,	1.944,	2.700,	-0.902,	0.000),
(250,	'France',	1.020,	0.881,	0.586,	0.300,	0.984,	1.377,	1.352,	-0.400,	0.000),
(262,	'Djibouti',	-0.060,	-0.793,	-0.062,	-0.853,	-1.056,	-0.572,	-0.287,	-0.187,	0.135),
(266,	'Gabon',	-0.922,	0.090,	-0.710,	-0.899,	-0.755,	-1.337,	-1.318,	0.568,	0.000),
(268,	'Georgia',	-0.035,	-0.112,	-0.077,	-0.065,	0.487,	-0.060,	-0.396,	-0.076,	0.000),
(270,	'Gambia',	-0.789,	-0.808,	0.204,	-1.003,	-0.656,	-1.017,	-0.800,	0.875,	0.000),
(275,	'Palestine',	0.030,	0.679,	0.040,	0.954,	0.071,	-0.249,	0.275,	-1.049,	-0.649),
(276,	'Germany',	1.611,	1.115,	1.385,	1.337,	1.612,	1.661,	1.694,	-0.163,	0.000),
(288,	'Ghana',	-0.443,	-0.616,	-0.271,	-0.777,	-0.158,	0.228,	-0.475,	1.383,	0.000),
(300,	'Greece',	0.029,	0.376,	-1.094,	-0.181,	-0.091,	-0.002,	0.825,	-1.054,	0.000),
(320,	'Guatemala',	-0.264,	-0.809,	0.114,	0.634,	-0.469,	0.240,	-1.011,	0.383,	0.000),
(324,	'Guinea',	-1.888,	-1.656,	-1.887,	-1.804,	-1.423,	-1.426,	-2.000,	0.731,	0.000),
(328,	'Guyana',	-0.126,	-0.070,	-0.336,	-0.102,	-0.263,	0.111,	-0.139,	-0.410,	0.000),
(332,	'Haiti',	-1.797,	-2.684,	-1.436,	-1.503,	-1.226,	-1.457,	-1.866,	-1.218,	0.000),
(340,	'Honduras',	-0.154,	-0.404,	0.082,	0.703,	-0.680,	-0.060,	-0.737,	-1.125,	0.000),
(344,	'Hong Kong',	1.428,	1.013,	1.692,	1.344,	1.552,	1.370,	1.036,	0.566,	0.000),
(348,	'Hungary',	0.086,	0.329,	-0.923,	-0.028,	0.215,	0.149,	0.407,	-1.064,	0.000),
(352,	'Iceland',	1.581,	1.269,	0.997,	1.522,	1.766,	0.760,	1.966,	-1.432,	0.000),
(356,	'India',	-0.352,	-0.034,	-0.057,	-1.542,	-0.426,	0.508,	-0.182,	0.774,	0.000),
(360,	'Indonesia',	0.005,	0.161,	0.384,	-0.335,	-0.682,	0.405,	0.338,	0.833,	0.000),
(364,	'Iran',	-0.866,	-0.080,	-0.980,	-0.089,	-1.178,	-1.681,	-0.609,	0.557,	0.000),
(368,	'Iraq',	-0.009,	1.300,	-0.055,	-0.122,	-1.200,	-0.398,	-0.066,	-0.059,	-1.688),
(372,	'Ireland',	1.538,	1.087,	0.796,	1.489,	1.753,	1.309,	1.703,	-1.087,	0.000),
(376,	'Israel',	0.803,	0.806,	0.706,	0.857,	0.444,	0.357,	1.321,	0.311,	0.000),
(380,	'Italy',	0.109,	-0.015,	-0.960,	0.039,	-0.392,	0.551,	1.280,	-0.244,	0.000),
(384,	'Ivory Coast',	-0.686,	-0.689,	-0.020,	-1.032,	-0.274,	-0.746,	-0.532,	1.807,	0.000),
(388,	'Jamaica',	0.148,	0.180,	-0.129,	0.045,	0.203,	0.451,	-0.189,	-0.945,	0.000),
(392,	'Japan',	1.649,	1.392,	1.517,	1.172,	1.543,	1.632,	1.603,	-0.760,	0.000),
(398,	'Kazakhstan',	0.038,	0.788,	-0.172,	0.471,	-0.070,	-0.702,	0.060,	0.696,	0.000),
(400,	'Jordan',	0.325,	0.609,	0.615,	0.831,	-0.215,	-0.310,	0.125,	-0.602,	0.000),
(404,	'Kenya',	-0.588,	-1.406,	0.117,	-0.975,	0.013,	-0.178,	-0.084,	2.712,	0.000),
(410,	'South Korea',	0.339,	0.111,	-0.335,	0.545,	0.279,	0.197,	0.874,	-0.648,	0.000),
(414,	'Kuwait',	-0.016,	0.412,	0.433,	0.215,	0.315,	-0.756,	-0.537,	0.640,	0.000),
(417,	'Kyrgyzstan',	-0.584,	-0.065,	-1.092,	0.058,	-0.384,	-0.855,	-0.871,	0.089,	0.000),
(418,	'Lao PDR',	-0.893,	-0.614,	0.133,	-0.618,	-1.751,	-1.063,	-0.788,	0.562,	0.000),
(422,	'Lebanon',	0.027,	0.300,	-0.503,	0.123,	-0.098,	-0.389,	0.540,	-0.562,	0.000),
(426,	'Lesotho',	-1.172,	-1.971,	-1.105,	-1.834,	-0.563,	-0.511,	-0.737,	-1.041,	0.000),
(428,	'Latvia',	0.465,	0.255,	0.183,	0.103,	0.986,	0.807,	0.392,	0.754,	0.000),
(430,	'Liberia',	-1.036,	-1.441,	-0.474,	-1.077,	-0.817,	-0.464,	-1.280,	0.427,	0.000),
(440,	'Lithuania',	0.479,	0.227,	-0.184,	-0.065,	0.983,	0.798,	0.698,	-0.526,	0.000),
(442,	'Luxembourg',	1.868,	1.522,	1.915,	1.516,	2.181,	2.156,	1.212,	0.916,	0.000),
(450,	'Madagascar',	-1.417,	-2.351,	-0.894,	-0.893,	-1.288,	-1.013,	-0.796,	1.987,	0.000),
(454,	'Malawi',	-0.948,	-1.174,	-0.488,	-0.736,	-0.857,	-0.425,	-1.102,	1.541,	0.000),
(458,	'Malaysia',	1.129,	1.055,	1.509,	1.099,	0.649,	1.069,	1.143,	1.121,	0.000),
(466,	'Mali',	-1.091,	-1.280,	-0.709,	-1.303,	-0.973,	-0.462,	-1.013,	0.925,	0.000),
(470,	'Malta',	1.084,	0.967,	0.614,	0.880,	0.935,	1.285,	0.967,	-1.136,	0.000),
(478,	'Mauritania',	-1.884,	-2.088,	-2.004,	-1.585,	-1.148,	-1.676,	-2.023,	-0.607,	0.000),
(480,	'Mauritius',	0.601,	0.961,	0.492,	0.384,	0.368,	0.883,	0.360,	0.561,	0.000),
(484,	'Mexico',	-0.041,	0.068,	-0.216,	0.529,	-0.494,	-0.184,	-0.173,	-0.977,	0.000),
(496,	'Mongolia',	-0.399,	-0.922,	-1.012,	-0.020,	-0.128,	-0.275,	0.023,	-0.455,	0.000),
(498,	'Moldova',	-0.530,	-0.013,	-1.367,	-0.315,	-0.053,	-0.408,	-0.928,	-0.485,	0.000),
(499,	'Montenegro',	-0.005,	0.125,	-0.357,	0.043,	0.275,	0.009,	-0.172,	-0.097,	0.000),
(504,	'Morocco',	-0.118,	0.259,	0.044,	-0.324,	0.075,	-0.561,	-0.341,	-0.727,	0.000),
(508,	'Mozambique',	-1.548,	-2.118,	-0.898,	-1.761,	-0.997,	-0.860,	-1.601,	0.960,	0.000),
(512,	'Oman',	0.208,	0.867,	0.812,	0.499,	0.271,	-0.494,	-0.712,	0.320,	0.000),
(516,	'Namibia',	-0.314,	-0.461,	0.197,	-0.772,	-0.021,	0.412,	-0.745,	1.213,	0.000),
(524,	'Nepal',	-0.928,	-0.528,	-1.027,	-0.964,	-0.872,	-0.635,	-0.583,	1.932,	0.000),
(528,	'Netherlands',	1.979,	1.600,	1.861,	1.690,	2.067,	1.804,	1.809,	-0.137,	0.000),
(554,	'New Zealand',	2.064,	1.725,	2.490,	1.643,	2.244,	1.965,	1.331,	0.168,	0.000),
(558,	'Nicaragua',	-0.623,	-1.026,	-0.586,	0.700,	-0.843,	-0.595,	-1.261,	-0.853,	0.000),
(562,	'Niger',	-0.790,	-1.686,	0.050,	-1.412,	-0.679,	0.013,	-0.487,	0.163,	0.000),
(566,	'Nigeria',	-1.422,	-0.899,	-0.678,	-2.670,	-0.543,	-0.761,	-1.699,	2.208,	0.000),
(578,	'Norway',	2.375,	2.135,	2.653,	1.675,	2.220,	2.013,	2.104,	-0.991,	0.000),
(586,	'Pakistan',	-1.044,	-0.195,	-0.811,	-1.647,	-1.329,	-0.666,	-0.803,	1.085,	0.000),
(591,	'Panama',	0.386,	-0.014,	0.183,	0.863,	0.121,	1.053,	-0.203,	-0.548,	0.000),
(598,	'Papua New Guinea',	-0.690,	-1.755,	-0.327,	-1.368,	0.038,	0.000,	-0.180,	0.347,	0.000),
(600,	'Paraguay',	-0.567,	-0.669,	-0.921,	0.317,	-0.138,	-0.182,	-1.730,	-0.802,	0.000),
(604,	'Peru',	-0.124,	-0.159,	-0.150,	0.285,	-0.200,	0.283,	-0.831,	-0.422,	0.000),
(608,	'Philippines',	-0.038,	-0.006,	0.487,	-0.009,	-0.514,	0.499,	-0.133,	1.902,	0.000),
(616,	'Poland',	0.575,	0.630,	0.153,	0.170,	0.303,	0.984,	0.571,	-1.312,	0.000),
(620,	'Portugal',	0.657,	0.420,	-0.424,	0.498,	0.593,	0.987,	1.153,	-1.318,	0.000),
(624,	'Guinea-Bissau',	-0.065,	-1.485,	0.002,	-0.930,	-0.480,	-0.567,	-0.455,	2.034,	0.586),
(626,	'Timor East',	-0.028,	1.114,	-0.043,	-2.189,	-0.647,	0.264,	-0.166,	0.040,	0.553),
(634,	'Qatar',	1.598,	1.740,	2.313,	1.448,	1.491,	0.656,	1.514,	1.400,	0.000),
(642,	'Romania',	0.122,	0.360,	-0.457,	-0.187,	0.204,	0.320,	0.103,	-1.145,	0.000),
(643,	'Russia',	-0.289,	-0.272,	-0.658,	-0.224,	-0.039,	-1.098,	0.187,	-0.364,	0.000),
(646,	'Rwanda',	-0.143,	-0.824,	0.645,	0.404,	-0.299,	-0.626,	-0.377,	-1.291,	0.000),
(682,	'Saudi Arabia',	0.405,	1.019,	1.272,	0.769,	-0.154,	-0.566,	-0.129,	-0.221,	0.000),
(686,	'Senegal',	-0.396,	-0.620,	-0.210,	-0.476,	-0.268,	-0.026,	-0.363,	0.795,	0.000),
(688,	'Serbia',	-0.446,	-0.425,	-1.185,	-0.596,	-0.096,	-0.237,	0.005,	-0.159,	0.000),
(690,	'Seychelles',	0.082,	0.272,	-0.158,	-0.140,	0.174,	-0.015,	0.017,	-1.077,	0.000),
(694,	'Sierra Leone',	-1.480,	-1.697,	-1.091,	-1.981,	-1.017,	-0.799,	-1.251,	1.127,	0.000),
(702,	'Singapore',	1.583,	1.481,	2.047,	1.852,	1.232,	1.268,	1.326,	1.836,	0.000),
(703,	'Slovakia',	0.458,	0.466,	-0.210,	0.209,	0.892,	0.968,	-0.019,	-0.689,	0.000),
(704,	'Vietnam',	-0.574,	-0.239,	-0.856,	0.320,	-1.069,	-1.286,	0.024,	0.189,	0.000),
(705,	'Slovenia',	0.221,	0.255,	-0.849,	0.034,	0.595,	0.243,	0.688,	-0.730,	0.000),
(706,	'Somalia',	-1.350,	-2.580,	-0.893,	-2.715,	-0.079,	-1.148,	-0.035,	-0.742,	0.000),
(710,	'South Africa',	0.199,	0.806,	0.922,	-1.713,	0.500,	1.240,	-0.493,	0.641,	0.000),
(716,	'Zimbabwe',	-1.171,	-0.843,	-1.303,	-1.793,	-0.926,	-1.295,	-0.347,	-0.154,	0.000),
(724,	'Spain',	0.468,	0.126,	-0.352,	0.322,	0.768,	0.630,	1.174,	0.524,	0.000),
(729,	'Sudan',	-0.056,	0.454,	0.012,	-1.714,	-1.141,	-0.864,	-0.084,	-0.332,	-2.007),
(740,	'Suriname',	0.019,	0.053,	-0.043,	0.601,	0.161,	0.428,	-0.065,	1.592,	0.504),
(748,	'Swaziland',	-1.004,	-1.123,	-0.065,	-1.015,	-1.041,	-1.089,	-1.383,	-0.914,	0.000),
(752,	'Sweden',	2.000,	1.662,	2.178,	1.380,	1.899,	1.812,	2.071,	0.023,	0.000),
(756,	'Switzerland',	2.120,	1.211,	2.023,	2.395,	2.068,	1.982,	2.087,	0.412,	0.000),
(760,	'Syria',	-0.030,	0.554,	-0.048,	0.174,	-1.013,	-1.025,	-0.427,	-0.397,	-1.007),
(762,	'Tajikistan',	-0.257,	-0.180,	0.036,	0.320,	-0.904,	-1.104,	0.221,	-0.848,	0.000),
(764,	'Thailand',	0.125,	0.734,	0.282,	0.639,	-0.588,	-0.131,	-0.186,	0.151,	0.000),
(768,	'Togo',	-0.050,	-0.744,	-0.051,	-0.824,	-0.791,	-0.340,	-0.263,	0.821,	0.259),
(780,	'Trinidad and Tobago',	0.052,	-0.122,	-0.291,	-0.283,	0.391,	0.355,	0.396,	0.706,	0.000),
(784,	'United Arab Emirates',	1.356,	1.233,	1.911,	1.637,	1.291,	0.465,	1.123,	0.722,	0.000),
(788,	'Tunisia',	-0.153,	0.304,	-0.928,	-0.162,	-0.212,	-0.346,	0.068,	-1.543,	0.000),
(792,	'Turkey',	0.145,	0.345,	-0.079,	0.195,	-0.097,	0.124,	0.118,	-0.714,	0.000),
(800,	'Uganda',	-1.092,	-1.442,	-0.713,	-0.858,	-0.484,	-0.698,	-0.764,	3.993,	0.000),
(804,	'Ukraine',	-0.448,	-0.020,	-1.677,	-0.386,	-0.302,	-0.613,	0.432,	-0.150,	0.000),
(807,	'Macedonia',	0.177,	0.050,	-0.010,	0.449,	0.509,	0.045,	0.007,	0.330,	0.000),
(818,	'Egypt',	-0.574,	0.247,	0.080,	-0.364,	-0.987,	-1.393,	-0.860,	-0.569,	0.000),
(826,	'United Kingdom',	1.697,	1.526,	1.293,	1.404,	1.715,	1.600,	1.629,	-0.542,	0.000),
(834,	'Tanzania',	-1.120,	-1.643,	-0.687,	-1.295,	-0.776,	-0.485,	-1.076,	0.692,	0.000),
(840,	'United States',	1.603,	0.988,	1.334,	1.734,	1.357,	1.802,	1.528,	-0.284,	0.000),
(854,	'Burkina Faso',	-0.034,	0.010,	-0.200,	-0.425,	-0.812,	-0.236,	-0.405,	1.292,	0.379),
(858,	'Uruguay',	0.530,	0.635,	0.307,	0.119,	1.059,	0.646,	-0.051,	-0.676,	0.000),
(860,	'Uzbekistan',	-0.020,	0.399,	-0.034,	0.569,	-0.853,	-1.206,	-0.053,	-0.250,	-0.345),
(862,	'Venezuela',	-1.288,	-0.916,	-1.398,	-1.226,	-1.429,	-1.301,	-1.048,	-0.893,	0.000),
(887,	'Yemen',	-0.075,	0.423,	0.001,	-2.252,	-1.723,	-0.795,	-0.140,	-0.418,	-0.938),
(894,	'Zambia',	-0.593,	-1.381,	-0.199,	-0.834,	-0.691,	0.111,	-0.229,	0.003,	0.000);

DROP TABLE IF EXISTS `cci-2015`;
CREATE TABLE `cci-2015` (
  `IsoN` int(11) NOT NULL,
  `country` varchar(32) NOT NULL,
  `CCI` decimal(16,13) NOT NULL,
  `EQUIVALENCE` decimal(6,3) NOT NULL,
  `TRUST` decimal(6,3) NOT NULL,
  `CARE` decimal(6,3) NOT NULL,
  `TRANSPARENCY` decimal(6,3) NOT NULL,
  `FREEDOM` decimal(6,3) NOT NULL,
  `UNDERSTANDING` decimal(6,3) NOT NULL,
  `DIVERSITY` decimal(6,3) NOT NULL,
  `PEACE` decimal(6,3) NOT NULL,
  PRIMARY KEY (`IsoN`)
) ENGINE=InnoDB DEFAULT CHARSET=latin1;

INSERT INTO `cci-2015` (`IsoN`, `country`, `CCI`, `EQUIVALENCE`, `TRUST`, `CARE`, `TRANSPARENCY`, `FREEDOM`, `UNDERSTANDING`, `DIVERSITY`, `PEACE`) VALUES
(4,	'Afghanistan',	-0.0996166666700,	0.078,	-0.537,	-2.747,	-1.426,	-0.950,	-0.395,	1.049,	-0.637),
(8,	'Albania',	0.0063000000000,	1.359,	-0.488,	0.562,	-0.097,	-0.759,	-0.199,	-0.247,	0.403),
(12,	'Algeria',	-0.0562500000000,	0.175,	-0.830,	0.559,	-0.904,	-1.339,	-1.036,	-0.860,	-0.370),
(24,	'Angola',	-0.0585166666700,	-0.412,	-0.062,	-1.475,	-0.655,	-0.617,	-0.290,	0.802,	0.320),
(31,	'Azerbaijan',	-0.0093166666670,	1.128,	-0.174,	0.097,	-0.275,	-1.008,	-0.327,	-0.551,	-0.534),
(32,	'Argentina',	-0.0182500000000,	-0.634,	-1.243,	0.890,	0.704,	-0.634,	-0.178,	-0.940,	-0.249),
(36,	'Australia',	0.1417833333000,	0.649,	1.722,	1.110,	1.787,	1.631,	1.608,	-0.568,	0.937),
(40,	'Austria',	0.1104333333000,	1.101,	1.290,	0.203,	1.333,	1.660,	1.039,	-0.856,	1.306),
(48,	'Bahrain',	0.0341833333300,	-0.058,	0.782,	0.744,	-0.030,	0.088,	0.525,	0.368,	-0.049),
(50,	'Bangladesh',	-0.0894000000000,	1.093,	-1.533,	-2.285,	-1.089,	-0.501,	-1.049,	-0.656,	-1.425),
(51,	'Armenia',	0.0112000000000,	1.099,	-0.442,	0.629,	-0.021,	-0.529,	-0.064,	-1.292,	0.709),
(56,	'Belgium',	0.1328666667000,	1.390,	1.020,	0.029,	1.899,	1.778,	1.856,	0.584,	1.088),
(64,	'Bhutan',	-0.0260000000000,	0.142,	0.403,	-0.372,	-0.003,	-0.895,	-0.835,	0.823,	1.246),
(68,	'Bolivia',	-0.0698833333300,	-1.238,	-0.712,	-0.181,	-0.938,	-0.336,	-0.788,	0.552,	-0.255),
(70,	'Bosnia and Herzegovina',	-0.0159333333300,	0.661,	-1.126,	0.626,	0.053,	-0.731,	-0.439,	0.579,	-0.099),
(72,	'Botswana',	-0.0431666666700,	-2.677,	0.606,	-0.248,	-0.033,	0.397,	-0.635,	0.059,	0.707),
(76,	'Brazil',	-0.0261833333300,	-1.799,	-0.549,	0.809,	0.285,	0.353,	-0.670,	-0.880,	-0.525),
(100,	'Bulgaria',	0.0076833333330,	0.147,	-0.876,	0.699,	0.410,	0.180,	-0.099,	-0.656,	0.000),
(104,	'Burma Myanmar',	-0.1293333333000,	-0.025,	-1.395,	-1.013,	-1.227,	-2.292,	-1.808,	0.609,	-2.550),
(108,	'Burundi',	-0.1023666667000,	0.656,	-1.417,	-0.988,	-0.758,	-1.854,	-1.781,	-1.291,	-0.454),
(112,	'Belarus',	0.0279000000000,	1.704,	-0.059,	1.016,	-0.213,	-0.957,	0.183,	-0.098,	0.002),
(116,	'Cambodia',	-0.0822000000000,	0.968,	-1.176,	-0.715,	-1.990,	-0.814,	-1.205,	-1.188,	-0.171),
(120,	'Cameroon',	-0.0909166666700,	-0.371,	-0.799,	-0.879,	-1.635,	-1.131,	-0.640,	2.511,	-0.163),
(124,	'Canada',	0.1501333333000,	0.661,	2.022,	0.766,	2.041,	1.796,	1.722,	1.016,	0.948),
(132,	'Cape Verde',	-0.0109000000000,	-0.927,	-0.342,	0.116,	0.275,	0.477,	-0.253,	-0.358,	0.399),
(140,	'Central African Republic',	-0.0992833333300,	-2.344,	-0.110,	-1.708,	-0.260,	-0.947,	-0.588,	1.795,	-2.421),
(144,	'Sri Lanka',	0.0075166666670,	-0.241,	0.455,	0.736,	-0.758,	-0.238,	0.497,	-0.080,	0.134),
(148,	'Chad',	-0.1677333333000,	-0.564,	-1.418,	-2.313,	-1.161,	-2.261,	-2.347,	2.781,	-0.896),
(152,	'Chile',	0.0552000000000,	-1.477,	0.781,	1.184,	1.134,	1.081,	0.609,	-1.224,	0.525),
(156,	'China',	-0.0228000000000,	-0.609,	0.233,	0.433,	-1.153,	-0.789,	0.517,	0.136,	-1.063),
(158,	'Taiwan',	0.0636333333300,	0.379,	0.578,	-0.209,	0.048,	1.631,	1.391,	0.238,	0.484),
(170,	'Colombia',	-0.0331833333300,	-1.823,	-0.406,	0.754,	0.003,	-0.296,	-0.223,	-0.875,	-2.417),
(174,	'Comoros',	-0.0494833333300,	-2.094,	0.022,	-0.045,	-0.259,	-0.325,	-0.268,	-0.464,	0.649),
(178,	'Republic of the Congo',	-0.0302833333300,	-0.118,	-0.036,	-0.173,	-0.455,	-0.636,	-0.399,	0.819,	0.304),
(180,	'Democratic Republic of the Congo',	-0.0587333333300,	-0.361,	0.090,	-1.409,	-0.771,	-0.754,	-0.319,	0.698,	-1.621),
(188,	'Costa Rica',	0.0410833333300,	-1.272,	0.242,	0.998,	0.863,	0.730,	0.904,	-1.227,	0.844),
(191,	'Croatia',	0.0325000000000,	0.704,	-0.774,	0.825,	0.778,	0.227,	0.190,	-0.910,	0.836),
(192,	'Cuba',	-0.0096500000000,	-0.061,	-0.119,	1.026,	-0.677,	-0.856,	0.108,	-0.529,	-0.147),
(196,	'Cyprus',	0.0552000000000,	0.669,	-0.473,	0.759,	0.521,	0.712,	1.124,	-0.493,	0.939),
(203,	'Czech Republic',	0.1261500000000,	1.660,	1.119,	1.094,	1.359,	1.661,	0.676,	-0.863,	1.140),
(204,	'Benin',	-0.0540166666700,	-0.118,	-0.651,	-0.410,	-0.328,	-0.550,	-1.184,	0.835,	0.394),
(208,	'Denmark',	0.1437833333000,	1.162,	2.127,	0.054,	2.151,	1.709,	1.424,	-0.998,	0.859),
(214,	'Dominican Republic',	-0.0246000000000,	-0.902,	-0.572,	0.910,	-0.121,	0.101,	-0.892,	-1.014,	-0.409),
(218,	'Ecuador',	-0.0378000000000,	-1.095,	-0.296,	0.012,	-0.111,	-0.636,	-0.142,	-0.804,	-0.073),
(222,	'El Salvador',	-0.0177000000000,	-0.687,	-0.365,	0.513,	0.103,	-0.004,	-0.622,	-1.255,	-1.931),
(226,	'Equatorial Guinea',	-0.0465833333300,	0.108,	0.063,	-0.290,	-1.274,	-1.065,	-0.337,	-0.613,	0.405),
(231,	'Ethiopia',	-0.1023500000000,	0.735,	-0.517,	-2.891,	-1.040,	-1.578,	-0.850,	1.549,	-1.382),
(232,	'Eritrea',	-0.0657666666700,	0.014,	-0.106,	-1.325,	-1.193,	-1.100,	-0.236,	0.536,	-0.703),
(233,	'Estonia',	0.1145000000000,	0.569,	1.359,	0.602,	1.659,	1.418,	1.263,	0.118,	1.317),
(242,	'Fiji',	0.0006666666667,	-0.393,	0.063,	0.936,	-0.397,	-0.122,	-0.047,	0.446,	0.479),
(246,	'Finland',	0.1960000000000,	1.566,	2.838,	0.782,	1.952,	1.989,	2.633,	-0.929,	1.763),
(250,	'France',	0.1148000000000,	0.842,	0.686,	0.709,	1.940,	1.532,	1.179,	-0.486,	0.090),
(262,	'Djibouti',	-0.0603833333300,	-0.793,	-0.062,	-0.853,	-1.056,	-0.572,	-0.287,	-0.187,	0.135),
(266,	'Gabon',	-0.0630666666700,	-0.356,	-0.469,	-0.061,	-0.386,	-1.030,	-1.482,	0.497,	0.305),
(268,	'Georgia',	0.0167500000000,	-0.399,	-0.049,	0.741,	1.118,	0.109,	-0.515,	-0.092,	0.706),
(270,	'Gambia',	-0.0541000000000,	-1.102,	0.404,	-0.292,	-0.752,	-0.815,	-0.689,	0.915,	0.330),
(275,	'Palestine',	0.0295000000000,	0.679,	0.040,	0.954,	0.071,	-0.249,	0.275,	-1.049,	-0.649),
(276,	'Germany',	0.1524833333000,	1.273,	1.751,	1.160,	1.724,	1.767,	1.474,	-0.259,	0.545),
(288,	'Ghana',	-0.0185500000000,	-0.487,	0.101,	-0.099,	-0.570,	0.365,	-0.423,	1.353,	-0.008),
(300,	'Greece',	-0.0025000000000,	0.114,	-1.264,	0.365,	0.269,	0.120,	0.246,	-1.072,	0.644),
(320,	'Guatemala',	-0.0715166666700,	-1.779,	-0.495,	-0.871,	-0.723,	0.313,	-0.736,	0.424,	-1.771),
(324,	'Guinea',	-0.1031666667000,	0.465,	-1.581,	-1.096,	-0.339,	-1.234,	-2.405,	0.723,	-0.428),
(328,	'Guyana',	0.0065666666670,	-0.303,	-0.206,	0.481,	0.133,	0.243,	0.046,	-0.452,	0.056),
(332,	'Haiti',	-0.1399500000000,	-2.646,	-1.244,	-0.741,	-0.311,	-1.575,	-1.880,	-1.270,	-0.494),
(340,	'Honduras',	-0.0588666666700,	-2.016,	-0.563,	0.280,	-0.669,	-0.240,	-0.324,	-1.134,	-2.125),
(344,	'Hong Kong',	0.1022333333000,	-0.646,	2.219,	0.299,	1.190,	1.750,	1.322,	-0.754,	1.124),
(348,	'Hungary',	0.0431166666700,	1.201,	-0.695,	0.787,	0.583,	0.228,	0.483,	-1.098,	0.823),
(352,	'Iceland',	0.0919500000000,	1.452,	0.858,	0.164,	0.905,	0.528,	1.610,	-1.405,	1.621),
(356,	'India',	-0.0453833333300,	0.702,	0.078,	-3.128,	-0.966,	0.497,	0.094,	0.667,	-2.123),
(360,	'Indonesia',	0.0104333333300,	0.607,	0.228,	-0.806,	-0.707,	0.441,	0.863,	0.825,	-0.358),
(364,	'Iran',	-0.0645666666700,	0.024,	-0.991,	0.843,	-1.228,	-2.213,	-0.309,	0.632,	-1.144),
(368,	'Iraq',	-0.0090166666670,	1.300,	-0.055,	-0.122,	-1.200,	-0.398,	-0.066,	-0.059,	-1.688),
(372,	'Ireland',	0.1041166667000,	0.751,	0.643,	0.766,	0.801,	1.578,	1.708,	-1.073,	1.383),
(376,	'Israel',	0.0473666666700,	-0.513,	0.433,	0.267,	0.689,	0.495,	1.471,	0.204,	-0.917),
(380,	'Italy',	0.0377166666700,	0.322,	-1.151,	0.690,	1.320,	0.567,	0.515,	-0.300,	-0.223),
(384,	'Ivory Coast',	-0.0469666666700,	-0.476,	0.108,	-0.677,	-0.650,	-0.658,	-0.465,	1.721,	-0.756),
(388,	'Jamaica',	0.0166333333300,	-0.731,	-0.386,	0.994,	0.683,	0.498,	-0.060,	-1.008,	-0.707),
(392,	'Japan',	0.1314166667000,	0.476,	1.761,	0.803,	1.651,	1.627,	1.567,	-0.882,	0.877),
(398,	'Kazakhstan',	0.0234333333300,	1.682,	-0.071,	0.740,	-0.370,	-0.637,	0.062,	0.671,	0.164),
(400,	'Jordan',	0.0407833333300,	0.566,	0.686,	0.979,	-0.080,	-0.260,	0.556,	-0.594,	0.083),
(404,	'Kenya',	-0.0548166666700,	-0.930,	-0.042,	-0.925,	-1.351,	-0.146,	0.105,	2.815,	-1.825),
(410,	'South Korea',	0.0788666666700,	0.679,	0.285,	0.753,	1.713,	0.155,	1.147,	-0.814,	0.261),
(414,	'Kuwait',	0.0038666666670,	-0.132,	0.237,	1.040,	0.392,	-0.906,	-0.399,	0.580,	0.589),
(417,	'Kyrgyzstan',	-0.0294166666700,	1.313,	-1.245,	0.627,	-0.825,	-0.733,	-0.902,	0.107,	-0.186),
(418,	'Lao PDR',	-0.0669833333300,	0.312,	0.372,	-2.038,	-0.852,	-0.910,	-0.903,	0.488,	-0.138),
(422,	'Lebanon',	-0.0064500000000,	0.177,	-0.948,	0.660,	-0.471,	-0.269,	0.464,	-0.696,	-0.767),
(426,	'Lesotho',	-0.0964500000000,	-2.243,	-0.743,	-1.428,	-0.298,	-0.393,	-0.682,	-1.026,	0.776),
(428,	'Latvia',	0.0436000000000,	0.278,	-0.146,	0.389,	0.660,	0.906,	0.529,	0.695,	1.217),
(430,	'Liberia',	-0.0748500000000,	0.203,	-0.417,	-0.629,	-1.829,	-0.362,	-1.457,	0.382,	-0.081),
(440,	'Lithuania',	0.0507500000000,	0.311,	-0.222,	0.730,	0.354,	0.667,	1.205,	-0.527,	0.544),
(442,	'Luxembourg',	0.1226833333000,	0.706,	1.692,	0.621,	0.929,	2.282,	1.131,	0.876,	1.410),
(450,	'Madagascar',	-0.0877666666700,	-0.449,	-1.113,	-1.573,	-0.038,	-1.047,	-1.046,	2.070,	0.065),
(454,	'Malawi',	-0.0705166666700,	-0.518,	-0.568,	-0.715,	-0.539,	-0.347,	-1.544,	1.581,	0.670),
(458,	'Malaysia',	0.0832666666700,	-0.821,	1.795,	0.558,	0.371,	1.226,	1.867,	1.042,	0.518),
(466,	'Mali',	-0.0407000000000,	0.598,	-0.432,	-1.146,	0.171,	-0.572,	-1.061,	0.961,	-2.075),
(470,	'Malta',	0.0668166666700,	0.567,	0.460,	0.720,	0.186,	1.268,	0.808,	-1.265,	1.184),
(478,	'Mauritania',	-0.1004166667000,	0.161,	-1.647,	-0.365,	-0.205,	-1.685,	-2.284,	-0.535,	-0.381),
(480,	'Mauritius',	0.0376166666700,	0.437,	0.740,	0.736,	-0.391,	0.735,	0.000,	0.392,	1.195),
(484,	'Mexico',	-0.0255666666700,	-1.114,	-0.582,	0.682,	-0.358,	-0.013,	-0.149,	-0.943,	-1.661),
(496,	'Mongolia',	-0.0085666666670,	0.647,	-0.956,	0.689,	-0.616,	-0.309,	0.031,	-0.545,	1.150),
(498,	'Moldova',	-0.0100833333300,	1.265,	-1.435,	0.816,	-0.243,	-0.387,	-0.621,	-0.458,	0.310),
(499,	'Montenegro',	0.0383666666700,	0.925,	-0.218,	0.894,	0.154,	0.153,	0.394,	-0.104,	0.488),
(504,	'Morocco',	-0.0369166666700,	-0.146,	-0.226,	-0.259,	-0.452,	-0.615,	-0.517,	-0.705,	0.859),
(508,	'Mozambique',	-0.1061500000000,	-0.844,	-0.689,	-1.564,	-1.109,	-0.552,	-1.611,	0.826,	-0.361),
(512,	'Oman',	0.0166666666700,	-0.016,	0.961,	0.916,	0.103,	-0.409,	-0.555,	0.301,	1.299),
(516,	'Namibia',	-0.0499500000000,	-2.578,	0.328,	-0.460,	-0.086,	0.515,	-0.716,	1.309,	0.622),
(524,	'Nepal',	-0.0780833333300,	0.943,	-1.073,	-1.929,	-0.924,	-0.820,	-0.882,	1.972,	-0.483),
(528,	'Netherlands',	0.1647333333000,	1.438,	2.065,	0.500,	2.057,	1.924,	1.900,	-0.285,	0.799),
(554,	'New Zealand',	0.1593833333000,	0.082,	2.677,	0.681,	2.406,	2.183,	1.534,	0.113,	1.037),
(558,	'Nicaragua',	-0.0630666666700,	-0.678,	-0.750,	0.284,	-0.503,	-0.531,	-1.606,	-0.851,	0.700),
(562,	'Niger',	-0.0278500000000,	1.007,	-0.073,	-1.531,	-0.577,	-0.073,	-0.424,	0.179,	0.245),
(566,	'Nigeria',	-0.1299333333000,	-0.490,	-0.798,	-3.369,	-1.133,	-0.690,	-1.316,	2.184,	-1.453),
(578,	'Norway',	0.1860500000000,	1.555,	2.763,	0.259,	2.502,	2.281,	1.803,	-1.003,	1.177),
(586,	'Pakistan',	-0.0782000000000,	1.406,	-1.089,	-2.345,	-1.076,	-0.941,	-0.647,	1.138,	-2.590),
(591,	'Panama',	0.0096333333330,	-1.621,	-0.168,	0.499,	0.505,	1.234,	0.129,	-0.527,	0.558),
(598,	'Papua New Guinea',	-0.0465333333300,	-0.923,	-0.010,	-1.703,	-0.211,	0.181,	-0.126,	0.335,	0.324),
(600,	'Paraguay',	-0.0572000000000,	-1.387,	-1.102,	0.737,	0.093,	-0.060,	-1.713,	-0.783,	-0.546),
(604,	'Peru',	-0.0290166666700,	-0.802,	-0.676,	0.310,	0.097,	0.299,	-0.969,	-0.378,	-1.062),
(608,	'Philippines',	0.0037000000000,	-0.454,	0.144,	-0.580,	0.247,	0.599,	0.266,	1.972,	-1.133),
(616,	'Poland',	0.0785000000000,	0.916,	0.429,	0.608,	1.173,	1.162,	0.422,	-1.304,	0.755),
(620,	'Portugal',	0.0712500000000,	0.262,	-0.423,	0.782,	1.387,	1.080,	1.187,	-1.315,	1.485),
(624,	'Guinea-Bissau',	-0.0652500000000,	-1.485,	0.002,	-0.930,	-0.480,	-0.567,	-0.455,	2.034,	0.586),
(626,	'Timor East',	-0.0277833333300,	1.114,	-0.043,	-2.189,	-0.647,	0.264,	-0.166,	0.040,	0.553),
(634,	'Qatar',	0.0977500000000,	-0.020,	2.350,	0.813,	-0.147,	0.684,	2.185,	1.334,	1.257),
(642,	'Romania',	0.0540166666700,	1.514,	-0.323,	0.618,	0.736,	0.423,	0.273,	-1.105,	0.392),
(643,	'Russia',	-0.0169500000000,	-0.290,	-0.828,	0.621,	0.195,	-1.012,	0.297,	-0.385,	-0.785),
(646,	'Rwanda',	-0.0356666666700,	-1.277,	1.228,	-0.442,	-0.701,	-0.691,	-0.257,	-1.322,	0.858),
(682,	'Saudi Arabia',	0.0231166666700,	0.056,	1.157,	0.839,	-0.513,	-0.643,	0.491,	-0.225,	0.384),
(686,	'Senegal',	-0.0207833333300,	-0.144,	0.031,	-0.125,	-0.707,	0.038,	-0.340,	0.851,	0.178),
(688,	'Serbia',	-0.0007666666667,	0.818,	-1.364,	1.003,	-0.066,	-0.232,	-0.205,	-0.148,	-0.325),
(690,	'Seychelles',	-0.0028333333330,	-0.382,	0.026,	0.595,	-0.149,	0.021,	-0.281,	-1.083,	0.365),
(694,	'Sierra Leone',	-0.1089833333000,	-0.443,	-0.984,	-0.798,	-1.737,	-0.698,	-1.879,	1.101,	-0.124),
(702,	'Singapore',	0.1390500000000,	-0.234,	2.821,	0.975,	0.922,	1.631,	2.228,	0.749,	1.369),
(703,	'Slovakia',	0.0639666666700,	1.433,	-0.590,	0.716,	0.834,	1.264,	0.181,	-0.714,	0.884),
(704,	'Vietnam',	-0.0460333333300,	0.146,	-0.615,	0.253,	-1.170,	-1.172,	-0.204,	0.059,	-1.151),
(705,	'Slovenia',	0.0685000000000,	1.711,	-0.775,	0.838,	1.200,	0.149,	0.987,	-0.776,	1.316),
(710,	'South Africa',	-0.0265166666700,	-2.798,	1.014,	-0.691,	0.260,	1.106,	-0.482,	0.592,	-0.130),
(716,	'Zimbabwe',	-0.1031333333000,	-0.503,	-1.299,	-0.608,	-1.563,	-1.496,	-0.719,	-0.176,	-0.111),
(724,	'Spain',	0.0453666666700,	0.088,	-0.320,	0.252,	1.426,	0.673,	0.603,	0.554,	0.666),
(729,	'Sudan',	-0.0556166666700,	0.454,	0.012,	-1.714,	-1.141,	-0.864,	-0.084,	-0.332,	-2.007),
(740,	'Suriname',	0.0189166666700,	0.053,	-0.043,	0.601,	0.161,	0.428,	-0.065,	1.592,	0.504),
(748,	'Swaziland',	-0.0821000000000,	-1.419,	-0.128,	-0.800,	-0.589,	-0.776,	-1.214,	-0.931,	0.246),
(752,	'Sweden',	0.1744000000000,	1.408,	2.469,	0.564,	2.270,	2.035,	1.718,	0.002,	1.140),
(756,	'Switzerland',	0.1621833333000,	1.097,	1.882,	0.566,	2.153,	1.918,	2.115,	0.360,	1.329),
(760,	'Syria',	-0.0297500000000,	0.554,	-0.048,	0.174,	-1.013,	-1.025,	-0.427,	-0.397,	-1.007),
(762,	'Tajikistan',	-0.0106000000000,	1.040,	0.291,	-0.254,	-0.603,	-1.063,	-0.047,	-0.819,	-0.096),
(764,	'Thailand',	0.0049000000000,	-0.253,	0.033,	0.535,	-0.202,	-0.047,	0.228,	0.140,	-0.798),
(768,	'Togo',	-0.0502166666700,	-0.744,	-0.051,	-0.824,	-0.791,	-0.340,	-0.263,	0.821,	0.259),
(780,	'Trinidad and Tobago',	0.0233833333300,	-0.071,	-0.385,	0.947,	0.245,	0.375,	0.292,	0.617,	-0.224),
(784,	'United Arab Emirates',	0.1171333333000,	-0.070,	2.412,	0.838,	1.528,	0.661,	1.659,	0.676,	1.223),
(788,	'Tunisia',	-0.0022166666670,	0.225,	-0.642,	0.853,	-0.011,	-0.229,	-0.329,	-1.506,	-0.834),
(792,	'Turkey',	0.0060666666670,	-0.153,	-0.148,	0.732,	-0.004,	-0.134,	0.071,	-0.693,	-1.939),
(800,	'Uganda',	-0.0724333333300,	-0.238,	-0.736,	-0.742,	-1.127,	-0.618,	-0.885,	4.186,	-1.166),
(804,	'Ukraine',	0.0052666666670,	1.802,	-1.751,	0.927,	-0.639,	-0.601,	0.578,	-0.170,	-2.941),
(807,	'Macedonia',	0.0145000000000,	-0.552,	0.072,	1.011,	-0.044,	0.044,	0.339,	0.262,	0.506),
(818,	'Egypt',	-0.0514666666700,	1.198,	-0.415,	-0.399,	-0.731,	-1.570,	-1.171,	-0.571,	-1.561),
(826,	'United Kingdom',	0.1457000000000,	0.819,	1.674,	0.163,	2.579,	1.710,	1.797,	-0.625,	0.833),
(834,	'Tanzania',	-0.0703166666700,	0.302,	-0.642,	-1.283,	-1.048,	-0.412,	-1.136,	0.587,	0.117),
(840,	'United States',	0.1251333333000,	-0.538,	1.258,	0.930,	2.198,	1.755,	1.905,	-0.321,	-0.105),
(854,	'Burkina Faso',	-0.0344666666700,	0.010,	-0.200,	-0.425,	-0.812,	-0.236,	-0.405,	1.292,	0.379),
(858,	'Uruguay',	0.0454500000000,	-0.511,	-0.009,	0.791,	1.398,	0.880,	0.178,	-0.744,	0.999),
(860,	'Uzbekistan',	-0.0196333333300,	0.399,	-0.034,	0.569,	-0.853,	-1.206,	-0.053,	-0.250,	-0.345),
(862,	'Venezuela',	-0.0880833333300,	-0.998,	-2.256,	0.634,	-0.487,	-1.314,	-0.864,	-0.870,	-1.866),
(887,	'Yemen',	-0.0747666666700,	0.423,	0.001,	-2.252,	-1.723,	-0.795,	-0.140,	-0.418,	-0.938),
(894,	'Zambia',	-0.0661000000000,	-2.013,	0.052,	-1.244,	-0.691,	0.146,	-0.216,	-0.010,	0.881);

DROP TABLE IF EXISTS `CCI-2015-copy`;
CREATE TABLE `CCI-2015-copy` (
  `IsoN` int(11) NOT NULL,
  `country` varchar(32) NOT NULL,
  `CCI` decimal(16,13) NOT NULL,
  `EQUIVALENCE` decimal(6,3) NOT NULL,
  `TRUST` decimal(6,3) NOT NULL,
  `CARE` decimal(6,3) NOT NULL,
  `TRANSPARENCY` decimal(6,3) NOT NULL,
  `FREEDOM` decimal(6,3) NOT NULL,
  `UNDERSTANDING` decimal(6,3) NOT NULL,
  `DIVERSITY` decimal(6,3) NOT NULL,
  `PEACE` decimal(6,3) NOT NULL,
  PRIMARY KEY (`IsoN`)
) ENGINE=InnoDB DEFAULT CHARSET=latin1;

INSERT INTO `CCI-2015-copy` (`IsoN`, `country`, `CCI`, `EQUIVALENCE`, `TRUST`, `CARE`, `TRANSPARENCY`, `FREEDOM`, `UNDERSTANDING`, `DIVERSITY`, `PEACE`) VALUES
(4,	'Afghanistan',	-0.0996166666700,	0.078,	-0.537,	-2.747,	-1.426,	-0.950,	-0.395,	1.049,	-0.637),
(8,	'Albania',	0.0063000000000,	1.359,	-0.488,	0.562,	-0.097,	-0.759,	-0.199,	-0.247,	0.403),
(12,	'Algeria',	-0.0562500000000,	0.175,	-0.830,	0.559,	-0.904,	-1.339,	-1.036,	-0.860,	-0.370),
(24,	'Angola',	-0.0585166666700,	-0.412,	-0.062,	-1.475,	-0.655,	-0.617,	-0.290,	0.802,	0.320),
(31,	'Azerbaijan',	-0.0093166666670,	1.128,	-0.174,	0.097,	-0.275,	-1.008,	-0.327,	-0.551,	-0.534),
(32,	'Argentina',	-0.0182500000000,	-0.634,	-1.243,	0.890,	0.704,	-0.634,	-0.178,	-0.940,	-0.249),
(36,	'Australia',	0.1417833333000,	0.649,	1.722,	1.110,	1.787,	1.631,	1.608,	-0.568,	0.937),
(40,	'Austria',	0.1104333333000,	1.101,	1.290,	0.203,	1.333,	1.660,	1.039,	-0.856,	1.306),
(48,	'Bahrain',	0.0341833333300,	-0.058,	0.782,	0.744,	-0.030,	0.088,	0.525,	0.368,	-0.049),
(50,	'Bangladesh',	-0.0894000000000,	1.093,	-1.533,	-2.285,	-1.089,	-0.501,	-1.049,	-0.656,	-1.425),
(51,	'Armenia',	0.0112000000000,	1.099,	-0.442,	0.629,	-0.021,	-0.529,	-0.064,	-1.292,	0.709),
(56,	'Belgium',	0.1328666667000,	1.390,	1.020,	0.029,	1.899,	1.778,	1.856,	0.584,	1.088),
(64,	'Bhutan',	-0.0260000000000,	0.142,	0.403,	-0.372,	-0.003,	-0.895,	-0.835,	0.823,	1.246),
(68,	'Bolivia',	-0.0698833333300,	-1.238,	-0.712,	-0.181,	-0.938,	-0.336,	-0.788,	0.552,	-0.255),
(70,	'Bosnia and Herzegovina',	-0.0159333333300,	0.661,	-1.126,	0.626,	0.053,	-0.731,	-0.439,	0.579,	-0.099),
(72,	'Botswana',	-0.0431666666700,	-2.677,	0.606,	-0.248,	-0.033,	0.397,	-0.635,	0.059,	0.707),
(76,	'Brazil',	-0.0261833333300,	-1.799,	-0.549,	0.809,	0.285,	0.353,	-0.670,	-0.880,	-0.525),
(100,	'Bulgaria',	0.0076833333330,	0.147,	-0.876,	0.699,	0.410,	0.180,	-0.099,	-0.656,	0.000),
(104,	'Burma Myanmar',	-0.1293333333000,	-0.025,	-1.395,	-1.013,	-1.227,	-2.292,	-1.808,	0.609,	-2.550),
(108,	'Burundi',	-0.1023666667000,	0.656,	-1.417,	-0.988,	-0.758,	-1.854,	-1.781,	-1.291,	-0.454),
(112,	'Belarus',	0.0279000000000,	1.704,	-0.059,	1.016,	-0.213,	-0.957,	0.183,	-0.098,	0.002),
(116,	'Cambodia',	-0.0822000000000,	0.968,	-1.176,	-0.715,	-1.990,	-0.814,	-1.205,	-1.188,	-0.171),
(120,	'Cameroon',	-0.0909166666700,	-0.371,	-0.799,	-0.879,	-1.635,	-1.131,	-0.640,	2.511,	-0.163),
(124,	'Canada',	0.1501333333000,	0.661,	2.022,	0.766,	2.041,	1.796,	1.722,	1.016,	0.948),
(132,	'Cape Verde',	-0.0109000000000,	-0.927,	-0.342,	0.116,	0.275,	0.477,	-0.253,	-0.358,	0.399),
(140,	'Central African Republic',	-0.0992833333300,	-2.344,	-0.110,	-1.708,	-0.260,	-0.947,	-0.588,	1.795,	-2.421),
(144,	'Sri Lanka',	0.0075166666670,	-0.241,	0.455,	0.736,	-0.758,	-0.238,	0.497,	-0.080,	0.134),
(148,	'Chad',	-0.1677333333000,	-0.564,	-1.418,	-2.313,	-1.161,	-2.261,	-2.347,	2.781,	-0.896),
(152,	'Chile',	0.0552000000000,	-1.477,	0.781,	1.184,	1.134,	1.081,	0.609,	-1.224,	0.525),
(156,	'China',	-0.0228000000000,	-0.609,	0.233,	0.433,	-1.153,	-0.789,	0.517,	0.136,	-1.063),
(158,	'Taiwan',	0.0636333333300,	0.379,	0.578,	-0.209,	0.048,	1.631,	1.391,	0.238,	0.484),
(170,	'Colombia',	-0.0331833333300,	-1.823,	-0.406,	0.754,	0.003,	-0.296,	-0.223,	-0.875,	-2.417),
(174,	'Comoros',	-0.0494833333300,	-2.094,	0.022,	-0.045,	-0.259,	-0.325,	-0.268,	-0.464,	0.649),
(178,	'Republic of the Congo',	-0.0302833333300,	-0.118,	-0.036,	-0.173,	-0.455,	-0.636,	-0.399,	0.819,	0.304),
(180,	'Democratic Republic of the Congo',	-0.0587333333300,	-0.361,	0.090,	-1.409,	-0.771,	-0.754,	-0.319,	0.698,	-1.621),
(188,	'Costa Rica',	0.0410833333300,	-1.272,	0.242,	0.998,	0.863,	0.730,	0.904,	-1.227,	0.844),
(191,	'Croatia',	0.0325000000000,	0.704,	-0.774,	0.825,	0.778,	0.227,	0.190,	-0.910,	0.836),
(192,	'Cuba',	-0.0096500000000,	-0.061,	-0.119,	1.026,	-0.677,	-0.856,	0.108,	-0.529,	-0.147),
(196,	'Cyprus',	0.0552000000000,	0.669,	-0.473,	0.759,	0.521,	0.712,	1.124,	-0.493,	0.939),
(203,	'Czech Republic',	0.1261500000000,	1.660,	1.119,	1.094,	1.359,	1.661,	0.676,	-0.863,	1.140),
(204,	'Benin',	-0.0540166666700,	-0.118,	-0.651,	-0.410,	-0.328,	-0.550,	-1.184,	0.835,	0.394),
(208,	'Denmark',	0.1437833333000,	1.162,	2.127,	0.054,	2.151,	1.709,	1.424,	-0.998,	0.859),
(214,	'Dominican Republic',	-0.0246000000000,	-0.902,	-0.572,	0.910,	-0.121,	0.101,	-0.892,	-1.014,	-0.409),
(218,	'Ecuador',	-0.0378000000000,	-1.095,	-0.296,	0.012,	-0.111,	-0.636,	-0.142,	-0.804,	-0.073),
(222,	'El Salvador',	-0.0177000000000,	-0.687,	-0.365,	0.513,	0.103,	-0.004,	-0.622,	-1.255,	-1.931),
(226,	'Equatorial Guinea',	-0.0465833333300,	0.108,	0.063,	-0.290,	-1.274,	-1.065,	-0.337,	-0.613,	0.405),
(231,	'Ethiopia',	-0.1023500000000,	0.735,	-0.517,	-2.891,	-1.040,	-1.578,	-0.850,	1.549,	-1.382),
(232,	'Eritrea',	-0.0657666666700,	0.014,	-0.106,	-1.325,	-1.193,	-1.100,	-0.236,	0.536,	-0.703),
(233,	'Estonia',	0.1145000000000,	0.569,	1.359,	0.602,	1.659,	1.418,	1.263,	0.118,	1.317),
(242,	'Fiji',	0.0006666666667,	-0.393,	0.063,	0.936,	-0.397,	-0.122,	-0.047,	0.446,	0.479),
(246,	'Finland',	0.1960000000000,	1.566,	2.838,	0.782,	1.952,	1.989,	2.633,	-0.929,	1.763),
(250,	'France',	0.1148000000000,	0.842,	0.686,	0.709,	1.940,	1.532,	1.179,	-0.486,	0.090),
(262,	'Djibouti',	-0.0603833333300,	-0.793,	-0.062,	-0.853,	-1.056,	-0.572,	-0.287,	-0.187,	0.135),
(266,	'Gabon',	-0.0630666666700,	-0.356,	-0.469,	-0.061,	-0.386,	-1.030,	-1.482,	0.497,	0.305),
(268,	'Georgia',	0.0167500000000,	-0.399,	-0.049,	0.741,	1.118,	0.109,	-0.515,	-0.092,	0.706),
(270,	'Gambia',	-0.0541000000000,	-1.102,	0.404,	-0.292,	-0.752,	-0.815,	-0.689,	0.915,	0.330),
(275,	'Palestine',	0.0295000000000,	0.679,	0.040,	0.954,	0.071,	-0.249,	0.275,	-1.049,	-0.649),
(276,	'Germany',	0.1524833333000,	1.273,	1.751,	1.160,	1.724,	1.767,	1.474,	-0.259,	0.545),
(288,	'Ghana',	-0.0185500000000,	-0.487,	0.101,	-0.099,	-0.570,	0.365,	-0.423,	1.353,	-0.008),
(300,	'Greece',	-0.0025000000000,	0.114,	-1.264,	0.365,	0.269,	0.120,	0.246,	-1.072,	0.644),
(320,	'Guatemala',	-0.0715166666700,	-1.779,	-0.495,	-0.871,	-0.723,	0.313,	-0.736,	0.424,	-1.771),
(324,	'Guinea',	-0.1031666667000,	0.465,	-1.581,	-1.096,	-0.339,	-1.234,	-2.405,	0.723,	-0.428),
(328,	'Guyana',	0.0065666666670,	-0.303,	-0.206,	0.481,	0.133,	0.243,	0.046,	-0.452,	0.056),
(332,	'Haiti',	-0.1399500000000,	-2.646,	-1.244,	-0.741,	-0.311,	-1.575,	-1.880,	-1.270,	-0.494),
(340,	'Honduras',	-0.0588666666700,	-2.016,	-0.563,	0.280,	-0.669,	-0.240,	-0.324,	-1.134,	-2.125),
(344,	'Hong Kong',	0.1022333333000,	-0.646,	2.219,	0.299,	1.190,	1.750,	1.322,	-0.754,	1.124),
(348,	'Hungary',	0.0431166666700,	1.201,	-0.695,	0.787,	0.583,	0.228,	0.483,	-1.098,	0.823),
(352,	'Iceland',	0.0919500000000,	1.452,	0.858,	0.164,	0.905,	0.528,	1.610,	-1.405,	1.621),
(356,	'India',	-0.0453833333300,	0.702,	0.078,	-3.128,	-0.966,	0.497,	0.094,	0.667,	-2.123),
(360,	'Indonesia',	0.0104333333300,	0.607,	0.228,	-0.806,	-0.707,	0.441,	0.863,	0.825,	-0.358),
(364,	'Iran',	-0.0645666666700,	0.024,	-0.991,	0.843,	-1.228,	-2.213,	-0.309,	0.632,	-1.144),
(368,	'Iraq',	-0.0090166666670,	1.300,	-0.055,	-0.122,	-1.200,	-0.398,	-0.066,	-0.059,	-1.688),
(372,	'Ireland',	0.1041166667000,	0.751,	0.643,	0.766,	0.801,	1.578,	1.708,	-1.073,	1.383),
(376,	'Israel',	0.0473666666700,	-0.513,	0.433,	0.267,	0.689,	0.495,	1.471,	0.204,	-0.917),
(380,	'Italy',	0.0377166666700,	0.322,	-1.151,	0.690,	1.320,	0.567,	0.515,	-0.300,	-0.223),
(384,	'Ivory Coast',	-0.0469666666700,	-0.476,	0.108,	-0.677,	-0.650,	-0.658,	-0.465,	1.721,	-0.756),
(388,	'Jamaica',	0.0166333333300,	-0.731,	-0.386,	0.994,	0.683,	0.498,	-0.060,	-1.008,	-0.707),
(392,	'Japan',	0.1314166667000,	0.476,	1.761,	0.803,	1.651,	1.627,	1.567,	-0.882,	0.877),
(398,	'Kazakhstan',	0.0234333333300,	1.682,	-0.071,	0.740,	-0.370,	-0.637,	0.062,	0.671,	0.164),
(400,	'Jordan',	0.0407833333300,	0.566,	0.686,	0.979,	-0.080,	-0.260,	0.556,	-0.594,	0.083),
(404,	'Kenya',	-0.0548166666700,	-0.930,	-0.042,	-0.925,	-1.351,	-0.146,	0.105,	2.815,	-1.825),
(410,	'South Korea',	0.0788666666700,	0.679,	0.285,	0.753,	1.713,	0.155,	1.147,	-0.814,	0.261),
(414,	'Kuwait',	0.0038666666670,	-0.132,	0.237,	1.040,	0.392,	-0.906,	-0.399,	0.580,	0.589),
(417,	'Kyrgyzstan',	-0.0294166666700,	1.313,	-1.245,	0.627,	-0.825,	-0.733,	-0.902,	0.107,	-0.186),
(418,	'Lao PDR',	-0.0669833333300,	0.312,	0.372,	-2.038,	-0.852,	-0.910,	-0.903,	0.488,	-0.138),
(422,	'Lebanon',	-0.0064500000000,	0.177,	-0.948,	0.660,	-0.471,	-0.269,	0.464,	-0.696,	-0.767),
(426,	'Lesotho',	-0.0964500000000,	-2.243,	-0.743,	-1.428,	-0.298,	-0.393,	-0.682,	-1.026,	0.776),
(428,	'Latvia',	0.0436000000000,	0.278,	-0.146,	0.389,	0.660,	0.906,	0.529,	0.695,	1.217),
(430,	'Liberia',	-0.0748500000000,	0.203,	-0.417,	-0.629,	-1.829,	-0.362,	-1.457,	0.382,	-0.081),
(440,	'Lithuania',	0.0507500000000,	0.311,	-0.222,	0.730,	0.354,	0.667,	1.205,	-0.527,	0.544),
(442,	'Luxembourg',	0.1226833333000,	0.706,	1.692,	0.621,	0.929,	2.282,	1.131,	0.876,	1.410),
(450,	'Madagascar',	-0.0877666666700,	-0.449,	-1.113,	-1.573,	-0.038,	-1.047,	-1.046,	2.070,	0.065),
(454,	'Malawi',	-0.0705166666700,	-0.518,	-0.568,	-0.715,	-0.539,	-0.347,	-1.544,	1.581,	0.670),
(458,	'Malaysia',	0.0832666666700,	-0.821,	1.795,	0.558,	0.371,	1.226,	1.867,	1.042,	0.518),
(466,	'Mali',	-0.0407000000000,	0.598,	-0.432,	-1.146,	0.171,	-0.572,	-1.061,	0.961,	-2.075),
(470,	'Malta',	0.0668166666700,	0.567,	0.460,	0.720,	0.186,	1.268,	0.808,	-1.265,	1.184),
(478,	'Mauritania',	-0.1004166667000,	0.161,	-1.647,	-0.365,	-0.205,	-1.685,	-2.284,	-0.535,	-0.381),
(480,	'Mauritius',	0.0376166666700,	0.437,	0.740,	0.736,	-0.391,	0.735,	0.000,	0.392,	1.195),
(484,	'Mexico',	-0.0255666666700,	-1.114,	-0.582,	0.682,	-0.358,	-0.013,	-0.149,	-0.943,	-1.661),
(496,	'Mongolia',	-0.0085666666670,	0.647,	-0.956,	0.689,	-0.616,	-0.309,	0.031,	-0.545,	1.150),
(498,	'Moldova',	-0.0100833333300,	1.265,	-1.435,	0.816,	-0.243,	-0.387,	-0.621,	-0.458,	0.310),
(499,	'Montenegro',	0.0383666666700,	0.925,	-0.218,	0.894,	0.154,	0.153,	0.394,	-0.104,	0.488),
(504,	'Morocco',	-0.0369166666700,	-0.146,	-0.226,	-0.259,	-0.452,	-0.615,	-0.517,	-0.705,	0.859),
(508,	'Mozambique',	-0.1061500000000,	-0.844,	-0.689,	-1.564,	-1.109,	-0.552,	-1.611,	0.826,	-0.361),
(512,	'Oman',	0.0166666666700,	-0.016,	0.961,	0.916,	0.103,	-0.409,	-0.555,	0.301,	1.299),
(516,	'Namibia',	-0.0499500000000,	-2.578,	0.328,	-0.460,	-0.086,	0.515,	-0.716,	1.309,	0.622),
(524,	'Nepal',	-0.0780833333300,	0.943,	-1.073,	-1.929,	-0.924,	-0.820,	-0.882,	1.972,	-0.483),
(528,	'Netherlands',	0.1647333333000,	1.438,	2.065,	0.500,	2.057,	1.924,	1.900,	-0.285,	0.799),
(554,	'New Zealand',	0.1593833333000,	0.082,	2.677,	0.681,	2.406,	2.183,	1.534,	0.113,	1.037),
(558,	'Nicaragua',	-0.0630666666700,	-0.678,	-0.750,	0.284,	-0.503,	-0.531,	-1.606,	-0.851,	0.700),
(562,	'Niger',	-0.0278500000000,	1.007,	-0.073,	-1.531,	-0.577,	-0.073,	-0.424,	0.179,	0.245),
(566,	'Nigeria',	-0.1299333333000,	-0.490,	-0.798,	-3.369,	-1.133,	-0.690,	-1.316,	2.184,	-1.453),
(578,	'Norway',	0.1860500000000,	1.555,	2.763,	0.259,	2.502,	2.281,	1.803,	-1.003,	1.177),
(586,	'Pakistan',	-0.0782000000000,	1.406,	-1.089,	-2.345,	-1.076,	-0.941,	-0.647,	1.138,	-2.590),
(591,	'Panama',	0.0096333333330,	-1.621,	-0.168,	0.499,	0.505,	1.234,	0.129,	-0.527,	0.558),
(598,	'Papua New Guinea',	-0.0465333333300,	-0.923,	-0.010,	-1.703,	-0.211,	0.181,	-0.126,	0.335,	0.324),
(600,	'Paraguay',	-0.0572000000000,	-1.387,	-1.102,	0.737,	0.093,	-0.060,	-1.713,	-0.783,	-0.546),
(604,	'Peru',	-0.0290166666700,	-0.802,	-0.676,	0.310,	0.097,	0.299,	-0.969,	-0.378,	-1.062),
(608,	'Philippines',	0.0037000000000,	-0.454,	0.144,	-0.580,	0.247,	0.599,	0.266,	1.972,	-1.133),
(616,	'Poland',	0.0785000000000,	0.916,	0.429,	0.608,	1.173,	1.162,	0.422,	-1.304,	0.755),
(620,	'Portugal',	0.0712500000000,	0.262,	-0.423,	0.782,	1.387,	1.080,	1.187,	-1.315,	1.485),
(624,	'Guinea-Bissau',	-0.0652500000000,	-1.485,	0.002,	-0.930,	-0.480,	-0.567,	-0.455,	2.034,	0.586),
(626,	'Timor East',	-0.0277833333300,	1.114,	-0.043,	-2.189,	-0.647,	0.264,	-0.166,	0.040,	0.553),
(634,	'Qatar',	0.0977500000000,	-0.020,	2.350,	0.813,	-0.147,	0.684,	2.185,	1.334,	1.257),
(642,	'Romania',	0.0540166666700,	1.514,	-0.323,	0.618,	0.736,	0.423,	0.273,	-1.105,	0.392),
(643,	'Russia',	-0.0169500000000,	-0.290,	-0.828,	0.621,	0.195,	-1.012,	0.297,	-0.385,	-0.785),
(646,	'Rwanda',	-0.0356666666700,	-1.277,	1.228,	-0.442,	-0.701,	-0.691,	-0.257,	-1.322,	0.858),
(682,	'Saudi Arabia',	0.0231166666700,	0.056,	1.157,	0.839,	-0.513,	-0.643,	0.491,	-0.225,	0.384),
(686,	'Senegal',	-0.0207833333300,	-0.144,	0.031,	-0.125,	-0.707,	0.038,	-0.340,	0.851,	0.178),
(688,	'Serbia',	-0.0007666666667,	0.818,	-1.364,	1.003,	-0.066,	-0.232,	-0.205,	-0.148,	-0.325),
(690,	'Seychelles',	-0.0028333333330,	-0.382,	0.026,	0.595,	-0.149,	0.021,	-0.281,	-1.083,	0.365),
(694,	'Sierra Leone',	-0.1089833333000,	-0.443,	-0.984,	-0.798,	-1.737,	-0.698,	-1.879,	1.101,	-0.124),
(702,	'Singapore',	0.1390500000000,	-0.234,	2.821,	0.975,	0.922,	1.631,	2.228,	0.749,	1.369),
(703,	'Slovakia',	0.0639666666700,	1.433,	-0.590,	0.716,	0.834,	1.264,	0.181,	-0.714,	0.884),
(704,	'Vietnam',	-0.0460333333300,	0.146,	-0.615,	0.253,	-1.170,	-1.172,	-0.204,	0.059,	-1.151),
(705,	'Slovenia',	0.0685000000000,	1.711,	-0.775,	0.838,	1.200,	0.149,	0.987,	-0.776,	1.316),
(710,	'South Africa',	-0.0265166666700,	-2.798,	1.014,	-0.691,	0.260,	1.106,	-0.482,	0.592,	-0.130),
(716,	'Zimbabwe',	-0.1031333333000,	-0.503,	-1.299,	-0.608,	-1.563,	-1.496,	-0.719,	-0.176,	-0.111),
(724,	'Spain',	0.0453666666700,	0.088,	-0.320,	0.252,	1.426,	0.673,	0.603,	0.554,	0.666),
(729,	'Sudan',	-0.0556166666700,	0.454,	0.012,	-1.714,	-1.141,	-0.864,	-0.084,	-0.332,	-2.007),
(740,	'Suriname',	0.0189166666700,	0.053,	-0.043,	0.601,	0.161,	0.428,	-0.065,	1.592,	0.504),
(748,	'Swaziland',	-0.0821000000000,	-1.419,	-0.128,	-0.800,	-0.589,	-0.776,	-1.214,	-0.931,	0.246),
(752,	'Sweden',	0.1744000000000,	1.408,	2.469,	0.564,	2.270,	2.035,	1.718,	0.002,	1.140),
(756,	'Switzerland',	0.1621833333000,	1.097,	1.882,	0.566,	2.153,	1.918,	2.115,	0.360,	1.329),
(760,	'Syria',	-0.0297500000000,	0.554,	-0.048,	0.174,	-1.013,	-1.025,	-0.427,	-0.397,	-1.007),
(762,	'Tajikistan',	-0.0106000000000,	1.040,	0.291,	-0.254,	-0.603,	-1.063,	-0.047,	-0.819,	-0.096),
(764,	'Thailand',	0.0049000000000,	-0.253,	0.033,	0.535,	-0.202,	-0.047,	0.228,	0.140,	-0.798),
(768,	'Togo',	-0.0502166666700,	-0.744,	-0.051,	-0.824,	-0.791,	-0.340,	-0.263,	0.821,	0.259),
(780,	'Trinidad and Tobago',	0.0233833333300,	-0.071,	-0.385,	0.947,	0.245,	0.375,	0.292,	0.617,	-0.224),
(784,	'United Arab Emirates',	0.1171333333000,	-0.070,	2.412,	0.838,	1.528,	0.661,	1.659,	0.676,	1.223),
(788,	'Tunisia',	-0.0022166666670,	0.225,	-0.642,	0.853,	-0.011,	-0.229,	-0.329,	-1.506,	-0.834),
(792,	'Turkey',	0.0060666666670,	-0.153,	-0.148,	0.732,	-0.004,	-0.134,	0.071,	-0.693,	-1.939),
(800,	'Uganda',	-0.0724333333300,	-0.238,	-0.736,	-0.742,	-1.127,	-0.618,	-0.885,	4.186,	-1.166),
(804,	'Ukraine',	0.0052666666670,	1.802,	-1.751,	0.927,	-0.639,	-0.601,	0.578,	-0.170,	-2.941),
(807,	'Macedonia',	0.0145000000000,	-0.552,	0.072,	1.011,	-0.044,	0.044,	0.339,	0.262,	0.506),
(818,	'Egypt',	-0.0514666666700,	1.198,	-0.415,	-0.399,	-0.731,	-1.570,	-1.171,	-0.571,	-1.561),
(826,	'United Kingdom',	0.1457000000000,	0.819,	1.674,	0.163,	2.579,	1.710,	1.797,	-0.625,	0.833),
(834,	'Tanzania',	-0.0703166666700,	0.302,	-0.642,	-1.283,	-1.048,	-0.412,	-1.136,	0.587,	0.117),
(840,	'United States',	0.1251333333000,	-0.538,	1.258,	0.930,	2.198,	1.755,	1.905,	-0.321,	-0.105),
(854,	'Burkina Faso',	-0.0344666666700,	0.010,	-0.200,	-0.425,	-0.812,	-0.236,	-0.405,	1.292,	0.379),
(858,	'Uruguay',	0.0454500000000,	-0.511,	-0.009,	0.791,	1.398,	0.880,	0.178,	-0.744,	0.999),
(860,	'Uzbekistan',	-0.0196333333300,	0.399,	-0.034,	0.569,	-0.853,	-1.206,	-0.053,	-0.250,	-0.345),
(862,	'Venezuela',	-0.0880833333300,	-0.998,	-2.256,	0.634,	-0.487,	-1.314,	-0.864,	-0.870,	-1.866),
(887,	'Yemen',	-0.0747666666700,	0.423,	0.001,	-2.252,	-1.723,	-0.795,	-0.140,	-0.418,	-0.938),
(894,	'Zambia',	-0.0661000000000,	-2.013,	0.052,	-1.244,	-0.691,	0.146,	-0.216,	-0.010,	0.881);

DROP TABLE IF EXISTS `CCI-2015-OLD`;
CREATE TABLE `CCI-2015-OLD` (
  `IsoN` int(11) NOT NULL,
  `country` varchar(64) NOT NULL,
  `CCI` decimal(6,3) NOT NULL,
  `EQUIVALENCE` decimal(6,3) NOT NULL,
  `TRUST` decimal(6,3) NOT NULL,
  `CARE` decimal(6,3) NOT NULL,
  `TRANSPARENCY` decimal(6,3) NOT NULL,
  `FREEDOM` decimal(6,3) NOT NULL,
  `UNDERSTANDING` decimal(6,3) NOT NULL,
  `DIVERSITY` decimal(6,3) NOT NULL,
  PRIMARY KEY (`IsoN`)
) ENGINE=InnoDB DEFAULT CHARSET=latin1;

INSERT INTO `CCI-2015-OLD` (`IsoN`, `country`, `CCI`, `EQUIVALENCE`, `TRUST`, `CARE`, `TRANSPARENCY`, `FREEDOM`, `UNDERSTANDING`, `DIVERSITY`) VALUES
(4,	'Afghanistan',	-1.440,	-2.063,	-0.728,	-2.674,	-0.648,	-0.968,	-0.158,	1.014),
(8,	'Albania',	-0.107,	0.586,	-0.269,	0.323,	-0.626,	-0.537,	-0.056,	-0.211),
(10,	'Antarctica',	0.012,	0.000,	0.000,	0.000,	0.000,	0.060,	0.000,	0.000),
(12,	'Algeria',	-0.778,	0.172,	-1.268,	-0.062,	-0.808,	-1.327,	-0.994,	-0.863),
(31,	'Azerbaijan',	-0.269,	0.657,	-0.843,	0.145,	-0.018,	-1.142,	-0.277,	-0.544),
(32,	'Argentina',	-0.087,	0.375,	-0.398,	0.381,	-0.139,	-0.662,	-0.289,	-0.929),
(36,	'Australia',	1.524,	0.355,	1.532,	1.531,	1.619,	1.213,	1.451,	-0.537),
(40,	'Austria',	1.074,	0.252,	0.483,	0.984,	1.167,	1.197,	1.151,	-0.835),
(48,	'Bahrain',	0.454,	0.743,	0.440,	0.589,	0.293,	-0.067,	0.637,	0.572),
(50,	'Bangladesh',	-1.204,	-0.536,	-1.614,	-1.647,	-0.804,	-0.751,	-1.110,	-0.530),
(51,	'Armenia',	0.036,	0.641,	-0.392,	0.548,	-0.208,	-0.500,	-0.309,	-1.296),
(56,	'Belgium',	1.286,	0.494,	0.791,	0.883,	1.508,	1.381,	1.851,	0.656),
(60,	'Bermuda',	0.088,	0.079,	0.000,	0.221,	-0.045,	0.060,	-0.024,	-0.449),
(64,	'Bhutan',	-0.392,	-0.351,	0.083,	-0.529,	0.267,	-0.426,	-0.735,	0.854),
(68,	'Bolivia',	-0.789,	-0.492,	-0.316,	-0.660,	-1.480,	-0.342,	-0.673,	0.535),
(70,	'Bosnia and Herzegovina',	-0.409,	0.361,	-0.960,	0.665,	-0.442,	-0.773,	-0.662,	0.619),
(72,	'Botswana',	0.099,	0.023,	0.576,	-0.242,	0.200,	0.533,	-0.553,	0.089),
(76,	'Brazil',	0.490,	0.456,	1.154,	0.529,	0.161,	0.605,	-0.676,	-0.890),
(100,	'Bulgaria',	0.219,	0.941,	-0.335,	0.493,	-0.139,	0.312,	-0.317,	-0.640),
(104,	'Burma Myanmar',	-2.177,	-1.760,	-1.880,	-1.065,	-2.368,	-2.293,	-1.771,	0.613),
(108,	'Burundi',	-1.576,	-0.941,	-2.038,	-1.769,	-0.349,	-1.827,	-1.685,	-1.259),
(116,	'Cambodia',	-1.318,	-1.249,	-1.016,	-0.952,	-2.098,	-1.043,	-1.041,	-1.194),
(120,	'Cameroon',	-1.441,	-1.004,	-1.009,	-1.400,	-1.362,	-1.288,	-0.523,	2.500),
(124,	'Canada',	1.538,	0.533,	1.682,	1.300,	1.780,	1.531,	1.542,	1.022),
(132,	'Cape Verde',	-0.128,	-0.223,	-0.471,	0.138,	-0.049,	0.152,	-0.362,	-0.348),
(144,	'Sri Lanka',	0.062,	0.153,	0.182,	0.324,	-0.347,	-0.290,	0.300,	-0.026),
(148,	'Chad',	-2.565,	-2.179,	-2.268,	-2.047,	-1.297,	-2.345,	-2.179,	2.761),
(152,	'Chile',	1.321,	0.910,	1.397,	1.229,	1.103,	1.462,	0.321,	-1.224),
(156,	'China',	-0.185,	0.015,	0.033,	0.170,	-0.689,	-0.956,	0.558,	0.205),
(158,	'Taiwan',	1.500,	2.922,	1.677,	0.168,	0.161,	1.905,	1.184,	0.327),
(170,	'Colombia',	0.189,	-0.093,	0.659,	0.563,	-0.132,	-0.060,	-0.298,	-0.896),
(188,	'Costa Rica',	1.193,	1.005,	1.283,	1.215,	0.666,	0.836,	0.773,	-1.223),
(191,	'Croatia',	0.498,	1.458,	0.171,	0.612,	-0.037,	0.308,	-0.166,	-0.910),
(196,	'Cyprus',	0.304,	0.475,	-1.019,	0.573,	-0.025,	0.558,	0.837,	-0.462),
(203,	'Czech Republic',	1.506,	2.272,	1.197,	1.264,	0.846,	1.531,	0.514,	-0.838),
(204,	'Benin',	-1.034,	-0.992,	-0.918,	-1.082,	-0.355,	-0.467,	-1.251,	0.913),
(208,	'Denmark',	1.559,	0.494,	1.612,	1.077,	1.863,	1.228,	1.461,	-0.977),
(214,	'Dominican Republic',	-0.229,	-0.452,	-0.047,	0.377,	-0.595,	0.041,	-0.932,	-1.001),
(218,	'Ecuador',	-0.214,	-0.037,	0.102,	-0.136,	-0.482,	-0.714,	-0.132,	-0.813),
(222,	'El Salvador',	0.130,	0.091,	0.458,	0.536,	-0.397,	0.142,	-0.624,	-1.230),
(226,	'Equatorial Guinea',	-0.520,	-0.411,	0.000,	-0.915,	-0.919,	-0.557,	-0.168,	-0.609),
(231,	'Ethiopia',	-1.493,	-1.044,	-0.753,	-2.144,	-0.805,	-1.716,	-0.703,	1.572),
(232,	'Eritrea',	-1.270,	-2.086,	-0.799,	-1.937,	0.028,	-1.459,	-0.216,	0.568),
(233,	'Estonia',	1.633,	1.877,	1.753,	0.830,	1.283,	1.821,	1.045,	0.150),
(246,	'Finland',	1.913,	0.349,	2.016,	1.117,	1.864,	1.650,	2.536,	-0.916),
(250,	'France',	1.232,	0.516,	0.376,	1.039,	2.104,	1.154,	1.081,	-0.445),
(266,	'Gabon',	-0.696,	-0.131,	-0.631,	-0.193,	-0.263,	-0.801,	-1.334,	0.539),
(268,	'Georgia',	0.201,	0.048,	-0.029,	0.624,	0.917,	0.175,	-0.669,	-0.075),
(270,	'Gambia',	-0.551,	-0.566,	0.007,	-0.869,	0.000,	-0.456,	-0.643,	0.909),
(276,	'Germany',	1.597,	0.439,	0.947,	1.785,	2.023,	1.475,	1.547,	-0.205),
(288,	'Ghana',	-0.363,	-0.485,	-0.097,	-0.644,	-0.186,	0.433,	-0.452,	1.373),
(300,	'Greece',	-0.080,	0.262,	-1.150,	0.299,	-0.060,	-0.203,	0.071,	-1.059),
(320,	'Guatemala',	-0.426,	-0.770,	0.521,	-0.583,	-0.838,	0.085,	-0.563,	0.414),
(324,	'Guinea',	-1.624,	-1.027,	-1.551,	-1.546,	-0.572,	-1.359,	-2.080,	0.734),
(328,	'Guyana',	-0.010,	0.187,	-0.111,	-0.063,	-0.340,	0.044,	0.061,	-0.440),
(332,	'Haiti',	-1.645,	-2.138,	-1.629,	-1.289,	-0.433,	-1.775,	-1.793,	-1.232),
(340,	'Honduras',	-0.180,	-0.798,	0.236,	-0.064,	-0.712,	-0.017,	-0.098,	-1.128),
(344,	'Hong Kong',	1.158,	0.230,	1.200,	0.780,	1.087,	1.544,	1.249,	0.338),
(348,	'Hungary',	0.299,	1.501,	-0.627,	0.352,	-0.380,	0.299,	0.088,	-1.080),
(352,	'Iceland',	0.920,	0.556,	0.437,	0.713,	0.448,	0.505,	1.582,	-1.417),
(356,	'India',	-0.401,	-0.402,	-0.029,	-2.405,	0.387,	0.590,	-0.002,	0.743),
(360,	'Indonesia',	0.156,	-0.046,	0.309,	-0.547,	0.230,	0.428,	0.714,	0.841),
(364,	'Iran',	-1.106,	-0.541,	-1.880,	0.620,	-0.909,	-2.240,	-0.498,	0.604),
(372,	'Ireland',	0.985,	0.500,	0.011,	0.787,	0.655,	1.186,	1.534,	-1.077),
(376,	'Israel',	0.581,	0.264,	0.792,	0.457,	0.139,	0.241,	1.212,	0.274),
(380,	'Italy',	0.313,	0.195,	-0.723,	0.848,	0.940,	0.177,	0.134,	-0.261),
(384,	'Ivory Coast',	-1.079,	-1.767,	-0.603,	-1.039,	-0.666,	-0.637,	-0.350,	1.764),
(388,	'Jamaica',	0.115,	0.122,	-0.061,	0.190,	-0.391,	0.539,	-0.204,	-0.973),
(392,	'Japan',	1.529,	0.625,	1.004,	1.400,	1.522,	1.416,	1.659,	-0.817),
(398,	'Kazakhstan',	-0.056,	0.947,	-0.262,	0.551,	-0.519,	-0.787,	0.138,	0.681),
(400,	'Jordan',	0.368,	0.250,	0.555,	0.917,	-0.127,	-0.374,	0.497,	-0.585),
(404,	'Kenya',	-0.683,	-1.408,	-0.038,	-0.780,	-0.506,	-0.031,	0.128,	2.763),
(410,	'South Korea',	1.135,	1.427,	0.281,	1.432,	1.203,	0.464,	0.935,	-0.724),
(414,	'Kuwait',	-0.079,	0.749,	0.288,	0.379,	-0.028,	-0.972,	-0.466,	0.617),
(417,	'Kyrgyzstan',	-0.565,	0.439,	-1.189,	0.331,	-0.734,	-0.833,	-0.830,	0.102),
(418,	'Lao PDR',	-0.971,	-0.886,	-0.438,	-1.768,	-0.103,	-1.063,	-0.591,	0.527),
(422,	'Lebanon',	-0.330,	0.221,	-0.408,	0.308,	-1.635,	-0.486,	0.032,	-0.616),
(426,	'Lesotho',	-0.960,	-1.561,	-1.864,	-0.916,	-0.071,	-0.497,	-0.552,	-1.025),
(428,	'Latvia',	0.686,	1.315,	0.712,	0.393,	-0.085,	1.107,	0.425,	0.724),
(430,	'Liberia',	-0.935,	-1.485,	-0.624,	-0.673,	-0.574,	-0.277,	-1.165,	0.416),
(440,	'Lithuania',	0.884,	1.488,	0.549,	0.611,	-0.155,	0.939,	1.002,	-0.521),
(442,	'Luxembourg',	1.185,	0.428,	1.365,	0.706,	0.709,	1.888,	1.322,	0.901),
(450,	'Madagascar',	-1.587,	-1.754,	-0.929,	-1.669,	-0.920,	-1.313,	-0.974,	2.028),
(454,	'Malawi',	-0.891,	-1.191,	-0.316,	-0.719,	-0.385,	-0.239,	-1.252,	1.565),
(458,	'Malaysia',	0.976,	0.834,	1.539,	0.343,	-0.110,	1.006,	1.826,	1.083),
(466,	'Mali',	-1.253,	-1.454,	-0.992,	-1.439,	-0.283,	-0.841,	-1.193,	0.951),
(470,	'Malta',	0.763,	0.405,	0.614,	0.867,	0.024,	0.934,	0.649,	-1.151),
(478,	'Mauritania',	-1.779,	-1.229,	-2.261,	-1.270,	-0.568,	-1.826,	-2.262,	-0.567),
(480,	'Mauritius',	0.553,	0.979,	0.904,	0.157,	-0.033,	1.041,	0.030,	0.495),
(484,	'Mexico',	0.224,	0.112,	0.310,	0.498,	0.091,	-0.049,	-0.142,	-0.956),
(496,	'Mongolia',	-0.312,	0.003,	-0.895,	0.152,	-0.831,	-0.263,	0.006,	-0.506),
(498,	'Moldova',	-0.386,	0.319,	-1.096,	0.478,	-0.646,	-0.466,	-0.720,	-0.460),
(499,	'Montenegro',	0.279,	1.018,	-0.149,	0.432,	-0.133,	0.250,	0.055,	-0.103),
(504,	'Morocco',	-0.425,	-0.278,	-0.239,	-0.179,	-0.425,	-0.697,	-0.639,	-0.703),
(508,	'Mozambique',	-1.300,	-1.738,	-0.813,	-1.161,	-0.691,	-0.687,	-1.419,	0.897),
(512,	'Oman',	0.104,	0.699,	0.457,	0.528,	0.183,	-0.696,	-0.396,	0.317),
(516,	'Namibia',	-0.134,	-0.647,	0.559,	-0.259,	-0.142,	0.602,	-0.411,	1.268),
(524,	'Nepal',	-1.413,	-1.062,	-1.385,	-1.520,	-0.811,	-0.986,	-0.876,	1.955),
(528,	'Netherlands',	1.642,	0.472,	1.245,	1.431,	1.833,	1.558,	1.893,	-0.199),
(554,	'New Zealand',	1.854,	0.360,	1.888,	1.364,	2.882,	1.691,	1.505,	0.134),
(558,	'Nicaragua',	-0.626,	-0.585,	-0.139,	0.335,	-1.089,	-0.746,	-1.363,	-0.852),
(562,	'Niger',	-0.790,	-1.686,	0.050,	-1.412,	-0.679,	0.013,	-0.487,	0.163),
(566,	'Nigeria',	-1.622,	-1.159,	-0.428,	-2.787,	-1.485,	-0.701,	-1.129,	2.199),
(578,	'Norway',	2.037,	0.537,	2.139,	1.188,	2.741,	1.730,	1.872,	-0.998),
(586,	'Pakistan',	-1.403,	-0.688,	-1.182,	-2.227,	-0.826,	-1.220,	-0.726,	1.127),
(591,	'Panama',	0.373,	0.005,	0.378,	0.294,	-0.170,	1.062,	0.099,	-0.532),
(598,	'Papua New Guinea',	-0.690,	-1.755,	-0.327,	-1.368,	0.038,	0.000,	-0.180,	0.347),
(600,	'Paraguay',	-0.399,	-0.369,	-0.185,	0.482,	-0.622,	-0.108,	-1.576,	-0.784),
(604,	'Peru',	0.079,	-0.077,	0.530,	0.373,	0.076,	0.253,	-0.890,	-0.395),
(608,	'Philippines',	0.110,	-0.039,	0.837,	-0.482,	0.092,	0.449,	0.414,	1.950),
(616,	'Poland',	1.173,	1.739,	1.015,	0.584,	0.866,	1.232,	0.262,	-1.301),
(620,	'Portugal',	0.713,	0.378,	-0.649,	1.006,	0.838,	0.669,	0.974,	-1.311),
(634,	'Qatar',	1.128,	1.112,	2.348,	0.229,	-0.221,	0.806,	2.086,	1.373),
(642,	'Romania',	0.535,	1.183,	-0.058,	0.678,	0.175,	0.364,	0.096,	-1.117),
(643,	'Russia',	-0.289,	0.272,	-0.658,	-0.224,	-0.039,	-1.098,	0.187,	-0.364),
(646,	'Rwanda',	-0.112,	-0.408,	0.110,	-0.899,	0.555,	-0.476,	0.055,	-1.290),
(682,	'Saudi Arabia',	0.245,	0.324,	0.898,	0.446,	-0.170,	-0.702,	0.445,	-0.213),
(686,	'Senegal',	-0.393,	-0.760,	-0.147,	-0.306,	-0.438,	0.110,	-0.264,	0.834),
(688,	'Serbia',	-0.103,	1.158,	-0.686,	0.396,	-0.731,	-0.187,	-0.451,	-0.145),
(690,	'Seychelles',	0.103,	0.113,	-0.252,	0.350,	-0.066,	0.095,	-0.104,	-1.070),
(694,	'Sierra Leone',	-1.561,	-1.716,	-1.172,	-1.400,	-1.218,	-0.616,	-1.676,	1.120),
(702,	'Singapore',	1.825,	1.554,	2.358,	1.377,	1.187,	1.464,	2.161,	1.552),
(703,	'Slovakia',	0.891,	1.661,	1.091,	0.813,	-0.309,	1.171,	-0.005,	-0.697),
(704,	'Vietnam',	-0.538,	0.557,	-0.957,	0.423,	-1.278,	-1.357,	-0.058,	0.124),
(705,	'Slovenia',	0.789,	2.018,	-0.450,	0.865,	0.454,	0.320,	0.754,	-0.752),
(706,	'Somalia',	-1.350,	-2.580,	-0.893,	-2.715,	-0.079,	-1.148,	-0.035,	-0.742),
(710,	'South Africa',	0.524,	-0.286,	1.234,	0.032,	0.948,	1.213,	-0.232,	0.626),
(716,	'Zimbabwe',	-1.605,	-1.643,	-1.570,	-1.182,	-1.920,	-1.595,	-0.593,	-0.158),
(724,	'Spain',	0.368,	0.339,	-0.299,	0.818,	0.573,	0.402,	0.307,	0.536),
(748,	'Swaziland',	-0.514,	-0.794,	0.089,	-0.510,	-0.261,	-0.544,	-1.019,	-0.918),
(752,	'Sweden',	1.786,	0.465,	1.710,	1.196,	2.551,	1.540,	1.822,	0.005),
(756,	'Switzerland',	1.809,	0.659,	1.455,	1.111,	2.471,	1.653,	2.204,	0.397),
(762,	'Tajikistan',	-0.444,	-0.363,	-0.548,	-0.210,	-0.349,	-1.108,	-0.023,	-0.826),
(764,	'Thailand',	0.206,	0.497,	0.605,	0.550,	-0.488,	-0.241,	0.238,	0.160),
(780,	'Trinidad and Tobago',	0.069,	0.272,	0.162,	0.351,	-0.639,	0.178,	0.268,	0.668),
(784,	'United Arab Emirates',	1.235,	1.401,	1.768,	0.663,	0.608,	0.621,	1.680,	0.705),
(788,	'Tunisia',	-0.197,	0.491,	-1.227,	0.469,	-0.389,	-0.484,	-0.394,	-1.518),
(792,	'Turkey',	0.332,	0.782,	0.518,	0.428,	-0.439,	0.342,	-0.138,	-0.692),
(800,	'Uganda',	-1.099,	-0.769,	-0.438,	-0.897,	-0.960,	-0.310,	-0.847,	4.086),
(804,	'Ukraine',	-0.291,	0.957,	-1.853,	0.351,	-0.590,	-0.743,	0.402,	-0.155),
(807,	'Macedonia',	0.385,	0.648,	0.256,	1.030,	-0.154,	0.219,	0.150,	0.296),
(818,	'Egypt',	-0.903,	-0.386,	-0.096,	-0.561,	-1.126,	-1.358,	-1.342,	-0.558),
(826,	'United Kingdom',	1.659,	0.621,	0.757,	0.320,	3.654,	1.524,	1.589,	-0.579),
(834,	'Tanzania',	-1.113,	-1.459,	-0.871,	-1.137,	-0.624,	-0.482,	-1.052,	0.646),
(840,	'United States',	1.721,	0.373,	1.203,	1.411,	2.522,	1.544,	1.774,	-0.302),
(858,	'Uruguay',	1.010,	1.238,	0.848,	1.090,	0.962,	1.090,	-0.169,	-0.716),
(862,	'Venezuela',	-0.991,	0.229,	-1.100,	-0.207,	-1.519,	-1.868,	-0.931,	-0.882),
(894,	'Zambia',	-0.593,	-1.381,	-0.199,	-0.834,	-0.691,	0.111,	-0.229,	0.003);

DROP TABLE IF EXISTS `CCI-2016`;
CREATE TABLE `CCI-2016` (
  `IsoN` int(11) NOT NULL,
  `country` varchar(64) NOT NULL,
  `CCI` decimal(6,3) NOT NULL,
  `EQUIVALENCE` decimal(6,3) NOT NULL,
  `TRUST` decimal(6,3) NOT NULL,
  `CARE` decimal(6,3) NOT NULL,
  `TRANSPARENCY` decimal(6,3) NOT NULL,
  `FREEDOM` decimal(6,3) NOT NULL,
  `UNDERSTANDING` decimal(6,3) NOT NULL,
  `DIVERSITY` decimal(6,3) NOT NULL,
  `PEACE` decimal(6,3) NOT NULL,
  PRIMARY KEY (`IsoN`)
) ENGINE=InnoDB DEFAULT CHARSET=latin1;

INSERT INTO `CCI-2016` (`IsoN`, `country`, `CCI`, `EQUIVALENCE`, `TRUST`, `CARE`, `TRANSPARENCY`, `FREEDOM`, `UNDERSTANDING`, `DIVERSITY`, `PEACE`) VALUES
(4,	'Afghanistan',	-1.441,	-2.063,	-0.728,	-2.674,	-0.648,	-0.968,	-0.158,	1.014,	0.000),
(8,	'Albania',	-0.107,	0.586,	-0.269,	0.323,	-0.626,	-0.537,	-0.056,	-0.211,	0.000),
(10,	'Antarctica',	0.012,	0.000,	0.000,	0.000,	0.000,	0.060,	0.000,	0.000,	0.000),
(12,	'Algeria',	-0.778,	0.172,	-1.268,	-0.062,	-0.808,	-1.327,	-0.994,	-0.863,	0.000),
(24,	'Angola',	-0.059,	-0.412,	-0.062,	-1.475,	-0.655,	-0.617,	-0.290,	0.802,	0.320),
(31,	'Azerbaijan',	-0.269,	0.657,	-0.843,	0.145,	-0.018,	-1.142,	-0.277,	-0.544,	0.000),
(32,	'Argentina',	-0.087,	0.375,	-0.398,	0.381,	-0.139,	-0.662,	-0.289,	-0.929,	0.000),
(36,	'Australia',	1.524,	0.355,	1.532,	1.531,	1.619,	1.213,	1.451,	-0.537,	0.000),
(40,	'Austria',	1.074,	0.252,	0.483,	0.984,	1.167,	1.197,	1.151,	-0.835,	0.000),
(48,	'Bahrain',	0.454,	0.743,	0.440,	0.589,	0.293,	-0.067,	0.637,	0.572,	0.000),
(50,	'Bangladesh',	-1.204,	-0.536,	-1.614,	-1.647,	-0.804,	-0.751,	-1.110,	-0.530,	0.000),
(51,	'Armenia',	0.036,	0.641,	-0.392,	0.548,	-0.208,	-0.500,	-0.309,	-1.296,	0.000),
(56,	'Belgium',	1.286,	0.494,	0.791,	0.883,	1.508,	1.381,	1.851,	0.656,	0.000),
(60,	'Bermuda',	0.088,	0.079,	0.000,	0.221,	-0.045,	0.060,	-0.024,	-0.449,	0.000),
(64,	'Bhutan',	-0.392,	-0.351,	0.083,	-0.529,	0.267,	-0.426,	-0.735,	0.854,	0.000),
(68,	'Bolivia',	-0.789,	-0.492,	-0.316,	-0.660,	-1.480,	-0.342,	-0.673,	0.535,	0.000),
(70,	'Bosnia and Herzegovina',	-0.409,	0.361,	-0.960,	0.665,	-0.442,	-0.773,	-0.662,	0.619,	0.000),
(72,	'Botswana',	0.099,	0.023,	0.576,	-0.242,	0.200,	0.533,	-0.553,	0.089,	0.000),
(76,	'Brazil',	0.490,	0.456,	1.154,	0.529,	0.161,	0.605,	-0.676,	-0.890,	0.000),
(100,	'Bulgaria',	0.219,	0.941,	-0.335,	0.493,	-0.139,	0.312,	-0.317,	-0.640,	0.000),
(104,	'Burma Myanmar',	-2.177,	-1.760,	-1.880,	-1.065,	-2.368,	-2.293,	-1.771,	0.613,	0.000),
(108,	'Burundi',	-1.576,	-0.941,	-2.038,	-1.769,	-0.349,	-1.827,	-1.685,	-1.259,	0.000),
(112,	'Belarus',	0.028,	1.704,	-0.059,	1.016,	-0.213,	-0.957,	0.183,	-0.098,	0.002),
(116,	'Cambodia',	-1.318,	-1.249,	-1.016,	-0.952,	-2.098,	-1.043,	-1.041,	-1.194,	0.000),
(120,	'Cameroon',	-1.441,	-1.004,	-1.009,	-1.400,	-1.362,	-1.288,	-0.523,	2.500,	0.000),
(124,	'Canada',	1.538,	0.533,	1.682,	1.300,	1.780,	1.531,	1.542,	1.022,	0.000),
(132,	'Cape Verde',	-0.128,	-0.223,	-0.471,	0.138,	-0.049,	0.152,	-0.362,	-0.348,	0.000),
(140,	'Central African Republic',	-0.099,	-2.344,	-0.110,	-1.708,	-0.260,	-0.947,	-0.588,	1.795,	-2.421),
(144,	'Sri Lanka',	0.062,	0.153,	0.182,	0.324,	-0.347,	-0.290,	0.300,	-0.026,	0.000),
(148,	'Chad',	-2.565,	-2.179,	-2.268,	-2.047,	-1.297,	-2.345,	-2.179,	2.761,	0.000),
(152,	'Chile',	1.321,	0.910,	1.397,	1.229,	1.103,	1.462,	0.321,	-1.224,	0.000),
(156,	'China',	-0.185,	0.015,	0.033,	0.170,	-0.689,	-0.956,	0.558,	0.205,	0.000),
(158,	'Taiwan',	1.500,	2.922,	1.677,	0.168,	0.161,	1.905,	1.184,	0.327,	0.000),
(170,	'Colombia',	0.189,	-0.093,	0.659,	0.563,	-0.132,	-0.060,	-0.298,	-0.896,	0.000),
(174,	'Comoros',	-0.049,	-2.094,	0.022,	-0.045,	-0.259,	-0.325,	-0.268,	-0.464,	0.649),
(178,	'Republic of the Congo',	-0.030,	-0.118,	-0.036,	-0.173,	-0.455,	-0.636,	-0.399,	0.819,	0.304),
(180,	'Democratic Republic of the Congo',	-0.059,	-0.361,	0.090,	-1.409,	-0.771,	-0.754,	-0.319,	0.698,	-1.621),
(188,	'Costa Rica',	1.193,	1.005,	1.283,	1.215,	0.666,	0.836,	0.773,	-1.223,	0.000),
(191,	'Croatia',	0.498,	1.458,	0.171,	0.612,	-0.037,	0.308,	-0.166,	-0.910,	0.000),
(192,	'Cuba',	-0.010,	-0.061,	-0.119,	1.026,	-0.677,	-0.856,	0.108,	-0.529,	-0.147),
(196,	'Cyprus',	0.304,	0.475,	-1.019,	0.573,	-0.025,	0.558,	0.837,	-0.462,	0.000),
(203,	'Czech Republic',	1.506,	2.272,	1.197,	1.264,	0.846,	1.531,	0.514,	-0.838,	0.000),
(204,	'Benin',	-1.034,	-0.992,	-0.918,	-1.082,	-0.355,	-0.467,	-1.251,	0.913,	0.000),
(208,	'Denmark',	1.559,	0.494,	1.612,	1.077,	1.863,	1.228,	1.461,	-0.977,	0.000),
(214,	'Dominican Republic',	-0.229,	-0.452,	-0.047,	0.377,	-0.595,	0.041,	-0.932,	-1.001,	0.000),
(218,	'Ecuador',	-0.214,	-0.037,	0.102,	-0.136,	-0.482,	-0.714,	-0.132,	-0.813,	0.000),
(222,	'El Salvador',	0.130,	0.091,	0.458,	0.536,	-0.397,	0.142,	-0.624,	-1.230,	0.000),
(226,	'Equatorial Guinea',	-0.520,	-0.411,	0.000,	-0.915,	-0.919,	-0.557,	-0.168,	-0.609,	0.000),
(231,	'Ethiopia',	-1.493,	-1.044,	-0.753,	-2.144,	-0.805,	-1.716,	-0.703,	1.572,	0.000),
(232,	'Eritrea',	-1.270,	-2.086,	-0.799,	-1.937,	0.028,	-1.459,	-0.216,	0.568,	0.000),
(233,	'Estonia',	1.633,	1.877,	1.753,	0.830,	1.283,	1.821,	1.045,	0.150,	0.000),
(242,	'Fiji',	0.001,	-0.393,	0.063,	0.936,	-0.397,	-0.122,	-0.047,	0.446,	0.479),
(246,	'Finland',	1.913,	0.349,	2.016,	1.117,	1.864,	1.650,	2.536,	-0.916,	0.000),
(250,	'France',	1.232,	0.516,	0.376,	1.039,	2.104,	1.154,	1.081,	-0.445,	0.000),
(262,	'Djibouti',	-0.060,	-0.793,	-0.062,	-0.853,	-1.056,	-0.572,	-0.287,	-0.187,	0.135),
(266,	'Gabon',	-0.696,	-0.131,	-0.631,	-0.193,	-0.263,	-0.801,	-1.334,	0.539,	0.000),
(268,	'Georgia',	0.201,	0.048,	-0.029,	0.624,	0.917,	0.175,	-0.669,	-0.075,	0.000),
(270,	'Gambia',	-0.551,	-0.566,	0.007,	-0.869,	0.000,	-0.456,	-0.643,	0.909,	0.000),
(275,	'Palestine',	0.030,	0.679,	0.040,	0.954,	0.071,	-0.249,	0.275,	-1.049,	-0.649),
(276,	'Germany',	1.597,	0.439,	0.947,	1.785,	2.023,	1.475,	1.547,	-0.205,	0.000),
(288,	'Ghana',	-0.363,	-0.485,	-0.097,	-0.644,	-0.186,	0.433,	-0.452,	1.373,	0.000),
(300,	'Greece',	-0.080,	0.262,	-1.150,	0.299,	-0.060,	-0.203,	0.071,	-1.059,	0.000),
(320,	'Guatemala',	-0.426,	-0.770,	0.521,	-0.583,	-0.838,	0.085,	-0.563,	0.414,	0.000),
(324,	'Guinea',	-1.624,	-1.027,	-1.551,	-1.546,	-0.572,	-1.359,	-2.080,	0.734,	0.000),
(328,	'Guyana',	-0.010,	0.187,	-0.111,	-0.063,	-0.340,	0.044,	0.061,	-0.440,	0.000),
(332,	'Haiti',	-1.645,	-2.138,	-1.629,	-1.289,	-0.433,	-1.775,	-1.793,	-1.232,	0.000),
(340,	'Honduras',	-0.180,	-0.798,	0.236,	-0.064,	-0.712,	-0.017,	-0.098,	-1.128,	0.000),
(344,	'Hong Kong',	1.158,	0.230,	1.200,	0.780,	1.087,	1.544,	1.249,	0.338,	0.000),
(348,	'Hungary',	0.299,	1.501,	-0.627,	0.352,	-0.380,	0.299,	0.088,	-1.080,	0.000),
(352,	'Iceland',	0.920,	0.556,	0.437,	0.713,	0.448,	0.505,	1.582,	-1.417,	0.000),
(356,	'India',	-0.401,	-0.402,	-0.029,	-2.405,	0.387,	0.590,	-0.002,	0.743,	0.000),
(360,	'Indonesia',	0.156,	-0.046,	0.309,	-0.547,	0.230,	0.428,	0.714,	0.841,	0.000),
(364,	'Iran',	-1.106,	-0.541,	-1.880,	0.620,	-0.909,	-2.240,	-0.498,	0.604,	0.000),
(368,	'Iraq',	-0.009,	1.300,	-0.055,	-0.122,	-1.200,	-0.398,	-0.066,	-0.059,	-1.688),
(372,	'Ireland',	0.985,	0.500,	0.011,	0.787,	0.655,	1.186,	1.534,	-1.077,	0.000),
(376,	'Israel',	0.581,	0.264,	0.792,	0.457,	0.139,	0.241,	1.212,	0.274,	0.000),
(380,	'Italy',	0.313,	0.195,	-0.723,	0.848,	0.940,	0.177,	0.134,	-0.261,	0.000),
(384,	'Ivory Coast',	-1.079,	-1.767,	-0.603,	-1.039,	-0.666,	-0.637,	-0.350,	1.764,	0.000),
(388,	'Jamaica',	0.115,	0.122,	-0.061,	0.190,	-0.391,	0.539,	-0.204,	-0.973,	0.000),
(392,	'Japan',	1.529,	0.625,	1.004,	1.400,	1.522,	1.416,	1.659,	-0.817,	0.000),
(398,	'Kazakhstan',	-0.056,	0.947,	-0.262,	0.551,	-0.519,	-0.787,	0.138,	0.681,	0.000),
(400,	'Jordan',	0.368,	0.250,	0.555,	0.917,	-0.127,	-0.374,	0.497,	-0.585,	0.000),
(404,	'Kenya',	-0.683,	-1.408,	-0.038,	-0.780,	-0.506,	-0.031,	0.128,	2.763,	0.000),
(410,	'South Korea',	1.135,	1.427,	0.281,	1.432,	1.203,	0.464,	0.935,	-0.724,	0.000),
(414,	'Kuwait',	-0.079,	0.749,	0.288,	0.379,	-0.028,	-0.972,	-0.466,	0.617,	0.000),
(417,	'Kyrgyzstan',	-0.565,	0.439,	-1.189,	0.331,	-0.734,	-0.833,	-0.830,	0.102,	0.000),
(418,	'Lao PDR',	-0.971,	-0.886,	-0.438,	-1.768,	-0.103,	-1.063,	-0.591,	0.527,	0.000),
(422,	'Lebanon',	-0.330,	0.221,	-0.408,	0.308,	-1.635,	-0.486,	0.032,	-0.616,	0.000),
(426,	'Lesotho',	-0.960,	-1.561,	-1.864,	-0.916,	-0.071,	-0.497,	-0.552,	-1.025,	0.000),
(428,	'Latvia',	0.686,	1.315,	0.712,	0.393,	-0.085,	1.107,	0.425,	0.724,	0.000),
(430,	'Liberia',	-0.935,	-1.485,	-0.624,	-0.673,	-0.574,	-0.277,	-1.165,	0.416,	0.000),
(440,	'Lithuania',	0.884,	1.488,	0.549,	0.611,	-0.155,	0.939,	1.002,	-0.521,	0.000),
(442,	'Luxembourg',	1.185,	0.428,	1.365,	0.706,	0.709,	1.888,	1.322,	0.901,	0.000),
(450,	'Madagascar',	-1.587,	-1.754,	-0.929,	-1.669,	-0.920,	-1.313,	-0.974,	2.028,	0.000),
(454,	'Malawi',	-0.891,	-1.191,	-0.316,	-0.719,	-0.385,	-0.239,	-1.252,	1.565,	0.000),
(458,	'Malaysia',	0.976,	0.834,	1.539,	0.343,	-0.110,	1.006,	1.826,	1.083,	0.000),
(466,	'Mali',	-1.253,	-1.454,	-0.992,	-1.439,	-0.283,	-0.841,	-1.193,	0.951,	0.000),
(470,	'Malta',	0.763,	0.405,	0.614,	0.867,	0.024,	0.934,	0.649,	-1.151,	0.000),
(478,	'Mauritania',	-1.779,	-1.229,	-2.261,	-1.270,	-0.568,	-1.826,	-2.262,	-0.567,	0.000),
(480,	'Mauritius',	0.553,	0.979,	0.904,	0.157,	-0.033,	1.041,	0.030,	0.495,	0.000),
(484,	'Mexico',	0.224,	0.112,	0.310,	0.498,	0.091,	-0.049,	-0.142,	-0.956,	0.000),
(496,	'Mongolia',	-0.312,	0.003,	-0.895,	0.152,	-0.831,	-0.263,	0.006,	-0.506,	0.000),
(498,	'Moldova',	-0.386,	0.319,	-1.096,	0.478,	-0.646,	-0.466,	-0.720,	-0.460,	0.000),
(499,	'Montenegro',	0.279,	1.018,	-0.149,	0.432,	-0.133,	0.250,	0.055,	-0.103,	0.000),
(504,	'Morocco',	-0.425,	-0.278,	-0.239,	-0.179,	-0.425,	-0.697,	-0.639,	-0.703,	0.000),
(508,	'Mozambique',	-1.300,	-1.738,	-0.813,	-1.161,	-0.691,	-0.687,	-1.419,	0.897,	0.000),
(512,	'Oman',	0.104,	0.699,	0.457,	0.528,	0.183,	-0.696,	-0.396,	0.317,	0.000),
(516,	'Namibia',	-0.134,	-0.647,	0.559,	-0.259,	-0.142,	0.602,	-0.411,	1.268,	0.000),
(524,	'Nepal',	-1.413,	-1.062,	-1.385,	-1.520,	-0.811,	-0.986,	-0.876,	1.955,	0.000),
(528,	'Netherlands',	1.642,	0.472,	1.245,	1.431,	1.833,	1.558,	1.893,	-0.199,	0.000),
(554,	'New Zealand',	1.854,	0.360,	1.888,	1.364,	2.882,	1.691,	1.505,	0.134,	0.000),
(558,	'Nicaragua',	-0.626,	-0.585,	-0.139,	0.335,	-1.089,	-0.746,	-1.363,	-0.852,	0.000),
(562,	'Niger',	-0.790,	-1.686,	0.050,	-1.412,	-0.679,	0.013,	-0.487,	0.163,	0.000),
(566,	'Nigeria',	-1.622,	-1.159,	-0.428,	-2.787,	-1.485,	-0.701,	-1.129,	2.199,	0.000),
(578,	'Norway',	2.037,	0.537,	2.139,	1.188,	2.741,	1.730,	1.872,	-0.998,	0.000),
(586,	'Pakistan',	-1.403,	-0.688,	-1.182,	-2.227,	-0.826,	-1.220,	-0.726,	1.127,	0.000),
(591,	'Panama',	0.373,	0.005,	0.378,	0.294,	-0.170,	1.062,	0.099,	-0.532,	0.000),
(598,	'Papua New Guinea',	-0.690,	-1.755,	-0.327,	-1.368,	0.038,	0.000,	-0.180,	0.347,	0.000),
(600,	'Paraguay',	-0.399,	-0.369,	-0.185,	0.482,	-0.622,	-0.108,	-1.576,	-0.784,	0.000),
(604,	'Peru',	0.079,	-0.077,	0.530,	0.373,	0.076,	0.253,	-0.890,	-0.395,	0.000),
(608,	'Philippines',	0.110,	-0.039,	0.837,	-0.482,	0.092,	0.449,	0.414,	1.950,	0.000),
(616,	'Poland',	1.173,	1.739,	1.015,	0.584,	0.866,	1.232,	0.262,	-1.301,	0.000),
(620,	'Portugal',	0.713,	0.378,	-0.649,	1.006,	0.838,	0.669,	0.974,	-1.311,	0.000),
(624,	'Guinea-Bissau',	-0.065,	-1.485,	0.002,	-0.930,	-0.480,	-0.567,	-0.455,	2.034,	0.586),
(626,	'Timor East',	-0.028,	1.114,	-0.043,	-2.189,	-0.647,	0.264,	-0.166,	0.040,	0.553),
(634,	'Qatar',	1.128,	1.112,	2.348,	0.229,	-0.221,	0.806,	2.086,	1.373,	0.000),
(642,	'Romania',	0.535,	1.183,	-0.058,	0.678,	0.175,	0.364,	0.096,	-1.117,	0.000),
(643,	'Russia',	-0.289,	0.272,	-0.658,	-0.224,	-0.039,	-1.098,	0.187,	-0.364,	0.000),
(646,	'Rwanda',	-0.112,	-0.408,	0.110,	-0.899,	0.555,	-0.476,	0.055,	-1.290,	0.000),
(682,	'Saudi Arabia',	0.245,	0.324,	0.898,	0.446,	-0.170,	-0.702,	0.445,	-0.213,	0.000),
(686,	'Senegal',	-0.393,	-0.760,	-0.147,	-0.306,	-0.438,	0.110,	-0.264,	0.834,	0.000),
(688,	'Serbia',	-0.103,	1.158,	-0.686,	0.396,	-0.731,	-0.187,	-0.451,	-0.145,	0.000),
(690,	'Seychelles',	0.103,	0.113,	-0.252,	0.350,	-0.066,	0.095,	-0.104,	-1.070,	0.000),
(694,	'Sierra Leone',	-1.561,	-1.716,	-1.172,	-1.400,	-1.218,	-0.616,	-1.676,	1.120,	0.000),
(702,	'Singapore',	1.825,	1.554,	2.358,	1.377,	1.187,	1.464,	2.161,	1.552,	0.000),
(703,	'Slovakia',	0.891,	1.661,	1.091,	0.813,	-0.309,	1.171,	-0.005,	-0.697,	0.000),
(704,	'Vietnam',	-0.538,	0.557,	-0.957,	0.423,	-1.278,	-1.357,	-0.058,	0.124,	0.000),
(705,	'Slovenia',	0.789,	2.018,	-0.450,	0.865,	0.454,	0.320,	0.754,	-0.752,	0.000),
(706,	'Somalia',	-1.350,	-2.580,	-0.893,	-2.715,	-0.079,	-1.148,	-0.035,	-0.742,	0.000),
(710,	'South Africa',	0.524,	-0.286,	1.234,	0.032,	0.948,	1.213,	-0.232,	0.626,	0.000),
(716,	'Zimbabwe',	-1.605,	-1.643,	-1.570,	-1.182,	-1.920,	-1.595,	-0.593,	-0.158,	0.000),
(724,	'Spain',	0.368,	0.339,	-0.299,	0.818,	0.573,	0.402,	0.307,	0.536,	0.000),
(729,	'Sudan',	-0.056,	0.454,	0.012,	-1.714,	-1.141,	-0.864,	-0.084,	-0.332,	-2.007),
(740,	'Suriname',	0.019,	0.053,	-0.043,	0.601,	0.161,	0.428,	-0.065,	1.592,	0.504),
(748,	'Swaziland',	-0.514,	-0.794,	0.089,	-0.510,	-0.261,	-0.544,	-1.019,	-0.918,	0.000),
(752,	'Sweden',	1.786,	0.465,	1.710,	1.196,	2.551,	1.540,	1.822,	0.005,	0.000),
(756,	'Switzerland',	1.809,	0.659,	1.455,	1.111,	2.471,	1.653,	2.204,	0.397,	0.000),
(760,	'Syria',	-0.030,	0.554,	-0.048,	0.174,	-1.013,	-1.025,	-0.427,	-0.397,	-1.007),
(762,	'Tajikistan',	-0.444,	-0.363,	-0.548,	-0.210,	-0.349,	-1.108,	-0.023,	-0.826,	0.000),
(764,	'Thailand',	0.206,	0.497,	0.605,	0.550,	-0.488,	-0.241,	0.238,	0.160,	0.000),
(768,	'Togo',	-0.050,	-0.744,	-0.051,	-0.824,	-0.791,	-0.340,	-0.263,	0.821,	0.259),
(780,	'Trinidad and Tobago',	0.069,	0.272,	0.162,	0.351,	-0.639,	0.178,	0.268,	0.668,	0.000),
(784,	'United Arab Emirates',	1.235,	1.401,	1.768,	0.663,	0.608,	0.621,	1.680,	0.705,	0.000),
(788,	'Tunisia',	-0.197,	0.491,	-1.227,	0.469,	-0.389,	-0.484,	-0.394,	-1.518,	0.000),
(792,	'Turkey',	0.332,	0.782,	0.518,	0.428,	-0.439,	0.342,	-0.138,	-0.692,	0.000),
(800,	'Uganda',	-1.099,	-0.769,	-0.438,	-0.897,	-0.960,	-0.310,	-0.847,	4.086,	0.000),
(804,	'Ukraine',	-0.291,	0.957,	-1.853,	0.351,	-0.590,	-0.743,	0.402,	-0.155,	0.000),
(807,	'Macedonia',	0.385,	0.648,	0.256,	1.030,	-0.154,	0.219,	0.150,	0.296,	0.000),
(818,	'Egypt',	-0.903,	-0.386,	-0.096,	-0.561,	-1.126,	-1.358,	-1.342,	-0.558,	0.000),
(826,	'United Kingdom',	1.659,	0.621,	0.757,	0.320,	3.654,	1.524,	1.589,	-0.579,	0.000),
(834,	'Tanzania',	-1.113,	-1.459,	-0.871,	-1.137,	-0.624,	-0.482,	-1.052,	0.646,	0.000),
(840,	'United States',	1.721,	0.373,	1.203,	1.411,	2.522,	1.544,	1.774,	-0.302,	0.000),
(854,	'Burkina Faso',	-0.034,	0.010,	-0.200,	-0.425,	-0.812,	-0.236,	-0.405,	1.292,	0.379),
(858,	'Uruguay',	1.010,	1.238,	0.848,	1.090,	0.962,	1.090,	-0.169,	-0.716,	0.000),
(860,	'Uzbekistan',	-0.020,	0.399,	-0.034,	0.569,	-0.853,	-1.206,	-0.053,	-0.250,	-0.345),
(862,	'Venezuela',	-0.991,	0.229,	-1.100,	-0.207,	-1.519,	-1.868,	-0.931,	-0.882,	0.000),
(887,	'Yemen',	-0.075,	0.423,	0.001,	-2.252,	-1.723,	-0.795,	-0.140,	-0.418,	-0.938),
(894,	'Zambia',	-0.593,	-1.381,	-0.199,	-0.834,	-0.691,	0.111,	-0.229,	0.003,	0.000);

DROP TABLE IF EXISTS `CCI-something`;
CREATE TABLE `CCI-something` (
  `IsoN` int(11) NOT NULL,
  `CCI` decimal(6,3) NOT NULL,
  `Equivalence` decimal(6,3) NOT NULL,
  `Trust` decimal(6,3) NOT NULL,
  `Care` decimal(6,3) NOT NULL,
  `Transparency` decimal(6,3) NOT NULL,
  `Freedom` decimal(6,3) NOT NULL,
  `Understanding` varchar(8) NOT NULL,
  `Diversity` decimal(6,3) NOT NULL,
  PRIMARY KEY (`IsoN`)
) ENGINE=InnoDB DEFAULT CHARSET=latin1;

INSERT INTO `CCI-something` (`IsoN`, `CCI`, `Equivalence`, `Trust`, `Care`, `Transparency`, `Freedom`, `Understanding`, `Diversity`) VALUES
(8,	0.069,	0.445,	-0.341,	0.438,	0.384,	-0.600,	'-0.028',	-0.190),
(12,	-0.753,	-0.103,	-1.108,	-0.604,	-1.124,	-1.318,	'-0.132',	-0.883),
(31,	-0.274,	0.227,	-0.392,	0.237,	-0.307,	-1.193,	'-0.236',	-0.562),
(32,	-0.359,	-0.291,	-0.928,	-0.186,	-0.108,	-0.731,	'0',	-0.919),
(36,	1.534,	1.189,	1.776,	0.999,	1.374,	1.363,	'1.609',	-0.497),
(40,	1.392,	1.230,	0.847,	1.188,	1.461,	1.463,	'1.227',	-0.816),
(48,	0.723,	1.079,	0.825,	1.363,	0.589,	-0.101,	'0.395',	0.653),
(50,	-1.101,	-1.071,	-1.537,	-1.003,	-1.309,	-0.399,	'-0.867',	-0.499),
(51,	-0.038,	0.250,	-0.532,	0.355,	0.218,	-0.492,	'-0.378',	-1.317),
(56,	1.414,	1.394,	1.199,	0.795,	1.222,	1.741,	'1.592',	0.701),
(64,	-0.286,	0.108,	0.042,	0.100,	-0.165,	-0.475,	'-0.941',	0.874),
(68,	-0.559,	-0.567,	-0.483,	-0.513,	-0.370,	-0.247,	'-0.758',	0.504),
(70,	-0.744,	-0.793,	-0.861,	-0.361,	-0.341,	-0.602,	'-0.963',	0.657),
(72,	-0.206,	-0.578,	0.080,	-0.439,	-0.105,	0.261,	'-0.306',	0.118),
(76,	-0.117,	-0.167,	0.014,	-0.210,	-0.254,	0.561,	'-0.802',	-0.899),
(100,	-0.277,	0.036,	-0.880,	-0.560,	-0.295,	0.195,	'-0.207',	-0.626),
(104,	-1.739,	-1.631,	-1.375,	-1.342,	-1.799,	-1.934,	'-1.302',	0.615),
(108,	-1.885,	-1.651,	-1.812,	-2.099,	-1.830,	-1.900,	'-1.4',	-1.256),
(116,	-0.941,	-1.047,	-0.786,	-0.577,	-1.318,	-0.785,	'-0.952',	-1.213),
(120,	-1.184,	-1.143,	-0.687,	-1.425,	-0.758,	-1.223,	'-0.622',	2.492),
(124,	1.823,	1.490,	1.974,	1.561,	1.700,	1.688,	'1.88',	1.034),
(132,	-0.059,	-0.536,	-0.344,	-0.008,	0.187,	0.357,	'-0.084',	-0.360),
(144,	0.175,	0.164,	0.206,	0.270,	-0.736,	-0.020,	'1.101',	0.015),
(148,	-2.375,	-2.342,	-1.835,	-2.393,	-1.614,	-2.207,	'-1.95',	2.754),
(152,	0.961,	0.208,	0.781,	1.163,	1.192,	1.124,	'0.498',	-1.225),
(156,	-0.238,	-0.020,	0.141,	0.219,	-0.850,	-0.808,	'0.106',	0.271),
(158,	1.312,	2.535,	0.861,	0.714,	0.884,	1.593,	'0.71',	0.404),
(170,	-0.063,	-0.238,	0.011,	0.690,	-0.280,	-0.074,	'-0.669',	-0.917),
(188,	0.849,	0.261,	0.615,	1.409,	0.761,	0.624,	'0.683',	-1.227),
(191,	0.006,	0.094,	-0.542,	-0.373,	0.169,	0.237,	'0.177',	-0.922),
(196,	0.594,	0.676,	-0.675,	0.568,	0.881,	0.832,	'0.812',	-0.434),
(203,	0.958,	0.936,	0.542,	0.756,	0.877,	1.254,	'0.674',	-0.815),
(204,	-0.994,	-1.236,	-0.867,	-0.537,	-0.941,	-0.536,	'-1.076',	0.980),
(208,	1.822,	1.239,	2.104,	1.577,	1.687,	1.469,	'1.703',	-0.963),
(214,	-0.063,	-0.308,	-0.383,	0.542,	0.194,	-0.039,	'-0.619',	-1.000),
(218,	-0.225,	-0.330,	-0.217,	0.206,	-0.510,	-0.423,	'-0.166',	-0.831),
(222,	-0.127,	-0.290,	-0.089,	0.419,	-0.420,	0.078,	'-0.687',	-1.223),
(231,	-1.322,	-1.320,	-0.589,	-1.028,	-1.526,	-1.433,	'-0.921',	1.590),
(233,	1.106,	0.621,	1.168,	0.578,	1.582,	1.236,	'0.931',	0.184),
(246,	2.400,	2.194,	2.600,	1.249,	2.258,	1.944,	'2.7',	-0.902),
(250,	1.020,	0.881,	0.586,	0.300,	0.984,	1.377,	'1.352',	-0.400),
(266,	-0.922,	0.090,	-0.710,	-0.899,	-0.755,	-1.337,	'-1.318',	0.568),
(268,	-0.035,	-0.112,	-0.077,	-0.065,	0.487,	-0.060,	'-0.396',	-0.076),
(270,	-0.789,	-0.808,	0.204,	-1.003,	-0.656,	-1.017,	'-0.8',	0.875),
(276,	1.611,	1.115,	1.385,	1.337,	1.612,	1.661,	'1.694',	-0.163),
(288,	-0.443,	-0.616,	-0.271,	-0.777,	-0.158,	0.228,	'-0.475',	1.383),
(300,	0.029,	0.376,	-1.094,	-0.181,	-0.091,	-0.002,	'0.825',	-1.054),
(320,	-0.264,	-0.809,	0.114,	0.634,	-0.469,	0.240,	'-1.011',	0.383),
(324,	-1.888,	-1.656,	-1.887,	-1.804,	-1.423,	-1.426,	'-2',	0.731),
(328,	-0.126,	-0.070,	-0.336,	-0.102,	-0.263,	0.111,	'-0.139',	-0.410),
(332,	-1.797,	-2.684,	-1.436,	-1.503,	-1.226,	-1.457,	'-1.866',	-1.218),
(340,	-0.154,	-0.404,	0.082,	0.703,	-0.680,	-0.060,	'-0.737',	-1.125),
(344,	1.428,	1.013,	1.692,	1.344,	1.552,	1.370,	'1.036',	0.566),
(348,	0.086,	0.329,	-0.923,	-0.028,	0.215,	0.149,	'0.407',	-1.064),
(352,	1.581,	1.269,	0.997,	1.522,	1.766,	0.760,	'1.966',	-1.432),
(356,	-0.352,	-0.034,	-0.057,	-1.542,	-0.426,	0.508,	'-0.182',	0.774),
(360,	0.005,	0.161,	0.384,	-0.335,	-0.682,	0.405,	'0.338',	0.833),
(364,	-0.866,	-0.080,	-0.980,	-0.089,	-1.178,	-1.681,	'-0.609',	0.557),
(372,	1.538,	1.087,	0.796,	1.489,	1.753,	1.309,	'1.703',	-1.087),
(376,	0.803,	0.806,	0.706,	0.857,	0.444,	0.357,	'1.321',	0.311),
(380,	0.109,	-0.015,	-0.960,	0.039,	-0.392,	0.551,	'1.28',	-0.244),
(384,	-0.686,	-0.689,	-0.020,	-1.032,	-0.274,	-0.746,	'-0.532',	1.807),
(388,	0.148,	0.180,	-0.129,	0.045,	0.203,	0.451,	'-0.189',	-0.945),
(392,	1.649,	1.392,	1.517,	1.172,	1.543,	1.632,	'1.603',	-0.760),
(398,	0.038,	0.788,	-0.172,	0.471,	-0.070,	-0.702,	'0.06',	0.696),
(400,	0.325,	0.609,	0.615,	0.831,	-0.215,	-0.310,	'0.125',	-0.602),
(404,	-0.588,	-1.406,	0.117,	-0.975,	0.013,	-0.178,	'-0.084',	2.712),
(410,	0.339,	0.111,	-0.335,	0.545,	0.279,	0.197,	'0.874',	-0.648),
(414,	-0.016,	0.412,	0.433,	0.215,	0.315,	-0.756,	'-0.537',	0.640),
(417,	-0.584,	-0.065,	-1.092,	0.058,	-0.384,	-0.855,	'-0.871',	0.089),
(418,	-0.893,	-0.614,	0.133,	-0.618,	-1.751,	-1.063,	'-0.788',	0.562),
(422,	0.027,	0.300,	-0.503,	0.123,	-0.098,	-0.389,	'0.54',	-0.562),
(426,	-1.172,	-1.971,	-1.105,	-1.834,	-0.563,	-0.511,	'-0.737',	-1.041),
(428,	0.465,	0.255,	0.183,	0.103,	0.986,	0.807,	'0.392',	0.754),
(430,	-1.036,	-1.441,	-0.474,	-1.077,	-0.817,	-0.464,	'-1.28',	0.427),
(440,	0.479,	0.227,	-0.184,	-0.065,	0.983,	0.798,	'0.698',	-0.526),
(442,	1.868,	1.522,	1.915,	1.516,	2.181,	2.156,	'1.212',	0.916),
(450,	-1.417,	-2.351,	-0.894,	-0.893,	-1.288,	-1.013,	'-0.796',	1.987),
(454,	-0.948,	-1.174,	-0.488,	-0.736,	-0.857,	-0.425,	'-1.102',	1.541),
(458,	1.129,	1.055,	1.509,	1.099,	0.649,	1.069,	'1.143',	1.121),
(466,	-1.091,	-1.280,	-0.709,	-1.303,	-0.973,	-0.462,	'-1.013',	0.925),
(470,	1.084,	0.967,	0.614,	0.880,	0.935,	1.285,	'0.967',	-1.136),
(478,	-1.884,	-2.088,	-2.004,	-1.585,	-1.148,	-1.676,	'-2.023',	-0.607),
(480,	0.601,	0.961,	0.492,	0.384,	0.368,	0.883,	'0.36',	0.561),
(484,	-0.041,	0.068,	-0.216,	0.529,	-0.494,	-0.184,	'-0.173',	-0.977),
(496,	-0.399,	-0.922,	-1.012,	-0.020,	-0.128,	-0.275,	'0.023',	-0.455),
(498,	-0.530,	-0.013,	-1.367,	-0.315,	-0.053,	-0.408,	'-0.928',	-0.485),
(499,	-0.005,	0.125,	-0.357,	0.043,	0.275,	0.009,	'-0.172',	-0.097),
(504,	-0.118,	0.259,	0.044,	-0.324,	0.075,	-0.561,	'-0.341',	-0.727),
(508,	-1.548,	-2.118,	-0.898,	-1.761,	-0.997,	-0.860,	'-1.601',	0.960),
(512,	0.208,	0.867,	0.812,	0.499,	0.271,	-0.494,	'-0.712',	0.320),
(516,	-0.314,	-0.461,	0.197,	-0.772,	-0.021,	0.412,	'-0.745',	1.213),
(524,	-0.928,	-0.528,	-1.027,	-0.964,	-0.872,	-0.635,	'-0.583',	1.932),
(528,	1.979,	1.600,	1.861,	1.690,	2.067,	1.804,	'1.809',	-0.137),
(554,	2.064,	1.725,	2.490,	1.643,	2.244,	1.965,	'1.331',	0.168),
(558,	-0.623,	-1.026,	-0.586,	0.700,	-0.843,	-0.595,	'-1.261',	-0.853),
(566,	-1.422,	-0.899,	-0.678,	-2.670,	-0.543,	-0.761,	'-1.699',	2.208),
(578,	2.375,	2.135,	2.653,	1.675,	2.220,	2.013,	'2.104',	-0.991),
(586,	-1.044,	-0.195,	-0.811,	-1.647,	-1.329,	-0.666,	'-0.803',	1.085),
(591,	0.386,	-0.014,	0.183,	0.863,	0.121,	1.053,	'-0.203',	-0.548),
(600,	-0.567,	-0.669,	-0.921,	0.317,	-0.138,	-0.182,	'-1.73',	-0.802),
(604,	-0.124,	-0.159,	-0.150,	0.285,	-0.200,	0.283,	'-0.831',	-0.422),
(608,	-0.038,	-0.006,	0.487,	-0.009,	-0.514,	0.499,	'-0.133',	1.902),
(616,	0.575,	0.630,	0.153,	0.170,	0.303,	0.984,	'0.571',	-1.312),
(620,	0.657,	0.420,	-0.424,	0.498,	0.593,	0.987,	'1.153',	-1.318),
(634,	1.598,	1.740,	2.313,	1.448,	1.491,	0.656,	'1.514',	1.400),
(642,	0.122,	0.360,	-0.457,	-0.187,	0.204,	0.320,	'0.103',	-1.145),
(643,	-0.475,	-0.183,	-0.708,	-0.492,	-0.089,	-0.928,	'-0.328',	-0.338),
(646,	-0.143,	-0.824,	0.645,	0.404,	-0.299,	-0.626,	'-0.377',	-1.291),
(682,	0.405,	1.019,	1.272,	0.769,	-0.154,	-0.566,	'-0.129',	-0.221),
(686,	-0.396,	-0.620,	-0.210,	-0.476,	-0.268,	-0.026,	'-0.363',	0.795),
(688,	-0.446,	-0.425,	-1.185,	-0.596,	-0.096,	-0.237,	'0.005',	-0.159),
(690,	0.082,	0.272,	-0.158,	-0.140,	0.174,	-0.015,	'0.017',	-1.077),
(694,	-1.480,	-1.697,	-1.091,	-1.981,	-1.017,	-0.799,	'-1.251',	1.127),
(702,	1.583,	1.481,	2.047,	1.852,	1.232,	1.268,	'1.326',	1.836),
(703,	0.458,	0.466,	-0.210,	0.209,	0.892,	0.968,	'-0.019',	-0.689),
(704,	-0.574,	-0.239,	-0.856,	0.320,	-1.069,	-1.286,	'0.024',	0.189),
(705,	0.221,	0.255,	-0.849,	0.034,	0.595,	0.243,	'0.688',	-0.730),
(710,	0.199,	0.806,	0.922,	-1.713,	0.500,	1.240,	'-0.493',	0.641),
(716,	-1.171,	-0.843,	-1.303,	-1.793,	-0.926,	-1.295,	'-0.347',	-0.154),
(724,	0.468,	0.126,	-0.352,	0.322,	0.768,	0.630,	'1.174',	0.524),
(748,	-1.004,	-1.123,	-0.065,	-1.015,	-1.041,	-1.089,	'-1.383',	-0.914),
(752,	2.000,	1.662,	2.178,	1.380,	1.899,	1.812,	'2.071',	0.023),
(756,	2.120,	1.211,	2.023,	2.395,	2.068,	1.982,	'2.087',	0.412),
(762,	-0.257,	-0.180,	0.036,	0.320,	-0.904,	-1.104,	'0.221',	-0.848),
(764,	0.125,	0.734,	0.282,	0.639,	-0.588,	-0.131,	'-0.186',	0.151),
(780,	0.052,	-0.122,	-0.291,	-0.283,	0.391,	0.355,	'0.396',	0.706),
(784,	1.356,	1.233,	1.911,	1.637,	1.291,	0.465,	'1.123',	0.722),
(788,	-0.153,	0.304,	-0.928,	-0.162,	-0.212,	-0.346,	'0.068',	-1.543),
(792,	0.145,	0.345,	-0.079,	0.195,	-0.097,	0.124,	'0.118',	-0.714),
(800,	-1.092,	-1.442,	-0.713,	-0.858,	-0.484,	-0.698,	'-0.764',	3.993),
(804,	-0.448,	-0.020,	-1.677,	-0.386,	-0.302,	-0.613,	'0.432',	-0.150),
(807,	0.177,	0.050,	-0.010,	0.449,	0.509,	0.045,	'0.007',	0.330),
(818,	-0.574,	0.247,	0.080,	-0.364,	-0.987,	-1.393,	'-0.86',	-0.569),
(826,	1.697,	1.526,	1.293,	1.404,	1.715,	1.600,	'1.629',	-0.542),
(834,	-1.120,	-1.643,	-0.687,	-1.295,	-0.776,	-0.485,	'-1.076',	0.692),
(840,	1.603,	0.988,	1.334,	1.734,	1.357,	1.802,	'1.528',	-0.284),
(858,	0.530,	0.635,	0.307,	0.119,	1.059,	0.646,	'-0.051',	-0.676),
(862,	-1.288,	-0.916,	-1.398,	-1.226,	-1.429,	-1.301,	'-1.048',	-0.893);

DROP TABLE IF EXISTS `comment`;
CREATE TABLE `comment` (
  `id` int(11) NOT NULL AUTO_INCREMENT,
  `parent` int(11) NOT NULL,
  `project` int(11) NOT NULL,
  `user` int(11) NOT NULL,
  `content` varchar(2046) COLLATE utf8_bin NOT NULL,
  `E` int(11) NOT NULL DEFAULT '0',
  `T` int(11) NOT NULL DEFAULT '0',
  `C` int(11) NOT NULL DEFAULT '0',
  `I` int(11) NOT NULL DEFAULT '0',
  `F` int(11) NOT NULL DEFAULT '0',
  `U` int(11) NOT NULL DEFAULT '0',
  `D` int(11) NOT NULL DEFAULT '0',
  `created` timestamp NOT NULL DEFAULT CURRENT_TIMESTAMP,
  `updated` timestamp NOT NULL DEFAULT CURRENT_TIMESTAMP ON UPDATE CURRENT_TIMESTAMP,
  PRIMARY KEY (`id`),
  KEY `project` (`project`),
  KEY `user` (`user`),
  CONSTRAINT `comment_ibfk_4` FOREIGN KEY (`project`) REFERENCES `project` (`id`) ON DELETE NO ACTION ON UPDATE CASCADE,
  CONSTRAINT `comment_ibfk_5` FOREIGN KEY (`user`) REFERENCES `user` (`id`) ON DELETE NO ACTION ON UPDATE CASCADE
) ENGINE=InnoDB DEFAULT CHARSET=utf8 COLLATE=utf8_bin;

DROP TABLE IF EXISTS `commentvote`;
CREATE TABLE `commentvote` (
  `id` int(11) NOT NULL AUTO_INCREMENT,
  `user` int(11) NOT NULL,
  `project` int(11) NOT NULL DEFAULT '1',
  `comment` int(11) NOT NULL,
  `condition` char(1) COLLATE utf8_bin NOT NULL,
  `created` timestamp NOT NULL DEFAULT CURRENT_TIMESTAMP,
  `updated` timestamp NOT NULL DEFAULT CURRENT_TIMESTAMP ON UPDATE CURRENT_TIMESTAMP,
  PRIMARY KEY (`id`),
  KEY `user` (`user`),
  KEY `comment` (`comment`),
  KEY `project` (`project`),
  CONSTRAINT `commentvote_ibfk_3` FOREIGN KEY (`user`) REFERENCES `user` (`id`) ON DELETE NO ACTION ON UPDATE CASCADE,
  CONSTRAINT `commentvote_ibfk_4` FOREIGN KEY (`comment`) REFERENCES `comment` (`id`) ON DELETE CASCADE ON UPDATE CASCADE,
  CONSTRAINT `commentvote_ibfk_6` FOREIGN KEY (`project`) REFERENCES `project` (`id`) ON DELETE CASCADE ON UPDATE CASCADE
) ENGINE=InnoDB DEFAULT CHARSET=utf8 COLLATE=utf8_bin;

DROP TABLE IF EXISTS `country`;
CREATE TABLE `country` (
  `id` int(11) NOT NULL,
  `name` varchar(128) COLLATE utf8_bin NOT NULL,
  `created` timestamp NOT NULL DEFAULT CURRENT_TIMESTAMP,
  `updated` timestamp NOT NULL DEFAULT CURRENT_TIMESTAMP ON UPDATE CURRENT_TIMESTAMP,
  PRIMARY KEY (`id`)
) ENGINE=InnoDB DEFAULT CHARSET=utf8 COLLATE=utf8_bin;

INSERT INTO `country` (`id`, `name`, `created`, `updated`) VALUES
(1,	'Cooperacy',	'2019-06-01 22:30:05',	'2019-06-01 22:30:05'),
(10,	'Afghanistan',	'2019-04-25 11:48:56',	'2019-06-01 16:10:26'),
(20,	'Aland',	'2019-04-25 11:48:56',	'2019-06-01 16:10:26'),
(30,	'Albania',	'2019-04-25 11:48:56',	'2019-06-01 16:10:26'),
(40,	'Algeria',	'2019-04-25 11:48:56',	'2019-06-01 16:10:26'),
(50,	'American Samoa',	'2019-04-25 11:48:56',	'2019-06-01 16:10:26'),
(60,	'Andorra',	'2019-04-25 11:48:56',	'2019-06-01 16:10:26'),
(70,	'Angola',	'2019-04-25 11:48:56',	'2019-06-01 16:10:26'),
(80,	'Anguilla',	'2019-04-25 11:48:56',	'2019-06-01 16:10:26'),
(90,	'Antarctica',	'2019-04-25 11:48:56',	'2019-06-01 16:10:26'),
(100,	'Antigua and Barbuda',	'2019-04-25 11:48:56',	'2019-06-01 16:10:26'),
(110,	'Argentina',	'2019-04-25 11:48:56',	'2019-06-01 16:10:26'),
(120,	'Armenia',	'2019-04-25 11:48:56',	'2019-06-01 16:10:26'),
(130,	'Aruba',	'2019-04-25 11:48:56',	'2019-06-01 16:10:26'),
(140,	'Australia',	'2019-04-25 11:48:56',	'2019-06-01 16:10:26'),
(150,	'Austria',	'2019-04-25 11:48:56',	'2019-06-01 16:10:26'),
(160,	'Azerbaijan',	'2019-04-25 11:48:56',	'2019-06-01 16:10:26'),
(170,	'Bahamas',	'2019-04-25 11:48:56',	'2019-06-01 16:10:26'),
(180,	'Bahrain',	'2019-04-25 11:48:56',	'2019-06-01 16:10:26'),
(190,	'Bangladesh',	'2019-04-25 11:48:56',	'2019-06-01 16:10:26'),
(200,	'Barbados',	'2019-04-25 11:48:56',	'2019-06-01 16:10:26'),
(210,	'Belarus',	'2019-04-25 11:48:56',	'2019-06-01 16:10:26'),
(220,	'Belgium',	'2019-04-25 11:48:56',	'2019-06-01 16:10:26'),
(230,	'Belize',	'2019-04-25 11:48:56',	'2019-06-01 16:10:26'),
(240,	'Benin',	'2019-04-25 11:48:56',	'2019-06-01 16:10:26'),
(250,	'Bermuda',	'2019-04-25 11:48:56',	'2019-06-01 16:10:26'),
(260,	'Bhutan',	'2019-04-25 11:48:56',	'2019-06-01 16:10:26'),
(270,	'Bolivia',	'2019-04-25 11:48:56',	'2019-06-01 16:10:26'),
(280,	'Bonaire',	'2019-04-25 11:48:56',	'2019-06-01 16:10:26'),
(290,	'Bosnia and Herzegovina',	'2019-04-25 11:48:56',	'2019-06-01 16:10:26'),
(300,	'Botswana',	'2019-04-25 11:48:56',	'2019-06-01 16:10:26'),
(310,	'Bouvet Island',	'2019-04-25 11:48:56',	'2019-06-01 16:10:26'),
(320,	'Brazil',	'2019-04-25 11:48:56',	'2019-06-01 16:10:26'),
(330,	'British Indian Ocean Territory',	'2019-04-25 11:48:56',	'2019-06-01 16:10:26'),
(340,	'British Virgin Islands',	'2019-04-25 11:48:56',	'2019-06-01 16:10:26'),
(350,	'Brunei',	'2019-04-25 11:48:56',	'2019-06-01 16:10:26'),
(360,	'Bulgaria',	'2019-04-25 11:48:56',	'2019-06-01 16:10:26'),
(370,	'Burkina Faso',	'2019-04-25 11:48:56',	'2019-06-01 16:10:26'),
(380,	'Burundi',	'2019-04-25 11:48:56',	'2019-06-01 16:10:26'),
(390,	'Cambodia',	'2019-04-25 11:48:56',	'2019-06-01 16:10:26'),
(400,	'Cameroon',	'2019-04-25 11:48:56',	'2019-06-01 16:10:26'),
(410,	'Canada',	'2019-04-25 11:48:56',	'2019-06-01 16:10:26'),
(420,	'Cape Verde',	'2019-04-25 11:48:56',	'2019-06-01 16:10:26'),
(430,	'Cayman Islands',	'2019-04-25 11:48:56',	'2019-06-01 16:10:26'),
(440,	'Central African Republic',	'2019-04-25 11:48:56',	'2019-06-01 16:10:26'),
(450,	'Chad',	'2019-04-25 11:48:56',	'2019-06-01 16:10:26'),
(460,	'Chile',	'2019-04-25 11:48:56',	'2019-06-01 16:10:26'),
(470,	'China',	'2019-04-25 11:48:56',	'2019-06-01 16:10:26'),
(480,	'Christmas Island',	'2019-04-25 11:48:56',	'2019-06-01 16:10:26'),
(490,	'Cocos [Keeling] Islands',	'2019-04-25 11:48:56',	'2019-06-01 16:10:26'),
(500,	'Colombia',	'2019-04-25 11:48:56',	'2019-06-01 16:10:26'),
(510,	'Comoros',	'2019-04-25 11:48:56',	'2019-06-01 16:10:26'),
(520,	'Cook Islands',	'2019-04-25 11:48:56',	'2019-06-01 16:10:26'),
(530,	'Cooperacy',	'2019-04-25 11:48:56',	'2019-06-01 16:10:26'),
(540,	'Costa Rica',	'2019-04-25 11:48:56',	'2019-06-01 16:10:26'),
(550,	'Croatia',	'2019-04-25 11:48:56',	'2019-06-01 16:10:26'),
(560,	'Cuba',	'2019-04-25 11:48:56',	'2019-06-01 16:10:26'),
(570,	'Curacao',	'2019-04-25 11:48:56',	'2019-06-01 16:10:26'),
(580,	'Cyprus',	'2019-04-25 11:48:56',	'2019-06-01 16:10:26'),
(590,	'Czechia',	'2019-04-25 11:48:56',	'2019-06-01 16:10:26'),
(600,	'Democratic Republic of the Congo',	'2019-04-25 11:48:56',	'2019-06-01 16:10:26'),
(610,	'Denmark',	'2019-04-25 11:48:56',	'2019-06-01 16:10:26'),
(620,	'Djibouti',	'2019-04-25 11:48:56',	'2019-06-01 16:10:26'),
(630,	'Dominica',	'2019-04-25 11:48:56',	'2019-06-01 16:10:26'),
(640,	'Dominican Republic',	'2019-04-25 11:48:56',	'2019-06-01 16:10:26'),
(650,	'East Timor',	'2019-04-25 11:48:56',	'2019-06-01 16:10:26'),
(660,	'Ecuador',	'2019-04-25 11:48:56',	'2019-06-01 16:10:26'),
(670,	'Egypt',	'2019-04-25 11:48:56',	'2019-06-01 16:10:26'),
(680,	'El Salvador',	'2019-04-25 11:48:56',	'2019-06-01 16:10:26'),
(690,	'Equatorial Guinea',	'2019-04-25 11:48:56',	'2019-06-01 16:10:26'),
(700,	'Eritrea',	'2019-04-25 11:48:56',	'2019-06-01 16:10:26'),
(710,	'Estonia',	'2019-04-25 11:48:56',	'2019-06-01 16:10:26'),
(720,	'Ethiopia',	'2019-04-25 11:48:56',	'2019-06-01 16:10:26'),
(730,	'Falkland Islands',	'2019-04-25 11:48:56',	'2019-06-01 16:10:26'),
(740,	'Faroe Islands',	'2019-04-25 11:48:56',	'2019-06-01 16:10:26'),
(750,	'Fiji',	'2019-04-25 11:48:56',	'2019-06-01 16:10:26'),
(760,	'Finland',	'2019-04-25 11:48:56',	'2019-06-01 16:10:26'),
(770,	'France',	'2019-04-25 11:48:56',	'2019-06-01 16:10:26'),
(780,	'French Guiana',	'2019-04-25 11:48:56',	'2019-06-01 16:10:26'),
(790,	'French Polynesia',	'2019-04-25 11:48:56',	'2019-06-01 16:10:26'),
(800,	'French Southern Territories',	'2019-04-25 11:48:56',	'2019-06-01 16:10:26'),
(810,	'Gabon',	'2019-04-25 11:48:56',	'2019-06-01 16:10:26'),
(820,	'Gambia',	'2019-04-25 11:48:56',	'2019-06-01 16:10:26'),
(830,	'Georgia',	'2019-04-25 11:48:56',	'2019-06-01 16:10:26'),
(840,	'Germany',	'2019-04-25 11:48:56',	'2019-06-01 16:10:26'),
(850,	'Ghana',	'2019-04-25 11:48:56',	'2019-06-01 16:10:26'),
(860,	'Gibraltar',	'2019-04-25 11:48:56',	'2019-06-01 16:10:26'),
(870,	'Greece',	'2019-04-25 11:48:56',	'2019-06-01 16:10:26'),
(880,	'Greenland',	'2019-04-25 11:48:56',	'2019-06-01 16:10:26'),
(890,	'Grenada',	'2019-04-25 11:48:56',	'2019-06-01 16:10:26'),
(900,	'Guadeloupe',	'2019-04-25 11:48:56',	'2019-06-01 16:10:26'),
(910,	'Guam',	'2019-04-25 11:48:56',	'2019-06-01 16:10:26'),
(920,	'Guatemala',	'2019-04-25 11:48:56',	'2019-06-01 16:10:26'),
(930,	'Guernsey',	'2019-04-25 11:48:56',	'2019-06-01 16:10:26'),
(940,	'Guinea',	'2019-04-25 11:48:56',	'2019-06-01 16:10:26'),
(950,	'Guinea-Bissau',	'2019-04-25 11:48:56',	'2019-06-01 16:10:26'),
(960,	'Guyana',	'2019-04-25 11:48:56',	'2019-06-01 16:10:26'),
(970,	'Haiti',	'2019-04-25 11:48:56',	'2019-06-01 16:10:26'),
(980,	'Heard Island and McDonald Islands',	'2019-04-25 11:48:56',	'2019-06-01 16:10:26'),
(990,	'Honduras',	'2019-04-25 11:48:56',	'2019-06-01 16:10:26'),
(1000,	'Hong Kong',	'2019-04-25 11:48:56',	'2019-06-01 16:10:26'),
(1010,	'Hungary',	'2019-04-25 11:48:56',	'2019-06-01 16:10:26'),
(1020,	'Iceland',	'2019-04-25 11:48:56',	'2019-06-01 16:10:26'),
(1030,	'India',	'2019-04-25 11:48:56',	'2019-06-01 16:10:26'),
(1040,	'Indonesia',	'2019-04-25 11:48:56',	'2019-06-01 16:10:26'),
(1050,	'Iran',	'2019-04-25 11:48:56',	'2019-06-01 16:10:26'),
(1060,	'Iraq',	'2019-04-25 11:48:56',	'2019-06-01 16:10:26'),
(1070,	'Ireland',	'2019-04-25 11:48:56',	'2019-06-01 16:10:26'),
(1080,	'Isle of Man',	'2019-04-25 11:48:56',	'2019-06-01 16:10:26'),
(1090,	'Israel',	'2019-04-25 11:48:56',	'2019-06-01 16:10:26'),
(1100,	'Italy',	'2019-04-25 11:48:56',	'2019-06-01 16:10:26'),
(1110,	'Ivory Coast',	'2019-04-25 11:48:56',	'2019-06-01 16:10:26'),
(1120,	'Jamaica',	'2019-04-25 11:48:56',	'2019-06-01 16:10:26'),
(1130,	'Japan',	'2019-04-25 11:48:56',	'2019-06-01 16:10:26'),
(1140,	'Jersey',	'2019-04-25 11:48:56',	'2019-06-01 16:10:26'),
(1150,	'Jordan',	'2019-04-25 11:48:56',	'2019-06-01 16:10:26'),
(1160,	'Kazakhstan',	'2019-04-25 11:48:56',	'2019-06-01 16:10:26'),
(1170,	'Kenya',	'2019-04-25 11:48:56',	'2019-06-01 16:10:26'),
(1180,	'Kiribati',	'2019-04-25 11:48:56',	'2019-06-01 16:10:26'),
(1190,	'Kosovo',	'2019-04-25 11:48:56',	'2019-06-01 16:10:26'),
(1200,	'Kuwait',	'2019-04-25 11:48:56',	'2019-06-01 16:10:26'),
(1210,	'Kyrgyzstan',	'2019-04-25 11:48:56',	'2019-06-01 16:10:26'),
(1220,	'Laos',	'2019-04-25 11:48:56',	'2019-06-01 16:10:26'),
(1230,	'Latvia',	'2019-04-25 11:48:56',	'2019-06-01 16:10:26'),
(1240,	'Lebanon',	'2019-04-25 11:48:56',	'2019-06-01 16:10:26'),
(1250,	'Lesotho',	'2019-04-25 11:48:56',	'2019-06-01 16:10:26'),
(1260,	'Liberia',	'2019-04-25 11:48:56',	'2019-06-01 16:10:26'),
(1270,	'Libya',	'2019-04-25 11:48:56',	'2019-06-01 16:10:26'),
(1280,	'Liechtenstein',	'2019-04-25 11:48:56',	'2019-06-01 16:10:26'),
(1290,	'Lithuania',	'2019-04-25 11:48:56',	'2019-06-01 16:10:26'),
(1300,	'Luxembourg',	'2019-04-25 11:48:56',	'2019-06-01 16:10:26'),
(1310,	'Macao',	'2019-04-25 11:48:56',	'2019-06-01 16:10:26'),
(1320,	'Macedonia',	'2019-04-25 11:48:56',	'2019-06-01 16:10:26'),
(1330,	'Madagascar',	'2019-04-25 11:48:56',	'2019-06-01 16:10:26'),
(1340,	'Malawi',	'2019-04-25 11:48:56',	'2019-06-01 16:10:26'),
(1350,	'Malaysia',	'2019-04-25 11:48:56',	'2019-06-01 16:10:26'),
(1360,	'Maldives',	'2019-04-25 11:48:56',	'2019-06-01 16:10:26'),
(1370,	'Mali',	'2019-04-25 11:48:56',	'2019-06-01 16:10:26'),
(1380,	'Malta',	'2019-04-25 11:48:56',	'2019-06-01 16:10:26'),
(1390,	'Marshall Islands',	'2019-04-25 11:48:56',	'2019-06-01 16:10:26'),
(1400,	'Martinique',	'2019-04-25 11:48:56',	'2019-06-01 16:10:26'),
(1410,	'Mauritania',	'2019-04-25 11:48:56',	'2019-06-01 16:10:26'),
(1420,	'Mauritius',	'2019-04-25 11:48:56',	'2019-06-01 16:10:26'),
(1430,	'Mayotte',	'2019-04-25 11:48:56',	'2019-06-01 16:10:26'),
(1440,	'Mexico',	'2019-04-25 11:48:56',	'2019-06-01 16:10:26'),
(1450,	'Micronesia',	'2019-04-25 11:48:56',	'2019-06-01 16:10:26'),
(1460,	'Moldova',	'2019-04-25 11:48:56',	'2019-06-01 16:10:26'),
(1470,	'Monaco',	'2019-04-25 11:48:56',	'2019-06-01 16:10:26'),
(1480,	'Mongolia',	'2019-04-25 11:48:56',	'2019-06-01 16:10:26'),
(1490,	'Montenegro',	'2019-04-25 11:48:56',	'2019-06-01 16:10:26'),
(1500,	'Montserrat',	'2019-04-25 11:48:56',	'2019-06-01 16:10:26'),
(1510,	'Morocco',	'2019-04-25 11:48:56',	'2019-06-01 16:10:26'),
(1520,	'Mozambique',	'2019-04-25 11:48:56',	'2019-06-01 16:10:26'),
(1530,	'Myanmar [Burma]',	'2019-04-25 11:48:56',	'2019-06-01 16:10:26'),
(1540,	'Namibia',	'2019-04-25 11:48:56',	'2019-06-01 16:10:26'),
(1550,	'Nauru',	'2019-04-25 11:48:56',	'2019-06-01 16:10:26'),
(1560,	'Nepal',	'2019-04-25 11:48:56',	'2019-06-01 16:10:26'),
(1570,	'Netherlands',	'2019-04-25 11:48:56',	'2019-06-01 16:10:26'),
(1580,	'New Caledonia',	'2019-04-25 11:48:56',	'2019-06-01 16:10:26'),
(1590,	'New Zealand',	'2019-04-25 11:48:56',	'2019-06-01 16:10:26'),
(1600,	'Nicaragua',	'2019-04-25 11:48:56',	'2019-06-01 16:10:26'),
(1610,	'Niger',	'2019-04-25 11:48:56',	'2019-06-01 16:10:26'),
(1620,	'Nigeria',	'2019-04-25 11:48:56',	'2019-06-01 16:10:26'),
(1630,	'Niue',	'2019-04-25 11:48:56',	'2019-06-01 16:10:26'),
(1640,	'Norfolk Island',	'2019-04-25 11:48:56',	'2019-06-01 16:10:26'),
(1650,	'North Korea',	'2019-04-25 11:48:56',	'2019-06-01 16:10:26'),
(1660,	'Northern Mariana Islands',	'2019-04-25 11:48:56',	'2019-06-01 16:10:26'),
(1670,	'Norway',	'2019-04-25 11:48:56',	'2019-06-01 16:10:26'),
(1680,	'Oman',	'2019-04-25 11:48:56',	'2019-06-01 16:10:26'),
(1690,	'Pakistan',	'2019-04-25 11:48:56',	'2019-06-01 16:10:26'),
(1700,	'Palau',	'2019-04-25 11:48:56',	'2019-06-01 16:10:26'),
(1710,	'Palestine',	'2019-04-25 11:48:56',	'2019-06-01 16:10:26'),
(1720,	'Panama',	'2019-04-25 11:48:56',	'2019-06-01 16:10:26'),
(1730,	'Papua New Guinea',	'2019-04-25 11:48:56',	'2019-06-01 16:10:26'),
(1740,	'Paraguay',	'2019-04-25 11:48:56',	'2019-06-01 16:10:26'),
(1750,	'Peru',	'2019-04-25 11:48:56',	'2019-06-01 16:10:26'),
(1760,	'Philippines',	'2019-04-25 11:48:56',	'2019-06-01 16:10:26'),
(1770,	'Pitcairn Islands',	'2019-04-25 11:48:56',	'2019-06-01 16:10:26'),
(1780,	'Poland',	'2019-04-25 11:48:56',	'2019-06-01 16:10:26'),
(1790,	'Portugal',	'2019-04-25 11:48:56',	'2019-06-01 16:10:26'),
(1800,	'Puerto Rico',	'2019-04-25 11:48:56',	'2019-06-01 16:10:26'),
(1810,	'Qatar',	'2019-04-25 11:48:56',	'2019-06-01 16:10:26'),
(1820,	'Republic of the Congo',	'2019-04-25 11:48:56',	'2019-06-01 16:10:26'),
(1830,	'Romania',	'2019-04-25 11:48:56',	'2019-06-01 16:10:26'),
(1840,	'Russia',	'2019-04-25 11:48:56',	'2019-06-01 16:10:26'),
(1850,	'Rwanda',	'2019-04-25 11:48:56',	'2019-06-01 16:10:26'),
(1860,	'Runion',	'2019-04-25 11:48:56',	'2019-06-01 16:10:26'),
(1870,	'Saint Bartholemy',	'2019-04-25 11:48:56',	'2019-06-01 16:10:26'),
(1880,	'Saint Helena',	'2019-04-25 11:48:56',	'2019-06-01 16:10:26'),
(1890,	'Saint Kitts and Nevis',	'2019-04-25 11:48:56',	'2019-06-01 16:10:26'),
(1900,	'Saint Lucia',	'2019-04-25 11:48:56',	'2019-06-01 16:10:26'),
(1910,	'Saint Martin',	'2019-04-25 11:48:56',	'2019-06-01 16:10:26'),
(1920,	'Saint Pierre and Miquelon',	'2019-04-25 11:48:56',	'2019-06-01 16:10:26'),
(1930,	'Saint Vincent and the Grenadines',	'2019-04-25 11:48:56',	'2019-06-01 16:10:26'),
(1940,	'Samoa',	'2019-04-25 11:48:56',	'2019-06-01 16:10:26'),
(1950,	'San Marino',	'2019-04-25 11:48:56',	'2019-06-01 16:10:26'),
(1960,	'Sao Tom and Principe',	'2019-04-25 11:48:56',	'2019-06-01 16:10:26'),
(1970,	'Saudi Arabia',	'2019-04-25 11:48:56',	'2019-06-01 16:10:26'),
(1980,	'Senegal',	'2019-04-25 11:48:56',	'2019-06-01 16:10:26'),
(1990,	'Serbia',	'2019-04-25 11:48:56',	'2019-06-01 16:10:26'),
(2000,	'Seychelles',	'2019-04-25 11:48:56',	'2019-06-01 16:10:26'),
(2010,	'Sierra Leone',	'2019-04-25 11:48:56',	'2019-06-01 16:10:26'),
(2020,	'Singapore',	'2019-04-25 11:48:56',	'2019-06-01 16:10:26'),
(2030,	'Sint Maarten',	'2019-04-25 11:48:56',	'2019-06-01 16:10:26'),
(2040,	'Slovakia',	'2019-04-25 11:48:56',	'2019-06-01 16:10:26'),
(2050,	'Slovenia',	'2019-04-25 11:48:56',	'2019-06-01 16:10:26'),
(2060,	'Solomon Islands',	'2019-04-25 11:48:56',	'2019-06-01 16:10:26'),
(2070,	'Somalia',	'2019-04-25 11:48:56',	'2019-06-01 16:10:26'),
(2080,	'South Africa',	'2019-04-25 11:48:56',	'2019-06-01 16:10:26'),
(2090,	'South Georgia and the South Sandwich Islands',	'2019-04-25 11:48:56',	'2019-06-01 16:10:26'),
(2100,	'South Korea',	'2019-04-25 11:48:56',	'2019-06-01 16:10:26'),
(2110,	'South Sudan',	'2019-04-25 11:48:56',	'2019-06-01 16:10:26'),
(2120,	'Spain',	'2019-04-25 11:48:56',	'2019-06-01 16:10:26'),
(2130,	'Sri Lanka',	'2019-04-25 11:48:56',	'2019-06-01 16:10:26'),
(2140,	'Sudan',	'2019-04-25 11:48:56',	'2019-06-01 16:10:26'),
(2150,	'Suriname',	'2019-04-25 11:48:56',	'2019-06-01 16:10:26'),
(2160,	'Svalbard and Jan Mayen',	'2019-04-25 11:48:56',	'2019-06-01 16:10:26'),
(2170,	'Swaziland',	'2019-04-25 11:48:56',	'2019-06-01 16:10:26'),
(2180,	'Sweden',	'2019-04-25 11:48:56',	'2019-06-01 16:10:26'),
(2190,	'Switzerland',	'2019-04-25 11:48:56',	'2019-06-01 16:10:26'),
(2200,	'Syria',	'2019-04-25 11:48:56',	'2019-06-01 16:10:26'),
(2210,	'Taiwan',	'2019-04-25 11:48:56',	'2019-06-01 16:10:26'),
(2220,	'Tajikistan',	'2019-04-25 11:48:56',	'2019-06-01 16:10:26'),
(2230,	'Tanzania',	'2019-04-25 11:48:56',	'2019-06-01 16:10:26'),
(2240,	'Thailand',	'2019-04-25 11:48:56',	'2019-06-01 16:10:26'),
(2250,	'Togo',	'2019-04-25 11:48:56',	'2019-06-01 16:10:26'),
(2260,	'Tokelau',	'2019-04-25 11:48:56',	'2019-06-01 16:10:26'),
(2270,	'Tonga',	'2019-04-25 11:48:56',	'2019-06-01 16:10:26'),
(2280,	'Trinidad and Tobago',	'2019-04-25 11:48:56',	'2019-06-01 16:10:26'),
(2290,	'Tunisia',	'2019-04-25 11:48:56',	'2019-06-01 16:10:26'),
(2300,	'Turkey',	'2019-04-25 11:48:56',	'2019-06-01 16:10:26'),
(2310,	'Turkmenistan',	'2019-04-25 11:48:56',	'2019-06-01 16:10:26'),
(2320,	'Turks and Caicos Islands',	'2019-04-25 11:48:56',	'2019-06-01 16:10:26'),
(2330,	'Tuvalu',	'2019-04-25 11:48:56',	'2019-06-01 16:10:26'),
(2340,	'U.S. Minor Outlying Islands',	'2019-04-25 11:48:56',	'2019-06-01 16:10:26'),
(2350,	'U.S. Virgin Islands',	'2019-04-25 11:48:56',	'2019-06-01 16:10:26'),
(2360,	'Uganda',	'2019-04-25 11:48:56',	'2019-06-01 16:10:26'),
(2370,	'Ukraine',	'2019-04-25 11:48:56',	'2019-06-01 16:10:26'),
(2380,	'United Arab Emirates',	'2019-04-25 11:48:56',	'2019-06-01 16:10:26'),
(2390,	'United Kingdom',	'2019-04-25 11:48:56',	'2019-06-01 16:10:26'),
(2400,	'United States',	'2019-04-25 11:48:56',	'2019-06-01 16:10:26'),
(2410,	'Uruguay',	'2019-04-25 11:48:56',	'2019-06-01 16:10:26'),
(2420,	'Uzbekistan',	'2019-04-25 11:48:56',	'2019-06-01 16:10:26'),
(2430,	'Vanuatu',	'2019-04-25 11:48:56',	'2019-06-01 16:10:26'),
(2440,	'Vatican City',	'2019-04-25 11:48:56',	'2019-06-01 16:10:26'),
(2450,	'Venezuela',	'2019-04-25 11:48:56',	'2019-06-01 16:10:26'),
(2460,	'Vietnam',	'2019-04-25 11:48:56',	'2019-06-01 16:10:26'),
(2470,	'Wallis and Futuna',	'2019-04-25 11:48:56',	'2019-06-01 16:10:26'),
(2480,	'Western Sahara',	'2019-04-25 11:48:56',	'2019-06-01 16:10:26'),
(2490,	'Yemen',	'2019-04-25 11:48:56',	'2019-06-01 16:10:26'),
(2500,	'Zambia',	'2019-04-25 11:48:56',	'2019-06-01 16:10:26'),
(2510,	'Zimbabwe',	'2019-04-25 11:48:56',	'2019-06-01 16:10:26');

SET NAMES utf8mb4;

DROP TABLE IF EXISTS `migration`;
CREATE TABLE `migration` (
  `id` int(10) unsigned NOT NULL AUTO_INCREMENT,
  `migration` varchar(255) COLLATE utf8mb4_unicode_ci NOT NULL,
  `batch` int(11) NOT NULL,
  `created` timestamp NOT NULL DEFAULT CURRENT_TIMESTAMP,
  `updated` timestamp NOT NULL DEFAULT CURRENT_TIMESTAMP ON UPDATE CURRENT_TIMESTAMP,
  PRIMARY KEY (`id`)
) ENGINE=InnoDB DEFAULT CHARSET=utf8mb4 COLLATE=utf8mb4_unicode_ci;

INSERT INTO `migration` (`id`, `migration`, `batch`, `created`, `updated`) VALUES
(1,	'2014_10_12_000000_create_users_table',	1,	'2019-04-25 11:16:13',	'2019-04-25 11:16:13'),
(2,	'2014_10_12_100000_create_password_resets_table',	1,	'2019-04-25 11:16:13',	'2019-04-25 11:16:13');

DROP TABLE IF EXISTS `news`;
CREATE TABLE `news` (
  `id` int(10) NOT NULL AUTO_INCREMENT,
  `title` varchar(255) NOT NULL,
  `user` int(11) NOT NULL,
  `date` date NOT NULL,
  `status` tinyint(4) NOT NULL DEFAULT '0',
  `img` varchar(255) NOT NULL,
  `content` mediumtext NOT NULL,
  `created` timestamp NOT NULL DEFAULT CURRENT_TIMESTAMP,
  `updated` timestamp NOT NULL DEFAULT CURRENT_TIMESTAMP ON UPDATE CURRENT_TIMESTAMP,
  PRIMARY KEY (`id`),
  KEY `user` (`user`),
  CONSTRAINT `news_ibfk_2` FOREIGN KEY (`user`) REFERENCES `user` (`id`) ON DELETE NO ACTION ON UPDATE CASCADE
) ENGINE=InnoDB DEFAULT CHARSET=latin1;

INSERT INTO `news` (`id`, `title`, `user`, `date`, `status`, `img`, `content`, `created`, `updated`) VALUES
(5,	'2014 - The Beginning',	7,	'2017-05-28',	1,	'5999b13e6750e.jpg',	'At the beginning of 2014, <a class=\"au\" href=\"https://amdp.me\">Alessandro Merletti De Palo</a> meets Ilario Tito, an old friend from primary school, at Bar della Pace (The Peace Bar) in Rome, and tells him about the possibility of a social ecosystem based on cooperation where wealth, activities and governance are well distributed. They plan to look for other people interested in the idea.',	'2017-08-20 13:56:46',	'2019-07-21 23:03:24'),
(6,	'Autumn 2014 - Cooperacy research group',	7,	'2017-05-29',	1,	'5999b18755650.png',	'Alessandro Merletti De Palo looks for researchers interested in the Cooperation model he had been into for many years. He contacts his long term partner in the previous studies, the group psychologist Maria Gisa Masia, who introduced him to the psychological approach to groups dynamics. Then he invites the statistician Mariangela Nitti too in order to start the preliminary data studies about the <a class=\"au\" href=\"/cci\">Cooperation Context Index</a>. Alessandro Mancinella, a Masia colleague, will join the group in order to support the social representation analysis; Ilario Tito is of course part of the team together with other two who will then leave the group for lack of time. An Indian developer, Kanwar Ujjawal Sing sets the first basic website. The researchers edit a presentation paper in order to participate at the 2015 Collective Intelligence Conference organised by Scott Page from the University of Michigan and by the MIT Center for Collective Intelligence held in Santa Clara (CA), Silicon Valley.',	'2017-08-20 13:57:59',	'2019-07-21 23:03:39'),
(7,	'Winter 2015 - Cooperacy approved @ CIC 2015',	7,	'2017-05-30',	1,	'5999b25694d31.jpg',	'The paper goes well and Ilario and Alessandro decide to invest private money and fly to Silicon Valley in order to attend the Collective Intelligence Conference in Santa Clara. The group start to prepare the <a class=\"au\" href=\"https://www.researchgate.net/publication/280932405_Poster\">poster</a> that will be used to present the model.',	'2017-08-20 14:01:26',	'2019-07-21 23:03:51'),
(8,	'Spring 2015 - Cooperacy amongst the scientific members of the OuiShare Fest Research Lab',	7,	'2017-05-31',	1,	'5a99bfa3cab30.jpg',	'While awaiting the response from the University of Michigan, we sent the same paper also to the <a class=\"au\" href=\"http://2015.ouisharefest.com\">Ouishare Fest</a>, the leading festival of the Sharing Economy movement in Paris. In March we were notified that we had been chosen as part of their research lab. There, the model is well appreciated and many people seem to be interested, but only a few really get in touch with the Cooperacy group.',	'2017-08-20 14:01:57',	'2019-07-21 23:04:02'),
(9,	'Summer 2015  Cooperacy @ the Collective Intelligence Conference',	7,	'2017-06-01',	1,	'5999b2e79826a.jpg',	'Cooperacy presents its <a class=\"au\" href=\"/project-articles\">model</a> and poster during the Collective Intelligence Conference, 2015, in Santa Clara, Silicon Valley, at the presence of Google Vice President Regina Duncan and the Facebook Research Lab. The poster gathers a wide audience, the people remain also after the end of the presentation.',	'2017-08-20 14:03:51',	'2019-07-21 23:04:12'),
(10,	'Autumn 2015  Cooperacy @ the IASC Conference The City as a commons in Bologna',	7,	'2017-06-02',	1,	'5999b323cbdcb.png',	'The paper from Cooperacy is selected for the <a class=\"au\" href=\"https://www.iasc-commons.org\">IASC</a> Conference \"The City as a commons\" in Bologna. During a plenary speech, Alessandro suggests to have a common fund for changing the current economic system that is the principle obstacle against a culture based on the commons framework. The idea is appreciated with some smiles -and some laughing too- because of its eccentric nature. \r\nWhen back home, Alessandro understands that a <a class=\"aue\" href=\"/platform\">collection of common money</a> could be the missing piece of the Cooperacy project.',	'2017-08-20 14:04:51',	'2019-07-21 23:04:19'),
(11,	'Autumn 2015 - Cooperacy amongst the Milano Smart City Sharing Economy Experts',	7,	'2017-06-03',	1,	'5999b3419d039.png',	'The Milan municipality inserts Cooperacy amongst the Sharing Economy Experts and Operators for the <a class=\"au\" href=\"http://www.milanosmartcity.org\">Milano Smart City</a> Project.',	'2017-08-20 14:05:21',	'2019-07-21 23:04:26'),
(12,	'Autumn 2015 - Cooperacy invited @ the First Positive Peace Conference',	7,	'2017-06-04',	1,	'',	'Due to the strong similarities between the Positive Peace concept and the Cooperative Contexts in international indicators, Cooperacy is invited by the <a class=\"au\" href=\"http://economicsandpeace.org\">Institute for Economy and Peace</a> at the first Inaugural Conference on Positive Peace at Stanford. Due to lack of funds, Cooperacy had to reluctantly decline.',	'2017-08-20 14:06:23',	'2019-07-21 23:05:45'),
(13,	'Autumn 2015 - the Horizon 2020 group',	7,	'2017-06-05',	1,	'',	'Cooperacy brings together many international partners for the big project of developing a cooperation theory game portal and its mobile app able to make people learn how to cooperate. The project is developed, and after a first trial it is resubmitted in 2016. The participant institutions are:\r\n\r\n<br><br>Cooperacy Research Association, Italy<br>\r\nMykolas Romeris University, Lithuania<br>\r\nUniversidad de Mlaga, Spain<br>\r\nUniversity of Coimbra, Portugal<br>\r\nUniversity of Manchester, England<br>\r\nDelft University of Technology, Holland<br>\r\nDemocracyOS, Argentina<br>\r\nMeet the Media Guru, Italy<br>\r\nMarconi University, Italy<br>\r\nSlovak Academy of Science, Slovak Republic<br>\r\nThem Games, France<br>\r\nAmarena Pictures, Italy<br>\r\nGenius Loci, Italy<br>\r\nLa Sapienza, Italy<br>\r\nCNRS Paris, France<br>\r\nUniversiteit Gent, Belgium<br>\r\nUniversidade Lusofona, Portugal<br>\r\nUrbanisticni Institut, Republike Slovenije<br>\r\nLule Tekniska Universitet, Sweden<br>\r\nCPHFTW IVS Techfestival, Denmark<br>\r\nUniversity of Thessaly, Greece<br>\r\nUniversitat Jaume I, Spain<br>\r\nFundacin Deusto, Spain<br>\r\nAlpha Consulting, Italy<br>\r\nUniversit Politecnica delle Marche, Italy<br>\r\nIDLab, Italy<br>\r\nPurple Network, Italy<br><br>',	'2017-08-20 14:07:37',	'2019-07-21 23:05:54'),
(14,	'Spring 2016  Cooperacy @ the Collective Intelligence Conference',	7,	'2017-06-11',	1,	'5999b6ddbc746.png',	'Cooperacy investigations are chosen again by the <a class=\"au\" href=\"http://cci.mit.edu/\">Center for Collective Intelligence</a> International Conference, this time held in New York at the NYU Stern School of Business.',	'2017-08-20 14:20:45',	'2019-07-21 23:06:00'),
(15,	'Autumn 2016  Cooperacy @ the Open Production Conference',	7,	'2017-06-18',	1,	'',	'<video width=\"480px\" height=\"360px\"  controls>\r\n  <source src=\"https://cooperacy.org/images/germany.mp4\" type=\"video/mp4\" alt=\"null\">\r\n  </video>\r\n<br>During the Conference at NYU Stern School of Business, Cooperacy is invited in Hamburg for the Open Production Conference. During the conference a video interview asks Alessandro Merletti De Palo to talk about the importance of a <a class=\"au\" href=\"/research\">interdisciplinary</a> approach.',	'2017-08-20 14:22:04',	'2019-07-21 23:06:20'),
(16,	'Spring 2017  Cooperacy @ the Partial Least Square 2017 International Conference',	7,	'2017-08-20',	1,	'5999b798029c5.jpg',	'The Cooperacy Research Team developed the <a class=\"au\" href=\"/cci\">Cooperation Context Index by Country</a>, an international index which describes whether the context of a country may facilitate or inhibit people to <a class=\"au\" href=\"/cooperation\">cooperate</a>. The relative <a class=\"au\" href=\"/project-articles\">scientific article</a>, accepted for presentation and conference, was written by Alessandro Merletti De Palo, Mostafa Rasoolimanesh, Mariangela Nitti, Gianna Monti and Fabio Marigo. In particular, Alessandro and Mostafa have been working without knowing each other for two years. Here you find the picture shot when they met for the first time, just in Macau at the PLS\'17 conference.',	'2017-08-20 14:23:52',	'2019-07-21 23:06:39'),
(17,	'September 2017 - Cooperacy @ Techfestival in Copenhagen',	22,	'2017-09-10',	1,	'5a8a03b714124.jpg',	'Techfestival aim was to start a new conversation on the relationship between humans & technology: people of all ages, backgrounds and nationalities gatehered in Copenhagen to attend events, talks and meetups.\r\n\r\n<p class=\"base\">Cooperacy participated with three activities:</p>\r\n<ul>\r\n<li class=\"base\">an <a href=\"https://www.eventbrite.com/e/cooperacy-social-technologies-and-acroyoga-at-techfestival-tickets-37098001120\" class=\"au\">event</a> where participants could learn more about cooperation and the social technologies that may enhance it and could experiment physical cooperation through an acro-yoga demo</li>\r\n<li class=\"base\">a <a href=\"https://www.eventbrite.com/e/cooperative-monopoly-meetup-at-techfestival-tickets-37099182654\" class=\"au\">session</a> of &ldquo;<a href=\"https://cooperacy.org/fun\" class=\"au\r\n\">Cooperative Monopoly</a>&ldquo; where participants - with the help of the workshop coordinators - experimented a different social system able to bring common enjoyment</li>\r\n<li class=\"base\">cph150, a two-day think tank with 150 philosophers, designers, technologists, artists, researchers and writers that resulted in a progressive manifesto on responsible tech development: <a href=\"https://copenhagenletter.org/\" class=\"au\">the Copenhagen Letter</a></li>\r\n</ul>',	'2018-02-18 21:43:28',	'2019-07-21 23:07:20'),
(18,	'October 2017 - Cooperacy Open Ecosystem for AIR3',	22,	'2017-10-30',	1,	'5a8a063bccce6.jpg',	'AIR3, the Association of Italian Film Directors, asked Cooperacy to facilitate their assembly meetings through a participative format. The end of October marked an important moment for AIR3 as a decision about its future governance was needed. In this occasion Cooperacy organized a one-day meeting based on the Open Ecosystem.\r\n\r\n<p class=\"base\"><a href=\"http://youmark.it/rubriche/air3-si-incontra-di-nuovo-a-campo-largo-format-creato-da-cooperacy-per-gestire-i-lavori-durante-gli-incontri-degli-associati\" class=\"au\">Press Release YouMark</a></p>\r\n<p class=\"base\"><a href=\"http://www.mediakey.tv/index.php?id=leggi-news&amp;tx_ttnews%5Btt_news%5D=77050&amp;cHash=d264086177468db9e3baa8826b7189ac\" class=\"au\">Press Release Media Key</a></p>',	'2018-02-18 22:03:23',	'2019-07-21 23:07:38'),
(19,	'September 2017 - Cooperacy @ Hackathon on Rare Diseases',	22,	'2017-09-30',	1,	'5a8b2feb9dea4.jpg',	'During the second edition of the Forum on sustainability and opportunities in the health sector that took place in Florence on September 29-30, Cooperacy facilitated a hackathon on rare diseases aiming at fostering the cooperation in the development of a medical or paramedical idea. Five groups of students from PoliMi-NECST Lab and Laba-Libera Accademia di Belle Arti di Brescia participated in the hackathon and two of them equally shared the victory.\r\n\r\n<p class=\"base\"><a href=\"https://www.specchioeconomico.com/rubriche/le-ultimissime/3957-supportato-da-cooperacy-concluso-leopolda-hackathon-sulle-malattie-rare\" class=\"au\">Press Release Specchio Economico</a></p>\r\n<p class=\"base\"><a href=\"http://www.digitalmarketingfarmaceutico.it/rarehackaton/\" class=\"au\">Press Release Digital Marketing</a></p>',	'2018-02-19 19:13:31',	'2019-07-21 23:07:59');
DROP TABLE IF EXISTS `password_reset`;
CREATE TABLE `password_reset` (
  `email` varchar(255) COLLATE utf8mb4_unicode_ci NOT NULL,
  `token` varchar(255) COLLATE utf8mb4_unicode_ci NOT NULL,
  `created` timestamp NOT NULL DEFAULT CURRENT_TIMESTAMP,
  `updated` timestamp NOT NULL DEFAULT CURRENT_TIMESTAMP ON UPDATE CURRENT_TIMESTAMP,
  KEY `password_resets_email_index` (`email`),
  KEY `password_resets_token_index` (`token`)
) ENGINE=InnoDB DEFAULT CHARSET=utf8mb4 COLLATE=utf8mb4_unicode_ci;
INSERT INTO `password_reset` (`email`, `token`, `created`, `updated`) VALUES
('eneabarbetta@yahoo.it',	'$2y$10$9slnXsUIZM0f4tgjpP9BF.k4hnOzyivODBPCLKPZ03B3.iHjT2DmG',	'2017-04-19 06:03:03',	'2019-04-25 11:44:47'),
('deepzstudio@gmail.com',	'$2y$10$46hrm/o.xf6jdsGmDLpbRe.PLRH5Wuijy9WuJKvHWuKRzBjTi1L9C',	'2018-05-09 06:47:23',	'2019-04-25 11:44:47'),
('franunziati@yahoo.it',	'$2y$10$pKaCa9TbsdX7XD9E2CKV9OorU3SaN/aVnhbyypY4WCrtABnpUVuG6',	'2018-06-06 16:20:02',	'2019-04-25 11:44:47'),
('enea.barbetta@gmail.com',	'$2y$10$O5IYJHYS0bNRHIy7Io5O1uLgzNB/j.LaY/AFf3y1UrsUA2FR41n2m',	'2018-09-15 09:32:11',	'2019-04-25 11:44:47');
DROP TABLE IF EXISTS `place`;
CREATE TABLE `place` (
  `id` int(11) NOT NULL AUTO_INCREMENT,
  `country` int(11) NOT NULL,
  `name` varchar(128) COLLATE utf8_bin NOT NULL,
  `created` timestamp NOT NULL DEFAULT CURRENT_TIMESTAMP,
  `updated` timestamp NOT NULL DEFAULT CURRENT_TIMESTAMP ON UPDATE CURRENT_TIMESTAMP,
  PRIMARY KEY (`id`),
  KEY `country` (`country`),
  CONSTRAINT `place_ibfk_2` FOREIGN KEY (`country`) REFERENCES `country` (`id`) ON DELETE NO ACTION ON UPDATE CASCADE
) ENGINE=InnoDB DEFAULT CHARSET=utf8 COLLATE=utf8_bin;
INSERT INTO `place` (`id`, `country`, `name`, `created`, `updated`) VALUES
(1,	1,	'Cooperacy',	'2019-06-01 22:29:43',	'2019-06-01 22:32:07'),
(260,	1100,	'Milan',	'2019-04-25 11:48:56',	'2019-06-01 17:13:03'),
(261,	1100,	'Pescara',	'2019-04-25 11:48:56',	'2019-06-01 17:13:03'),
(262,	2380,	'Abu Dhabi',	'2019-04-25 11:48:56',	'2019-06-01 17:13:03'),
(263,	1100,	'Palermo',	'2019-04-25 11:48:56',	'2019-06-01 17:13:03'),
(264,	2400,	'Los Angeles',	'2019-04-25 11:48:56',	'2019-06-01 17:13:03'),
(266,	840,	'Berlin',	'2019-04-25 11:48:56',	'2019-06-01 17:13:03'),
(384,	1790,	'Lisbon',	'2019-04-25 11:48:56',	'2019-06-01 17:13:03'),
(385,	450,	'Ndjamena',	'2019-05-30 16:03:33',	'2019-06-01 17:13:03'),
(386,	850,	'Accra',	'2019-05-30 16:10:41',	'2019-06-01 17:11:18'),
(388,	1100,	'Rome',	'2019-06-01 22:58:40',	'2019-06-01 22:58:40');
DROP TABLE IF EXISTS `plan`;
CREATE TABLE `plan` (
  `id` int(11) NOT NULL AUTO_INCREMENT,
  `plan_id` varchar(32) NOT NULL,
  `charge_id` varchar(32) NOT NULL,
  `status` varchar(32) NOT NULL,
  `created` timestamp NOT NULL DEFAULT CURRENT_TIMESTAMP,
  `updated` timestamp NOT NULL DEFAULT CURRENT_TIMESTAMP ON UPDATE CURRENT_TIMESTAMP,
  PRIMARY KEY (`id`)
) ENGINE=InnoDB DEFAULT CHARSET=utf8;
INSERT INTO `plan` (`id`, `plan_id`, `charge_id`, `status`, `created`, `updated`) VALUES
(17,	'P-4ES58239FA7477303C3KHDVQ',	'CHM-5X610516X75916324C3KHDVQ',	'ACTIVE',	'2017-05-17 14:43:24',	'2019-04-25 11:50:27'),
(40,	'P-1N610333JY173362GQV5CNZI',	'CHM-756165714L106921YQV5CNZI',	'ACTIVE',	'2017-04-19 09:10:32',	'2019-04-25 11:50:27'),
(41,	'P-6R7643178B592812NQV5PROI',	'CHM-09S659260G347972WQV5PROI',	'ACTIVE',	'2017-04-19 09:11:26',	'2019-04-25 11:50:27'),
(42,	'P-1LM410640K3288519QV5ZGOQ',	'CHM-7WD838607D731481WQV5ZGOQ',	'ACTIVE',	'2017-04-19 09:12:05',	'2019-04-25 11:50:27'),
(43,	'P-6EF81365K6586400YQWGURAI',	'CHM-1GC89288S9610992SQWGURAI',	'ACTIVE',	'2017-04-19 09:31:26',	'2019-04-25 11:50:27'),
(44,	'P-09Y79846LV1488311TMNIASY',	'CHM-8LH74107NW269483WTMNIASY',	'ACTIVE',	'2017-04-23 13:57:39',	'2019-04-25 11:50:27'),
(47,	'P-3FU84329A7862052TH5WDOUI',	'CHM-4H613377NT882591DH5WDOUI',	'ACTIVE',	'2017-05-25 11:44:38',	'2019-04-25 11:50:27'),
(48,	'P-1UG70463P72031459ZG3G2NQ',	'CHM-36716540CV2133339ZG3G2NY',	'ACTIVE',	'2017-06-21 08:13:17',	'2019-04-25 11:50:27'),
(49,	'P-9S912518MN920023GACJV5JA',	'CHM-12W01996NJ065520SACJV5JA',	'ACTIVE',	'2017-08-20 16:56:55',	'2019-04-25 11:50:27'),
(50,	'P-3UR81766X9178113NQ3ZBOBI',	'CHM-1NM06593AN5534546Q3ZBOBI',	'ACTIVE',	'2017-11-04 12:12:16',	'2019-04-25 11:50:27'),
(51,	'P-29B62270R63345030CIR375I',	'CHM-5EP23290SK771871SCIR375I',	'ACTIVE',	'2018-06-18 09:04:53',	'2019-04-25 11:50:27'),
(52,	'P-1WH73665BL312661KYYUXEHY',	'CHM-2KK800933T297710JYYUXEHY',	'ACTIVE',	'2018-07-23 08:02:45',	'2019-04-25 11:50:27'),
(53,	'P-41B7233963047314DCGE7C3A',	'CHM-5DD34377YB770353HCGE7C3A',	'ACTIVE',	'2018-11-14 09:25:16',	'2019-04-25 11:50:27');
DROP TABLE IF EXISTS `project`;
CREATE TABLE `project` (
  `id` int(11) NOT NULL AUTO_INCREMENT,
  `name` varchar(128) COLLATE utf8_bin NOT NULL,
  `country` int(11) NOT NULL,
  `place` int(11) NOT NULL DEFAULT '260',
  `brief` varchar(256) COLLATE utf8_bin NOT NULL,
  `content` varchar(2046) COLLATE utf8_bin NOT NULL DEFAULT '-',
  `video` varchar(1024) COLLATE utf8_bin NOT NULL DEFAULT '-',
  `anonymous` tinyint(1) NOT NULL DEFAULT '0',
  `parent` int(11) NOT NULL DEFAULT '1',
  `category` int(11) NOT NULL DEFAULT '1',
  `stage` int(11) NOT NULL DEFAULT '7',
  `collected` decimal(32,16) NOT NULL DEFAULT '0.0000000000000000',
  `budget` decimal(32,16) NOT NULL DEFAULT '0.0000000000000000',
  `participant` int(11) NOT NULL DEFAULT '2',
  `hudget` int(11) NOT NULL DEFAULT '2',
  `E` int(11) NOT NULL DEFAULT '0',
  `T` int(11) NOT NULL DEFAULT '0',
  `C` int(11) NOT NULL DEFAULT '0',
  `I` int(11) NOT NULL DEFAULT '7',
  `F` int(11) NOT NULL DEFAULT '0',
  `U` int(11) NOT NULL DEFAULT '0',
  `D` int(11) NOT NULL DEFAULT '0',
  `created` timestamp NOT NULL DEFAULT CURRENT_TIMESTAMP,
  `updated` timestamp NOT NULL DEFAULT CURRENT_TIMESTAMP ON UPDATE CURRENT_TIMESTAMP,
  PRIMARY KEY (`id`),
  KEY `place` (`place`),
  KEY `stage` (`stage`),
  KEY `category` (`category`),
  CONSTRAINT `project_ibfk_4` FOREIGN KEY (`place`) REFERENCES `place` (`id`) ON DELETE NO ACTION ON UPDATE CASCADE,
  CONSTRAINT `project_ibfk_5` FOREIGN KEY (`stage`) REFERENCES `stage` (`id`) ON DELETE NO ACTION ON UPDATE CASCADE,
  CONSTRAINT `project_ibfk_6` FOREIGN KEY (`category`) REFERENCES `category` (`id`) ON DELETE NO ACTION ON UPDATE CASCADE
) ENGINE=InnoDB DEFAULT CHARSET=utf8 COLLATE=utf8_bin;
INSERT INTO `project` (`id`, `name`, `country`, `place`, `brief`, `content`, `video`, `anonymous`, `parent`, `category`, `stage`, `collected`, `budget`, `participant`, `hudget`, `E`, `T`, `C`, `I`, `F`, `U`, `D`, `created`, `updated`) VALUES
(1,	'Cooperacy',	1,	1,	'Cooperacy',	'Cooperacy is a scientific project aiming to spread the practice and the awareness of ecosystemic thinking and cooperation.',	'',	0,	1,	0,	7,	1.5309958911948288,	7000.0000000000000000,	1,	7000,	5,	4,	2,	0,	3,	0,	4,	'2019-04-25 11:58:19',	'2019-07-07 13:26:05'),
(375,	'Corso di Chitarra a Milano',	1100,	260,	'Corso di chitarra a cura di Giovanna Littardi',	'    -',	'    ',	0,	1,	2,	5,	0.0000000000000000,	30.0000000000000000,	2,	5,	2,	1,	1,	0,	0,	0,	0,	'2019-04-23 15:21:14',	'2019-06-10 04:35:53'),
(378,	'Cooperacy Management',	1100,	260,	'Cooperacy planning, progress and project management',	'-',	'',	0,	1,	1,	5,	0.0000000000000000,	0.0000000000000000,	2,	1,	0,	0,	0,	0,	0,	0,	0,	'2019-04-23 13:43:29',	'2019-06-10 04:32:04'),
(389,	'Cooperacy Research',	1,	1,	'The main research body of Cooperacy.',	'-',	'',	0,	1,	4,	5,	0.0000000000000000,	0.0000000000000000,	2,	1,	0,	0,	0,	0,	0,	0,	0,	'2019-04-22 18:34:25',	'2019-06-01 22:30:59'),
(390,	'Sito Web',	1100,	260,	'aborted project due to parent project decision: \"not a research project nor financially aware of Cooperacy not-for-profit redistribution system\"\r\n\r\n',	'Un sito che divide il 53% dei suoi guadagni con gli utenti:  http://bit.ly/2iQE5yq Ciao abbiamo creato una piattaforma basata sulla video conferenza che sta gi funzionando e dando ottimi risultati (circa 600.000 euro raccolti da fino agosto a fine ottobre) \r\nPer farla semplicissima si pu dire che come Airbnb ti fa mettere a reddito la casa e come Uber ti fa mettere a reddito la macchina, cos Cam TV ti fa mettere a reddito il tuo sapere. \r\nfatevi un giro :)  http://bit.ly/2iQE5yq\r\n\r\nAle',	'',	0,	389,	1,	1,	0.0000000000000000,	1000000.0000000000000000,	2,	1,	0,	0,	0,	0,	0,	0,	0,	'2019-04-22 18:34:25',	'2019-06-01 22:31:09'),
(401,	'FB Page Editorial Plan',	1100,	260,	'FB Page Editorial Plan',	'The aim of this discussion is collecting from all members relevant informations in order to populate our topics\' calendar for cooperacy.org Facebook page. Please contribute to it or share your opinions and doubts about the activity. Any contribution will be more than appreciated.',	'',	1,	402,	2,	5,	0.0000000000000000,	0.0000000000000000,	2,	1,	0,	1,	0,	0,	0,	1,	1,	'2019-04-22 18:34:25',	'2019-06-01 22:31:19'),
(402,	'The Messengers',	1100,	260,	'The Communication Project of Cooperacy',	'-',	'',	0,	1,	1,	5,	0.0000000000000000,	0.0000000000000000,	2,	2,	1,	0,	0,	0,	0,	1,	0,	'2019-04-22 18:34:25',	'2019-06-01 22:31:24'),
(434,	'Platform Bugs',	1100,	260,	'Shared Google Sheet to Collect Platform Bugs',	'We can use this Google Sheet to signal and collect the bugs we discover while using the platform: https://docs.google.com/spreadsheets/d/1T4nKvzqc-bXeLg-cjETBFM7iFsrXlg5DAr--wS6Fzn0/edit?usp=sharing',	'',	0,	378,	1,	5,	0.0000000000000000,	0.0000000000000000,	2,	0,	2,	1,	2,	0,	2,	0,	1,	'2019-04-22 18:34:25',	'2019-06-01 22:31:32'),
(469,	'FAQ for our website',	1100,	260,	'Cooperacy FAQ page',	'-',	'',	0,	402,	2,	5,	0.0000000000000000,	0.0000000000000000,	2,	1,	1,	0,	0,	0,	0,	0,	0,	'2019-04-22 18:34:25',	'2019-06-01 22:31:35'),
(581,	'Cooperacy Events',	1,	1,	'Stay tuned for all the Cooperacy Events!',	'This project is born as a way to be notified about all the Cooperacy Events',	'',	0,	1,	1,	5,	0.0000000000000000,	0.0000000000000000,	2,	2,	1,	1,	1,	0,	0,	1,	0,	'2019-04-23 13:43:33',	'2019-07-07 14:38:42'),
(732,	'Lezioni di Acroyoga',	1100,	260,	'Impara a fare Acroyoga e sostieni Cooperacy!',	'Gestito dall\'associazione Open Acroyoga',	'',	0,	1,	1,	5,	0.0000000000000000,	0.0000000000000000,	2,	2,	0,	0,	0,	0,	0,	0,	0,	'2019-04-22 18:34:25',	'2019-06-01 22:31:50'),
(733,	'Mercatino di frutta partecipata',	1100,	260,	'Acquista con Cooperacy frutta buona e rivendila pagandoti il trasporto',	'Progetto gi testato e riattivabile',	'',	0,	1,	1,	5,	0.0000000000000000,	0.0000000000000000,	2,	2,	1,	0,	0,	0,	0,	0,	0,	'2019-04-22 18:34:25',	'2019-06-01 22:31:53');
DROP TABLE IF EXISTS `projectvote`;
CREATE TABLE `projectvote` (
  `id` int(11) NOT NULL AUTO_INCREMENT,
  `user` int(11) NOT NULL,
  `project` int(11) NOT NULL,
  `condition` char(1) COLLATE utf8_bin NOT NULL,
  `created` timestamp NOT NULL DEFAULT CURRENT_TIMESTAMP,
  `updated` timestamp NOT NULL DEFAULT CURRENT_TIMESTAMP ON UPDATE CURRENT_TIMESTAMP,
  PRIMARY KEY (`id`),
  KEY `user` (`user`),
  KEY `project` (`project`),
  CONSTRAINT `projectvote_ibfk_3` FOREIGN KEY (`user`) REFERENCES `user` (`id`) ON DELETE NO ACTION ON UPDATE CASCADE,
  CONSTRAINT `projectvote_ibfk_4` FOREIGN KEY (`project`) REFERENCES `project` (`id`) ON DELETE NO ACTION ON UPDATE CASCADE
) ENGINE=InnoDB DEFAULT CHARSET=utf8 COLLATE=utf8_bin;
INSERT INTO `projectvote` (`id`, `user`, `project`, `condition`, `created`, `updated`) VALUES
(28,	40,	1,	'E',	'2017-09-03 19:17:31',	'2019-04-22 15:15:16'),
(31,	40,	1,	'T',	'2017-09-03 19:22:26',	'2019-04-22 15:15:25'),
(32,	40,	1,	'F',	'2017-09-03 19:22:28',	'2019-04-22 15:16:03'),
(42,	40,	1,	'C',	'2017-09-03 19:40:52',	'2019-04-22 15:15:34'),
(532,	1,	1,	'D',	'2017-09-29 11:03:52',	'2019-04-22 15:16:20'),
(533,	1,	1,	'F',	'2017-09-29 11:03:59',	'2019-04-22 15:16:03'),
(597,	1,	375,	'E',	'2017-10-03 18:44:45',	'2019-04-22 15:15:16'),
(598,	1,	375,	'C',	'2017-10-03 18:44:48',	'2019-04-22 15:15:34'),
(602,	1,	375,	'T',	'2017-10-03 18:51:05',	'2019-04-22 15:15:25'),
(638,	12,	1,	'T',	'2017-12-06 16:41:24',	'2019-04-22 15:15:25'),
(639,	12,	1,	'E',	'2017-12-06 16:41:26',	'2019-04-22 15:15:16'),
(640,	12,	1,	'F',	'2017-12-06 16:41:37',	'2019-04-22 15:16:03'),
(641,	12,	1,	'D',	'2017-12-06 16:41:41',	'2019-04-22 15:16:20'),
(656,	105,	1,	'E',	'2017-12-13 21:47:33',	'2019-04-22 15:15:16'),
(657,	105,	1,	'T',	'2017-12-13 21:47:36',	'2019-04-22 15:15:25'),
(659,	105,	1,	'D',	'2017-12-13 21:47:59',	'2019-04-22 15:16:20'),
(668,	7,	434,	'T',	'2017-12-15 11:49:06',	'2019-04-22 15:15:25'),
(669,	7,	434,	'C',	'2017-12-15 11:49:06',	'2019-04-22 15:15:34'),
(671,	7,	434,	'F',	'2017-12-15 11:49:09',	'2019-04-22 15:16:03'),
(699,	7,	402,	'E',	'2017-12-29 20:05:36',	'2019-04-22 15:15:16'),
(700,	7,	469,	'E',	'2017-12-29 20:05:53',	'2019-04-22 15:15:16'),
(809,	1,	1,	'E',	'2018-01-16 19:15:23',	'2019-04-22 15:15:16'),
(815,	7,	581,	'E',	'2018-05-31 10:05:36',	'2019-04-22 15:15:16'),
(822,	133,	434,	'C',	'2018-07-22 16:11:52',	'2019-04-22 15:15:34'),
(825,	133,	434,	'D',	'2018-07-22 16:12:00',	'2019-04-22 15:16:20'),
(826,	133,	434,	'F',	'2018-07-22 16:12:08',	'2019-04-22 15:16:03'),
(829,	133,	434,	'E',	'2018-07-22 16:12:23',	'2019-04-22 15:15:16'),
(833,	17,	375,	'E',	'2018-09-16 07:35:10',	'2019-04-22 15:15:16'),
(937,	7,	581,	'U',	'2019-04-23 15:43:33',	'2019-04-23 15:43:33'),
(994,	7,	434,	'E',	'2019-04-27 22:49:49',	'2019-04-27 22:49:49'),
(1001,	7,	733,	'E',	'2019-04-28 10:16:40',	'2019-04-28 10:16:40'),
(1002,	7,	581,	'T',	'2019-04-28 10:16:46',	'2019-04-28 10:16:46'),
(1010,	7,	402,	'U',	'2019-04-28 10:25:27',	'2019-04-28 10:25:27'),
(1167,	7,	1,	'T',	'2019-05-07 08:04:40',	'2019-05-07 08:04:40'),
(1177,	7,	401,	'T',	'2019-05-07 17:07:34',	'2019-05-07 17:07:34'),
(1181,	7,	401,	'U',	'2019-05-07 17:22:01',	'2019-05-07 17:22:01'),
(1186,	7,	401,	'D',	'2019-05-07 17:51:55',	'2019-05-07 17:51:55'),
(1207,	7,	1,	'D',	'2019-05-28 08:35:38',	'2019-05-28 08:35:38'),
(1209,	7,	1,	'E',	'2019-06-01 00:03:45',	'2019-06-01 00:03:45'),
(1210,	7,	1,	'C',	'2019-07-07 13:26:05',	'2019-07-07 13:26:05'),
(1211,	7,	581,	'C',	'2019-07-07 14:38:42',	'2019-07-07 14:38:42');
DROP TABLE IF EXISTS `removedcvote`;
CREATE TABLE `removedcvote` (
  `id` int(11) NOT NULL AUTO_INCREMENT,
  `user` int(11) NOT NULL,
  `project` int(11) NOT NULL DEFAULT '1',
  `comment` int(11) NOT NULL,
  `condition` char(1) COLLATE utf8_bin NOT NULL,
  `created` timestamp NOT NULL DEFAULT CURRENT_TIMESTAMP,
  `updated` timestamp NOT NULL DEFAULT CURRENT_TIMESTAMP ON UPDATE CURRENT_TIMESTAMP,
  PRIMARY KEY (`id`),
  KEY `user` (`user`),
  KEY `comment` (`comment`),
  KEY `project` (`project`),
  CONSTRAINT `removedcvote_ibfk_4` FOREIGN KEY (`user`) REFERENCES `user` (`id`) ON DELETE CASCADE ON UPDATE CASCADE,
  CONSTRAINT `removedcvote_ibfk_5` FOREIGN KEY (`comment`) REFERENCES `comment` (`id`) ON DELETE CASCADE ON UPDATE CASCADE,
  CONSTRAINT `removedcvote_ibfk_7` FOREIGN KEY (`project`) REFERENCES `project` (`id`) ON DELETE CASCADE ON UPDATE CASCADE
) ENGINE=InnoDB DEFAULT CHARSET=utf8 COLLATE=utf8_bin;
DROP TABLE IF EXISTS `removedpvote`;
CREATE TABLE `removedpvote` (
  `id` int(11) NOT NULL AUTO_INCREMENT,
  `user` int(11) NOT NULL,
  `project` int(11) NOT NULL,
  `condition` char(1) COLLATE utf8_bin NOT NULL,
  `created` timestamp NOT NULL DEFAULT CURRENT_TIMESTAMP,
  `updated` timestamp NOT NULL DEFAULT CURRENT_TIMESTAMP ON UPDATE CURRENT_TIMESTAMP,
  PRIMARY KEY (`id`),
  KEY `user` (`user`),
  KEY `project` (`project`),
  CONSTRAINT `removedpvote_ibfk_4` FOREIGN KEY (`user`) REFERENCES `user` (`id`) ON DELETE CASCADE ON UPDATE CASCADE,
  CONSTRAINT `removedpvote_ibfk_5` FOREIGN KEY (`project`) REFERENCES `project` (`id`) ON DELETE CASCADE ON UPDATE CASCADE
) ENGINE=InnoDB DEFAULT CHARSET=utf8 COLLATE=utf8_bin;
DROP TABLE IF EXISTS `role`;
CREATE TABLE `role` (
  `id` tinyint(3) NOT NULL AUTO_INCREMENT,
  `name` varchar(10) COLLATE utf8_bin NOT NULL,
  PRIMARY KEY (`id`)
) ENGINE=InnoDB DEFAULT CHARSET=utf8 COLLATE=utf8_bin;
INSERT INTO `role` (`id`, `name`) VALUES
(1,	'admin'),
(2,	'user'),
(3,	'reporter');
DROP TABLE IF EXISTS `stage`;
CREATE TABLE `stage` (
  `id` int(11) NOT NULL AUTO_INCREMENT,
  `name` varchar(255) COLLATE utf8_bin NOT NULL,
  PRIMARY KEY (`id`)
) ENGINE=InnoDB DEFAULT CHARSET=utf8 COLLATE=utf8_bin;
INSERT INTO `stage` (`id`, `name`) VALUES
(1,	'historical'),
(2,	'active'),
(3,	'approval'),
(4,	'testing'),
(5,	'nofunding'),
(6,	'pairing'),
(7,	'idea');
DROP TABLE IF EXISTS `tag`;
CREATE TABLE `tag` (
  `id` int(16) NOT NULL AUTO_INCREMENT,
  `project` int(11) NOT NULL,
  `name` varchar(255) NOT NULL,
  `created` timestamp NOT NULL DEFAULT CURRENT_TIMESTAMP,
  `updated` timestamp NOT NULL DEFAULT CURRENT_TIMESTAMP ON UPDATE CURRENT_TIMESTAMP,
  PRIMARY KEY (`id`),
  KEY `project` (`project`),
  CONSTRAINT `tag_ibfk_2` FOREIGN KEY (`project`) REFERENCES `project` (`id`) ON DELETE CASCADE ON UPDATE CASCADE
) ENGINE=InnoDB DEFAULT CHARSET=latin1;
INSERT INTO `tag` (`id`, `project`, `name`, `created`, `updated`) VALUES
(38,	732,	'acroyoga',	'2019-04-25 12:08:57',	'2019-04-25 12:08:57'),
(39,	733,	'frutta',	'2019-04-25 12:08:57',	'2019-04-25 12:08:57'),
(40,	733,	'verdura',	'2019-04-25 12:08:57',	'2019-04-25 12:08:57'),
(41,	375,	'chitarra',	'2019-06-09 19:01:36',	'2019-06-09 19:01:36'),
(42,	375,	'corso',	'2019-06-09 19:01:48',	'2019-06-09 19:01:48');
DROP TABLE IF EXISTS `user`;
CREATE TABLE `user` (
  `id` int(11) NOT NULL AUTO_INCREMENT,
  `name` varchar(255) COLLATE utf8_bin NOT NULL,
  `surname` varchar(255) COLLATE utf8_bin NOT NULL,
  `email` varchar(255) COLLATE utf8_bin NOT NULL,
  `password` varchar(255) COLLATE utf8_bin NOT NULL,
  `E` int(11) NOT NULL DEFAULT '4',
  `T` int(11) NOT NULL DEFAULT '4',
  `C` int(11) NOT NULL DEFAULT '4',
  `I` int(11) NOT NULL DEFAULT '4',
  `F` int(11) NOT NULL DEFAULT '4',
  `U` int(11) NOT NULL DEFAULT '4',
  `D` int(11) NOT NULL DEFAULT '4',
  `active` tinyint(1) NOT NULL DEFAULT '0',
  `role` tinyint(3) NOT NULL DEFAULT '2',
  `remember_token` varchar(100) COLLATE utf8_bin DEFAULT NULL,
  `paymentdeadline` datetime DEFAULT NULL,
  `paypalagreementid` varchar(16) COLLATE utf8_bin DEFAULT NULL,
  `created` timestamp NOT NULL DEFAULT CURRENT_TIMESTAMP,
  `updated` timestamp NOT NULL DEFAULT CURRENT_TIMESTAMP ON UPDATE CURRENT_TIMESTAMP,
  PRIMARY KEY (`id`),
  UNIQUE KEY `users_email_unique` (`email`),
  KEY `role` (`role`),
  CONSTRAINT `user_ibfk_2` FOREIGN KEY (`role`) REFERENCES `role` (`id`) ON DELETE NO ACTION ON UPDATE CASCADE
) ENGINE=InnoDB DEFAULT CHARSET=utf8 COLLATE=utf8_bin;
INSERT INTO `user` (`id`, `name`, `surname`, `email`, `password`, `E`, `T`, `C`, `I`, `F`, `U`, `D`, `active`, `role`, `remember_token`, `paymentdeadline`, `paypalagreementid`, `created`, `updated`) VALUES
(8,	'Jason',	'Scotto',	'jayjscotto@gmail.com',	'dumbdb88',	29,	9,	13,	4,	7,	0,	13,	1,	2,	NULL,	NULL,	'I-LYDVA4W364J0',	'2019-05-11 19:40:15',	'2019-05-11 19:41:24');
DROP TABLE IF EXISTS `userproject`;
CREATE TABLE `userproject` (
  `project` int(11) NOT NULL,
  `user` int(11) NOT NULL,
  `created` timestamp NOT NULL DEFAULT CURRENT_TIMESTAMP,
  `updated` timestamp NOT NULL DEFAULT CURRENT_TIMESTAMP ON UPDATE CURRENT_TIMESTAMP,
  KEY `project` (`project`),
  KEY `user` (`user`),
  CONSTRAINT `userproject_ibfk_4` FOREIGN KEY (`project`) REFERENCES `project` (`id`) ON DELETE CASCADE ON UPDATE CASCADE,
  CONSTRAINT `userproject_ibfk_5` FOREIGN KEY (`user`) REFERENCES `user` (`id`) ON DELETE CASCADE ON UPDATE CASCADE
) ENGINE=InnoDB DEFAULT CHARSET=utf8 COLLATE=utf8_bin;
INSERT INTO `userproject` (`project`, `user`, `created`, `updated`) VALUES
(378,	7,	'2019-04-25 15:22:39',	'2019-04-25 15:22:58'),
(389,	7,	'2019-04-25 15:22:39',	'2019-04-25 15:22:58'),
(402,	7,	'2019-04-25 15:22:39',	'2019-04-25 15:22:58'),
(581,	7,	'2019-04-25 15:22:39',	'2019-04-25 15:22:58'),
