CREATE DATABASE  IF NOT EXISTS `coo` /*!40100 DEFAULT CHARACTER SET latin1 */ /*!80016 DEFAULT ENCRYPTION='N' */;
USE `coo`;
-- MySQL dump 10.13  Distrib 8.0.17, for macos10.14 (x86_64)
--
-- Host: localhost    Database: coo
-- ------------------------------------------------------
-- Server version	8.0.18

/*!40101 SET @OLD_CHARACTER_SET_CLIENT=@@CHARACTER_SET_CLIENT */;
/*!40101 SET @OLD_CHARACTER_SET_RESULTS=@@CHARACTER_SET_RESULTS */;
/*!40101 SET @OLD_COLLATION_CONNECTION=@@COLLATION_CONNECTION */;
/*!50503 SET NAMES utf8 */;
/*!40103 SET @OLD_TIME_ZONE=@@TIME_ZONE */;
/*!40103 SET TIME_ZONE='+00:00' */;
/*!40014 SET @OLD_UNIQUE_CHECKS=@@UNIQUE_CHECKS, UNIQUE_CHECKS=0 */;
/*!40014 SET @OLD_FOREIGN_KEY_CHECKS=@@FOREIGN_KEY_CHECKS, FOREIGN_KEY_CHECKS=0 */;
/*!40101 SET @OLD_SQL_MODE=@@SQL_MODE, SQL_MODE='NO_AUTO_VALUE_ON_ZERO' */;
/*!40111 SET @OLD_SQL_NOTES=@@SQL_NOTES, SQL_NOTES=0 */;

--
-- Table structure for table `CCI-2015-OLD`
--

DROP TABLE IF EXISTS `CCI-2015-OLD`;
/*!40101 SET @saved_cs_client     = @@character_set_client */;
/*!50503 SET character_set_client = utf8mb4 */;
CREATE TABLE `CCI-2015-OLD` (
  `IsoN` int(11) NOT NULL,
  `country` varchar(64) NOT NULL,
  `CCI` decimal(6,3) NOT NULL,
  `EQUIVALENCE` decimal(6,3) NOT NULL,
  `TRUST` decimal(6,3) NOT NULL,
  `CARE` decimal(6,3) NOT NULL,
  `TRANSPARENCY` decimal(6,3) NOT NULL,
  `FREEDOM` decimal(6,3) NOT NULL,
  `UNDERSTANDING` decimal(6,3) NOT NULL,
  `DIVERSITY` decimal(6,3) NOT NULL,
  PRIMARY KEY (`IsoN`)
) ENGINE=InnoDB DEFAULT CHARSET=latin1;
/*!40101 SET character_set_client = @saved_cs_client */;

--
-- Dumping data for table `CCI-2015-OLD`
--

LOCK TABLES `CCI-2015-OLD` WRITE;
/*!40000 ALTER TABLE `CCI-2015-OLD` DISABLE KEYS */;
INSERT INTO `CCI-2015-OLD` VALUES (4,'Afghanistan',-1.440,-2.063,-0.728,-2.674,-0.648,-0.968,-0.158,1.014),(8,'Albania',-0.107,0.586,-0.269,0.323,-0.626,-0.537,-0.056,-0.211),(10,'Antarctica',0.012,0.000,0.000,0.000,0.000,0.060,0.000,0.000),(12,'Algeria',-0.778,0.172,-1.268,-0.062,-0.808,-1.327,-0.994,-0.863),(31,'Azerbaijan',-0.269,0.657,-0.843,0.145,-0.018,-1.142,-0.277,-0.544),(32,'Argentina',-0.087,0.375,-0.398,0.381,-0.139,-0.662,-0.289,-0.929),(36,'Australia',1.524,0.355,1.532,1.531,1.619,1.213,1.451,-0.537),(40,'Austria',1.074,0.252,0.483,0.984,1.167,1.197,1.151,-0.835),(48,'Bahrain',0.454,0.743,0.440,0.589,0.293,-0.067,0.637,0.572),(50,'Bangladesh',-1.204,-0.536,-1.614,-1.647,-0.804,-0.751,-1.110,-0.530),(51,'Armenia',0.036,0.641,-0.392,0.548,-0.208,-0.500,-0.309,-1.296),(56,'Belgium',1.286,0.494,0.791,0.883,1.508,1.381,1.851,0.656),(60,'Bermuda',0.088,0.079,0.000,0.221,-0.045,0.060,-0.024,-0.449),(64,'Bhutan',-0.392,-0.351,0.083,-0.529,0.267,-0.426,-0.735,0.854),(68,'Bolivia',-0.789,-0.492,-0.316,-0.660,-1.480,-0.342,-0.673,0.535),(70,'Bosnia and Herzegovina',-0.409,0.361,-0.960,0.665,-0.442,-0.773,-0.662,0.619),(72,'Botswana',0.099,0.023,0.576,-0.242,0.200,0.533,-0.553,0.089),(76,'Brazil',0.490,0.456,1.154,0.529,0.161,0.605,-0.676,-0.890),(100,'Bulgaria',0.219,0.941,-0.335,0.493,-0.139,0.312,-0.317,-0.640),(104,'Burma Myanmar',-2.177,-1.760,-1.880,-1.065,-2.368,-2.293,-1.771,0.613),(108,'Burundi',-1.576,-0.941,-2.038,-1.769,-0.349,-1.827,-1.685,-1.259),(116,'Cambodia',-1.318,-1.249,-1.016,-0.952,-2.098,-1.043,-1.041,-1.194),(120,'Cameroon',-1.441,-1.004,-1.009,-1.400,-1.362,-1.288,-0.523,2.500),(124,'Canada',1.538,0.533,1.682,1.300,1.780,1.531,1.542,1.022),(132,'Cape Verde',-0.128,-0.223,-0.471,0.138,-0.049,0.152,-0.362,-0.348),(144,'Sri Lanka',0.062,0.153,0.182,0.324,-0.347,-0.290,0.300,-0.026),(148,'Chad',-2.565,-2.179,-2.268,-2.047,-1.297,-2.345,-2.179,2.761),(152,'Chile',1.321,0.910,1.397,1.229,1.103,1.462,0.321,-1.224),(156,'China',-0.185,0.015,0.033,0.170,-0.689,-0.956,0.558,0.205),(158,'Taiwan',1.500,2.922,1.677,0.168,0.161,1.905,1.184,0.327),(170,'Colombia',0.189,-0.093,0.659,0.563,-0.132,-0.060,-0.298,-0.896),(188,'Costa Rica',1.193,1.005,1.283,1.215,0.666,0.836,0.773,-1.223),(191,'Croatia',0.498,1.458,0.171,0.612,-0.037,0.308,-0.166,-0.910),(196,'Cyprus',0.304,0.475,-1.019,0.573,-0.025,0.558,0.837,-0.462),(203,'Czech Republic',1.506,2.272,1.197,1.264,0.846,1.531,0.514,-0.838),(204,'Benin',-1.034,-0.992,-0.918,-1.082,-0.355,-0.467,-1.251,0.913),(208,'Denmark',1.559,0.494,1.612,1.077,1.863,1.228,1.461,-0.977),(214,'Dominican Republic',-0.229,-0.452,-0.047,0.377,-0.595,0.041,-0.932,-1.001),(218,'Ecuador',-0.214,-0.037,0.102,-0.136,-0.482,-0.714,-0.132,-0.813),(222,'El Salvador',0.130,0.091,0.458,0.536,-0.397,0.142,-0.624,-1.230),(226,'Equatorial Guinea',-0.520,-0.411,0.000,-0.915,-0.919,-0.557,-0.168,-0.609),(231,'Ethiopia',-1.493,-1.044,-0.753,-2.144,-0.805,-1.716,-0.703,1.572),(232,'Eritrea',-1.270,-2.086,-0.799,-1.937,0.028,-1.459,-0.216,0.568),(233,'Estonia',1.633,1.877,1.753,0.830,1.283,1.821,1.045,0.150),(246,'Finland',1.913,0.349,2.016,1.117,1.864,1.650,2.536,-0.916),(250,'France',1.232,0.516,0.376,1.039,2.104,1.154,1.081,-0.445),(266,'Gabon',-0.696,-0.131,-0.631,-0.193,-0.263,-0.801,-1.334,0.539),(268,'Georgia',0.201,0.048,-0.029,0.624,0.917,0.175,-0.669,-0.075),(270,'Gambia',-0.551,-0.566,0.007,-0.869,0.000,-0.456,-0.643,0.909),(276,'Germany',1.597,0.439,0.947,1.785,2.023,1.475,1.547,-0.205),(288,'Ghana',-0.363,-0.485,-0.097,-0.644,-0.186,0.433,-0.452,1.373),(300,'Greece',-0.080,0.262,-1.150,0.299,-0.060,-0.203,0.071,-1.059),(320,'Guatemala',-0.426,-0.770,0.521,-0.583,-0.838,0.085,-0.563,0.414),(324,'Guinea',-1.624,-1.027,-1.551,-1.546,-0.572,-1.359,-2.080,0.734),(328,'Guyana',-0.010,0.187,-0.111,-0.063,-0.340,0.044,0.061,-0.440),(332,'Haiti',-1.645,-2.138,-1.629,-1.289,-0.433,-1.775,-1.793,-1.232),(340,'Honduras',-0.180,-0.798,0.236,-0.064,-0.712,-0.017,-0.098,-1.128),(344,'Hong Kong',1.158,0.230,1.200,0.780,1.087,1.544,1.249,0.338),(348,'Hungary',0.299,1.501,-0.627,0.352,-0.380,0.299,0.088,-1.080),(352,'Iceland',0.920,0.556,0.437,0.713,0.448,0.505,1.582,-1.417),(356,'India',-0.401,-0.402,-0.029,-2.405,0.387,0.590,-0.002,0.743),(360,'Indonesia',0.156,-0.046,0.309,-0.547,0.230,0.428,0.714,0.841),(364,'Iran',-1.106,-0.541,-1.880,0.620,-0.909,-2.240,-0.498,0.604),(372,'Ireland',0.985,0.500,0.011,0.787,0.655,1.186,1.534,-1.077),(376,'Israel',0.581,0.264,0.792,0.457,0.139,0.241,1.212,0.274),(380,'Italy',0.313,0.195,-0.723,0.848,0.940,0.177,0.134,-0.261),(384,'Ivory Coast',-1.079,-1.767,-0.603,-1.039,-0.666,-0.637,-0.350,1.764),(388,'Jamaica',0.115,0.122,-0.061,0.190,-0.391,0.539,-0.204,-0.973),(392,'Japan',1.529,0.625,1.004,1.400,1.522,1.416,1.659,-0.817),(398,'Kazakhstan',-0.056,0.947,-0.262,0.551,-0.519,-0.787,0.138,0.681),(400,'Jordan',0.368,0.250,0.555,0.917,-0.127,-0.374,0.497,-0.585),(404,'Kenya',-0.683,-1.408,-0.038,-0.780,-0.506,-0.031,0.128,2.763),(410,'South Korea',1.135,1.427,0.281,1.432,1.203,0.464,0.935,-0.724),(414,'Kuwait',-0.079,0.749,0.288,0.379,-0.028,-0.972,-0.466,0.617),(417,'Kyrgyzstan',-0.565,0.439,-1.189,0.331,-0.734,-0.833,-0.830,0.102),(418,'Lao PDR',-0.971,-0.886,-0.438,-1.768,-0.103,-1.063,-0.591,0.527),(422,'Lebanon',-0.330,0.221,-0.408,0.308,-1.635,-0.486,0.032,-0.616),(426,'Lesotho',-0.960,-1.561,-1.864,-0.916,-0.071,-0.497,-0.552,-1.025),(428,'Latvia',0.686,1.315,0.712,0.393,-0.085,1.107,0.425,0.724),(430,'Liberia',-0.935,-1.485,-0.624,-0.673,-0.574,-0.277,-1.165,0.416),(440,'Lithuania',0.884,1.488,0.549,0.611,-0.155,0.939,1.002,-0.521),(442,'Luxembourg',1.185,0.428,1.365,0.706,0.709,1.888,1.322,0.901),(450,'Madagascar',-1.587,-1.754,-0.929,-1.669,-0.920,-1.313,-0.974,2.028),(454,'Malawi',-0.891,-1.191,-0.316,-0.719,-0.385,-0.239,-1.252,1.565),(458,'Malaysia',0.976,0.834,1.539,0.343,-0.110,1.006,1.826,1.083),(466,'Mali',-1.253,-1.454,-0.992,-1.439,-0.283,-0.841,-1.193,0.951),(470,'Malta',0.763,0.405,0.614,0.867,0.024,0.934,0.649,-1.151),(478,'Mauritania',-1.779,-1.229,-2.261,-1.270,-0.568,-1.826,-2.262,-0.567),(480,'Mauritius',0.553,0.979,0.904,0.157,-0.033,1.041,0.030,0.495),(484,'Mexico',0.224,0.112,0.310,0.498,0.091,-0.049,-0.142,-0.956),(496,'Mongolia',-0.312,0.003,-0.895,0.152,-0.831,-0.263,0.006,-0.506),(498,'Moldova',-0.386,0.319,-1.096,0.478,-0.646,-0.466,-0.720,-0.460),(499,'Montenegro',0.279,1.018,-0.149,0.432,-0.133,0.250,0.055,-0.103),(504,'Morocco',-0.425,-0.278,-0.239,-0.179,-0.425,-0.697,-0.639,-0.703),(508,'Mozambique',-1.300,-1.738,-0.813,-1.161,-0.691,-0.687,-1.419,0.897),(512,'Oman',0.104,0.699,0.457,0.528,0.183,-0.696,-0.396,0.317),(516,'Namibia',-0.134,-0.647,0.559,-0.259,-0.142,0.602,-0.411,1.268),(524,'Nepal',-1.413,-1.062,-1.385,-1.520,-0.811,-0.986,-0.876,1.955),(528,'Netherlands',1.642,0.472,1.245,1.431,1.833,1.558,1.893,-0.199),(554,'New Zealand',1.854,0.360,1.888,1.364,2.882,1.691,1.505,0.134),(558,'Nicaragua',-0.626,-0.585,-0.139,0.335,-1.089,-0.746,-1.363,-0.852),(562,'Niger',-0.790,-1.686,0.050,-1.412,-0.679,0.013,-0.487,0.163),(566,'Nigeria',-1.622,-1.159,-0.428,-2.787,-1.485,-0.701,-1.129,2.199),(578,'Norway',2.037,0.537,2.139,1.188,2.741,1.730,1.872,-0.998),(586,'Pakistan',-1.403,-0.688,-1.182,-2.227,-0.826,-1.220,-0.726,1.127),(591,'Panama',0.373,0.005,0.378,0.294,-0.170,1.062,0.099,-0.532),(598,'Papua New Guinea',-0.690,-1.755,-0.327,-1.368,0.038,0.000,-0.180,0.347),(600,'Paraguay',-0.399,-0.369,-0.185,0.482,-0.622,-0.108,-1.576,-0.784),(604,'Peru',0.079,-0.077,0.530,0.373,0.076,0.253,-0.890,-0.395),(608,'Philippines',0.110,-0.039,0.837,-0.482,0.092,0.449,0.414,1.950),(616,'Poland',1.173,1.739,1.015,0.584,0.866,1.232,0.262,-1.301),(620,'Portugal',0.713,0.378,-0.649,1.006,0.838,0.669,0.974,-1.311),(634,'Qatar',1.128,1.112,2.348,0.229,-0.221,0.806,2.086,1.373),(642,'Romania',0.535,1.183,-0.058,0.678,0.175,0.364,0.096,-1.117),(643,'Russia',-0.289,0.272,-0.658,-0.224,-0.039,-1.098,0.187,-0.364),(646,'Rwanda',-0.112,-0.408,0.110,-0.899,0.555,-0.476,0.055,-1.290),(682,'Saudi Arabia',0.245,0.324,0.898,0.446,-0.170,-0.702,0.445,-0.213),(686,'Senegal',-0.393,-0.760,-0.147,-0.306,-0.438,0.110,-0.264,0.834),(688,'Serbia',-0.103,1.158,-0.686,0.396,-0.731,-0.187,-0.451,-0.145),(690,'Seychelles',0.103,0.113,-0.252,0.350,-0.066,0.095,-0.104,-1.070),(694,'Sierra Leone',-1.561,-1.716,-1.172,-1.400,-1.218,-0.616,-1.676,1.120),(702,'Singapore',1.825,1.554,2.358,1.377,1.187,1.464,2.161,1.552),(703,'Slovakia',0.891,1.661,1.091,0.813,-0.309,1.171,-0.005,-0.697),(704,'Vietnam',-0.538,0.557,-0.957,0.423,-1.278,-1.357,-0.058,0.124),(705,'Slovenia',0.789,2.018,-0.450,0.865,0.454,0.320,0.754,-0.752),(706,'Somalia',-1.350,-2.580,-0.893,-2.715,-0.079,-1.148,-0.035,-0.742),(710,'South Africa',0.524,-0.286,1.234,0.032,0.948,1.213,-0.232,0.626),(716,'Zimbabwe',-1.605,-1.643,-1.570,-1.182,-1.920,-1.595,-0.593,-0.158),(724,'Spain',0.368,0.339,-0.299,0.818,0.573,0.402,0.307,0.536),(748,'Swaziland',-0.514,-0.794,0.089,-0.510,-0.261,-0.544,-1.019,-0.918),(752,'Sweden',1.786,0.465,1.710,1.196,2.551,1.540,1.822,0.005),(756,'Switzerland',1.809,0.659,1.455,1.111,2.471,1.653,2.204,0.397),(762,'Tajikistan',-0.444,-0.363,-0.548,-0.210,-0.349,-1.108,-0.023,-0.826),(764,'Thailand',0.206,0.497,0.605,0.550,-0.488,-0.241,0.238,0.160),(780,'Trinidad and Tobago',0.069,0.272,0.162,0.351,-0.639,0.178,0.268,0.668),(784,'United Arab Emirates',1.235,1.401,1.768,0.663,0.608,0.621,1.680,0.705),(788,'Tunisia',-0.197,0.491,-1.227,0.469,-0.389,-0.484,-0.394,-1.518),(792,'Turkey',0.332,0.782,0.518,0.428,-0.439,0.342,-0.138,-0.692),(800,'Uganda',-1.099,-0.769,-0.438,-0.897,-0.960,-0.310,-0.847,4.086),(804,'Ukraine',-0.291,0.957,-1.853,0.351,-0.590,-0.743,0.402,-0.155),(807,'Macedonia',0.385,0.648,0.256,1.030,-0.154,0.219,0.150,0.296),(818,'Egypt',-0.903,-0.386,-0.096,-0.561,-1.126,-1.358,-1.342,-0.558),(826,'United Kingdom',1.659,0.621,0.757,0.320,3.654,1.524,1.589,-0.579),(834,'Tanzania',-1.113,-1.459,-0.871,-1.137,-0.624,-0.482,-1.052,0.646),(840,'United States',1.721,0.373,1.203,1.411,2.522,1.544,1.774,-0.302),(858,'Uruguay',1.010,1.238,0.848,1.090,0.962,1.090,-0.169,-0.716),(862,'Venezuela',-0.991,0.229,-1.100,-0.207,-1.519,-1.868,-0.931,-0.882),(894,'Zambia',-0.593,-1.381,-0.199,-0.834,-0.691,0.111,-0.229,0.003);
/*!40000 ALTER TABLE `CCI-2015-OLD` ENABLE KEYS */;
UNLOCK TABLES;

--
-- Table structure for table `CCI-2015-copy`
--

DROP TABLE IF EXISTS `CCI-2015-copy`;
/*!40101 SET @saved_cs_client     = @@character_set_client */;
/*!50503 SET character_set_client = utf8mb4 */;
CREATE TABLE `CCI-2015-copy` (
  `IsoN` int(11) NOT NULL,
  `country` varchar(32) NOT NULL,
  `CCI` decimal(16,13) NOT NULL,
  `EQUIVALENCE` decimal(6,3) NOT NULL,
  `TRUST` decimal(6,3) NOT NULL,
  `CARE` decimal(6,3) NOT NULL,
  `TRANSPARENCY` decimal(6,3) NOT NULL,
  `FREEDOM` decimal(6,3) NOT NULL,
  `UNDERSTANDING` decimal(6,3) NOT NULL,
  `DIVERSITY` decimal(6,3) NOT NULL,
  `PEACE` decimal(6,3) NOT NULL,
  PRIMARY KEY (`IsoN`)
) ENGINE=InnoDB DEFAULT CHARSET=latin1;
/*!40101 SET character_set_client = @saved_cs_client */;

--
-- Dumping data for table `CCI-2015-copy`
--

LOCK TABLES `CCI-2015-copy` WRITE;
/*!40000 ALTER TABLE `CCI-2015-copy` DISABLE KEYS */;
INSERT INTO `CCI-2015-copy` VALUES (4,'Afghanistan',-0.0996166666700,0.078,-0.537,-2.747,-1.426,-0.950,-0.395,1.049,-0.637),(8,'Albania',0.0063000000000,1.359,-0.488,0.562,-0.097,-0.759,-0.199,-0.247,0.403),(12,'Algeria',-0.0562500000000,0.175,-0.830,0.559,-0.904,-1.339,-1.036,-0.860,-0.370),(24,'Angola',-0.0585166666700,-0.412,-0.062,-1.475,-0.655,-0.617,-0.290,0.802,0.320),(31,'Azerbaijan',-0.0093166666670,1.128,-0.174,0.097,-0.275,-1.008,-0.327,-0.551,-0.534),(32,'Argentina',-0.0182500000000,-0.634,-1.243,0.890,0.704,-0.634,-0.178,-0.940,-0.249),(36,'Australia',0.1417833333000,0.649,1.722,1.110,1.787,1.631,1.608,-0.568,0.937),(40,'Austria',0.1104333333000,1.101,1.290,0.203,1.333,1.660,1.039,-0.856,1.306),(48,'Bahrain',0.0341833333300,-0.058,0.782,0.744,-0.030,0.088,0.525,0.368,-0.049),(50,'Bangladesh',-0.0894000000000,1.093,-1.533,-2.285,-1.089,-0.501,-1.049,-0.656,-1.425),(51,'Armenia',0.0112000000000,1.099,-0.442,0.629,-0.021,-0.529,-0.064,-1.292,0.709),(56,'Belgium',0.1328666667000,1.390,1.020,0.029,1.899,1.778,1.856,0.584,1.088),(64,'Bhutan',-0.0260000000000,0.142,0.403,-0.372,-0.003,-0.895,-0.835,0.823,1.246),(68,'Bolivia',-0.0698833333300,-1.238,-0.712,-0.181,-0.938,-0.336,-0.788,0.552,-0.255),(70,'Bosnia and Herzegovina',-0.0159333333300,0.661,-1.126,0.626,0.053,-0.731,-0.439,0.579,-0.099),(72,'Botswana',-0.0431666666700,-2.677,0.606,-0.248,-0.033,0.397,-0.635,0.059,0.707),(76,'Brazil',-0.0261833333300,-1.799,-0.549,0.809,0.285,0.353,-0.670,-0.880,-0.525),(100,'Bulgaria',0.0076833333330,0.147,-0.876,0.699,0.410,0.180,-0.099,-0.656,0.000),(104,'Burma Myanmar',-0.1293333333000,-0.025,-1.395,-1.013,-1.227,-2.292,-1.808,0.609,-2.550),(108,'Burundi',-0.1023666667000,0.656,-1.417,-0.988,-0.758,-1.854,-1.781,-1.291,-0.454),(112,'Belarus',0.0279000000000,1.704,-0.059,1.016,-0.213,-0.957,0.183,-0.098,0.002),(116,'Cambodia',-0.0822000000000,0.968,-1.176,-0.715,-1.990,-0.814,-1.205,-1.188,-0.171),(120,'Cameroon',-0.0909166666700,-0.371,-0.799,-0.879,-1.635,-1.131,-0.640,2.511,-0.163),(124,'Canada',0.1501333333000,0.661,2.022,0.766,2.041,1.796,1.722,1.016,0.948),(132,'Cape Verde',-0.0109000000000,-0.927,-0.342,0.116,0.275,0.477,-0.253,-0.358,0.399),(140,'Central African Republic',-0.0992833333300,-2.344,-0.110,-1.708,-0.260,-0.947,-0.588,1.795,-2.421),(144,'Sri Lanka',0.0075166666670,-0.241,0.455,0.736,-0.758,-0.238,0.497,-0.080,0.134),(148,'Chad',-0.1677333333000,-0.564,-1.418,-2.313,-1.161,-2.261,-2.347,2.781,-0.896),(152,'Chile',0.0552000000000,-1.477,0.781,1.184,1.134,1.081,0.609,-1.224,0.525),(156,'China',-0.0228000000000,-0.609,0.233,0.433,-1.153,-0.789,0.517,0.136,-1.063),(158,'Taiwan',0.0636333333300,0.379,0.578,-0.209,0.048,1.631,1.391,0.238,0.484),(170,'Colombia',-0.0331833333300,-1.823,-0.406,0.754,0.003,-0.296,-0.223,-0.875,-2.417),(174,'Comoros',-0.0494833333300,-2.094,0.022,-0.045,-0.259,-0.325,-0.268,-0.464,0.649),(178,'Republic of the Congo',-0.0302833333300,-0.118,-0.036,-0.173,-0.455,-0.636,-0.399,0.819,0.304),(180,'Democratic Republic of the Congo',-0.0587333333300,-0.361,0.090,-1.409,-0.771,-0.754,-0.319,0.698,-1.621),(188,'Costa Rica',0.0410833333300,-1.272,0.242,0.998,0.863,0.730,0.904,-1.227,0.844),(191,'Croatia',0.0325000000000,0.704,-0.774,0.825,0.778,0.227,0.190,-0.910,0.836),(192,'Cuba',-0.0096500000000,-0.061,-0.119,1.026,-0.677,-0.856,0.108,-0.529,-0.147),(196,'Cyprus',0.0552000000000,0.669,-0.473,0.759,0.521,0.712,1.124,-0.493,0.939),(203,'Czech Republic',0.1261500000000,1.660,1.119,1.094,1.359,1.661,0.676,-0.863,1.140),(204,'Benin',-0.0540166666700,-0.118,-0.651,-0.410,-0.328,-0.550,-1.184,0.835,0.394),(208,'Denmark',0.1437833333000,1.162,2.127,0.054,2.151,1.709,1.424,-0.998,0.859),(214,'Dominican Republic',-0.0246000000000,-0.902,-0.572,0.910,-0.121,0.101,-0.892,-1.014,-0.409),(218,'Ecuador',-0.0378000000000,-1.095,-0.296,0.012,-0.111,-0.636,-0.142,-0.804,-0.073),(222,'El Salvador',-0.0177000000000,-0.687,-0.365,0.513,0.103,-0.004,-0.622,-1.255,-1.931),(226,'Equatorial Guinea',-0.0465833333300,0.108,0.063,-0.290,-1.274,-1.065,-0.337,-0.613,0.405),(231,'Ethiopia',-0.1023500000000,0.735,-0.517,-2.891,-1.040,-1.578,-0.850,1.549,-1.382),(232,'Eritrea',-0.0657666666700,0.014,-0.106,-1.325,-1.193,-1.100,-0.236,0.536,-0.703),(233,'Estonia',0.1145000000000,0.569,1.359,0.602,1.659,1.418,1.263,0.118,1.317),(242,'Fiji',0.0006666666667,-0.393,0.063,0.936,-0.397,-0.122,-0.047,0.446,0.479),(246,'Finland',0.1960000000000,1.566,2.838,0.782,1.952,1.989,2.633,-0.929,1.763),(250,'France',0.1148000000000,0.842,0.686,0.709,1.940,1.532,1.179,-0.486,0.090),(262,'Djibouti',-0.0603833333300,-0.793,-0.062,-0.853,-1.056,-0.572,-0.287,-0.187,0.135),(266,'Gabon',-0.0630666666700,-0.356,-0.469,-0.061,-0.386,-1.030,-1.482,0.497,0.305),(268,'Georgia',0.0167500000000,-0.399,-0.049,0.741,1.118,0.109,-0.515,-0.092,0.706),(270,'Gambia',-0.0541000000000,-1.102,0.404,-0.292,-0.752,-0.815,-0.689,0.915,0.330),(275,'Palestine',0.0295000000000,0.679,0.040,0.954,0.071,-0.249,0.275,-1.049,-0.649),(276,'Germany',0.1524833333000,1.273,1.751,1.160,1.724,1.767,1.474,-0.259,0.545),(288,'Ghana',-0.0185500000000,-0.487,0.101,-0.099,-0.570,0.365,-0.423,1.353,-0.008),(300,'Greece',-0.0025000000000,0.114,-1.264,0.365,0.269,0.120,0.246,-1.072,0.644),(320,'Guatemala',-0.0715166666700,-1.779,-0.495,-0.871,-0.723,0.313,-0.736,0.424,-1.771),(324,'Guinea',-0.1031666667000,0.465,-1.581,-1.096,-0.339,-1.234,-2.405,0.723,-0.428),(328,'Guyana',0.0065666666670,-0.303,-0.206,0.481,0.133,0.243,0.046,-0.452,0.056),(332,'Haiti',-0.1399500000000,-2.646,-1.244,-0.741,-0.311,-1.575,-1.880,-1.270,-0.494),(340,'Honduras',-0.0588666666700,-2.016,-0.563,0.280,-0.669,-0.240,-0.324,-1.134,-2.125),(344,'Hong Kong',0.1022333333000,-0.646,2.219,0.299,1.190,1.750,1.322,-0.754,1.124),(348,'Hungary',0.0431166666700,1.201,-0.695,0.787,0.583,0.228,0.483,-1.098,0.823),(352,'Iceland',0.0919500000000,1.452,0.858,0.164,0.905,0.528,1.610,-1.405,1.621),(356,'India',-0.0453833333300,0.702,0.078,-3.128,-0.966,0.497,0.094,0.667,-2.123),(360,'Indonesia',0.0104333333300,0.607,0.228,-0.806,-0.707,0.441,0.863,0.825,-0.358),(364,'Iran',-0.0645666666700,0.024,-0.991,0.843,-1.228,-2.213,-0.309,0.632,-1.144),(368,'Iraq',-0.0090166666670,1.300,-0.055,-0.122,-1.200,-0.398,-0.066,-0.059,-1.688),(372,'Ireland',0.1041166667000,0.751,0.643,0.766,0.801,1.578,1.708,-1.073,1.383),(376,'Israel',0.0473666666700,-0.513,0.433,0.267,0.689,0.495,1.471,0.204,-0.917),(380,'Italy',0.0377166666700,0.322,-1.151,0.690,1.320,0.567,0.515,-0.300,-0.223),(384,'Ivory Coast',-0.0469666666700,-0.476,0.108,-0.677,-0.650,-0.658,-0.465,1.721,-0.756),(388,'Jamaica',0.0166333333300,-0.731,-0.386,0.994,0.683,0.498,-0.060,-1.008,-0.707),(392,'Japan',0.1314166667000,0.476,1.761,0.803,1.651,1.627,1.567,-0.882,0.877),(398,'Kazakhstan',0.0234333333300,1.682,-0.071,0.740,-0.370,-0.637,0.062,0.671,0.164),(400,'Jordan',0.0407833333300,0.566,0.686,0.979,-0.080,-0.260,0.556,-0.594,0.083),(404,'Kenya',-0.0548166666700,-0.930,-0.042,-0.925,-1.351,-0.146,0.105,2.815,-1.825),(410,'South Korea',0.0788666666700,0.679,0.285,0.753,1.713,0.155,1.147,-0.814,0.261),(414,'Kuwait',0.0038666666670,-0.132,0.237,1.040,0.392,-0.906,-0.399,0.580,0.589),(417,'Kyrgyzstan',-0.0294166666700,1.313,-1.245,0.627,-0.825,-0.733,-0.902,0.107,-0.186),(418,'Lao PDR',-0.0669833333300,0.312,0.372,-2.038,-0.852,-0.910,-0.903,0.488,-0.138),(422,'Lebanon',-0.0064500000000,0.177,-0.948,0.660,-0.471,-0.269,0.464,-0.696,-0.767),(426,'Lesotho',-0.0964500000000,-2.243,-0.743,-1.428,-0.298,-0.393,-0.682,-1.026,0.776),(428,'Latvia',0.0436000000000,0.278,-0.146,0.389,0.660,0.906,0.529,0.695,1.217),(430,'Liberia',-0.0748500000000,0.203,-0.417,-0.629,-1.829,-0.362,-1.457,0.382,-0.081),(440,'Lithuania',0.0507500000000,0.311,-0.222,0.730,0.354,0.667,1.205,-0.527,0.544),(442,'Luxembourg',0.1226833333000,0.706,1.692,0.621,0.929,2.282,1.131,0.876,1.410),(450,'Madagascar',-0.0877666666700,-0.449,-1.113,-1.573,-0.038,-1.047,-1.046,2.070,0.065),(454,'Malawi',-0.0705166666700,-0.518,-0.568,-0.715,-0.539,-0.347,-1.544,1.581,0.670),(458,'Malaysia',0.0832666666700,-0.821,1.795,0.558,0.371,1.226,1.867,1.042,0.518),(466,'Mali',-0.0407000000000,0.598,-0.432,-1.146,0.171,-0.572,-1.061,0.961,-2.075),(470,'Malta',0.0668166666700,0.567,0.460,0.720,0.186,1.268,0.808,-1.265,1.184),(478,'Mauritania',-0.1004166667000,0.161,-1.647,-0.365,-0.205,-1.685,-2.284,-0.535,-0.381),(480,'Mauritius',0.0376166666700,0.437,0.740,0.736,-0.391,0.735,0.000,0.392,1.195),(484,'Mexico',-0.0255666666700,-1.114,-0.582,0.682,-0.358,-0.013,-0.149,-0.943,-1.661),(496,'Mongolia',-0.0085666666670,0.647,-0.956,0.689,-0.616,-0.309,0.031,-0.545,1.150),(498,'Moldova',-0.0100833333300,1.265,-1.435,0.816,-0.243,-0.387,-0.621,-0.458,0.310),(499,'Montenegro',0.0383666666700,0.925,-0.218,0.894,0.154,0.153,0.394,-0.104,0.488),(504,'Morocco',-0.0369166666700,-0.146,-0.226,-0.259,-0.452,-0.615,-0.517,-0.705,0.859),(508,'Mozambique',-0.1061500000000,-0.844,-0.689,-1.564,-1.109,-0.552,-1.611,0.826,-0.361),(512,'Oman',0.0166666666700,-0.016,0.961,0.916,0.103,-0.409,-0.555,0.301,1.299),(516,'Namibia',-0.0499500000000,-2.578,0.328,-0.460,-0.086,0.515,-0.716,1.309,0.622),(524,'Nepal',-0.0780833333300,0.943,-1.073,-1.929,-0.924,-0.820,-0.882,1.972,-0.483),(528,'Netherlands',0.1647333333000,1.438,2.065,0.500,2.057,1.924,1.900,-0.285,0.799),(554,'New Zealand',0.1593833333000,0.082,2.677,0.681,2.406,2.183,1.534,0.113,1.037),(558,'Nicaragua',-0.0630666666700,-0.678,-0.750,0.284,-0.503,-0.531,-1.606,-0.851,0.700),(562,'Niger',-0.0278500000000,1.007,-0.073,-1.531,-0.577,-0.073,-0.424,0.179,0.245),(566,'Nigeria',-0.1299333333000,-0.490,-0.798,-3.369,-1.133,-0.690,-1.316,2.184,-1.453),(578,'Norway',0.1860500000000,1.555,2.763,0.259,2.502,2.281,1.803,-1.003,1.177),(586,'Pakistan',-0.0782000000000,1.406,-1.089,-2.345,-1.076,-0.941,-0.647,1.138,-2.590),(591,'Panama',0.0096333333330,-1.621,-0.168,0.499,0.505,1.234,0.129,-0.527,0.558),(598,'Papua New Guinea',-0.0465333333300,-0.923,-0.010,-1.703,-0.211,0.181,-0.126,0.335,0.324),(600,'Paraguay',-0.0572000000000,-1.387,-1.102,0.737,0.093,-0.060,-1.713,-0.783,-0.546),(604,'Peru',-0.0290166666700,-0.802,-0.676,0.310,0.097,0.299,-0.969,-0.378,-1.062),(608,'Philippines',0.0037000000000,-0.454,0.144,-0.580,0.247,0.599,0.266,1.972,-1.133),(616,'Poland',0.0785000000000,0.916,0.429,0.608,1.173,1.162,0.422,-1.304,0.755),(620,'Portugal',0.0712500000000,0.262,-0.423,0.782,1.387,1.080,1.187,-1.315,1.485),(624,'Guinea-Bissau',-0.0652500000000,-1.485,0.002,-0.930,-0.480,-0.567,-0.455,2.034,0.586),(626,'Timor East',-0.0277833333300,1.114,-0.043,-2.189,-0.647,0.264,-0.166,0.040,0.553),(634,'Qatar',0.0977500000000,-0.020,2.350,0.813,-0.147,0.684,2.185,1.334,1.257),(642,'Romania',0.0540166666700,1.514,-0.323,0.618,0.736,0.423,0.273,-1.105,0.392),(643,'Russia',-0.0169500000000,-0.290,-0.828,0.621,0.195,-1.012,0.297,-0.385,-0.785),(646,'Rwanda',-0.0356666666700,-1.277,1.228,-0.442,-0.701,-0.691,-0.257,-1.322,0.858),(682,'Saudi Arabia',0.0231166666700,0.056,1.157,0.839,-0.513,-0.643,0.491,-0.225,0.384),(686,'Senegal',-0.0207833333300,-0.144,0.031,-0.125,-0.707,0.038,-0.340,0.851,0.178),(688,'Serbia',-0.0007666666667,0.818,-1.364,1.003,-0.066,-0.232,-0.205,-0.148,-0.325),(690,'Seychelles',-0.0028333333330,-0.382,0.026,0.595,-0.149,0.021,-0.281,-1.083,0.365),(694,'Sierra Leone',-0.1089833333000,-0.443,-0.984,-0.798,-1.737,-0.698,-1.879,1.101,-0.124),(702,'Singapore',0.1390500000000,-0.234,2.821,0.975,0.922,1.631,2.228,0.749,1.369),(703,'Slovakia',0.0639666666700,1.433,-0.590,0.716,0.834,1.264,0.181,-0.714,0.884),(704,'Vietnam',-0.0460333333300,0.146,-0.615,0.253,-1.170,-1.172,-0.204,0.059,-1.151),(705,'Slovenia',0.0685000000000,1.711,-0.775,0.838,1.200,0.149,0.987,-0.776,1.316),(710,'South Africa',-0.0265166666700,-2.798,1.014,-0.691,0.260,1.106,-0.482,0.592,-0.130),(716,'Zimbabwe',-0.1031333333000,-0.503,-1.299,-0.608,-1.563,-1.496,-0.719,-0.176,-0.111),(724,'Spain',0.0453666666700,0.088,-0.320,0.252,1.426,0.673,0.603,0.554,0.666),(729,'Sudan',-0.0556166666700,0.454,0.012,-1.714,-1.141,-0.864,-0.084,-0.332,-2.007),(740,'Suriname',0.0189166666700,0.053,-0.043,0.601,0.161,0.428,-0.065,1.592,0.504),(748,'Swaziland',-0.0821000000000,-1.419,-0.128,-0.800,-0.589,-0.776,-1.214,-0.931,0.246),(752,'Sweden',0.1744000000000,1.408,2.469,0.564,2.270,2.035,1.718,0.002,1.140),(756,'Switzerland',0.1621833333000,1.097,1.882,0.566,2.153,1.918,2.115,0.360,1.329),(760,'Syria',-0.0297500000000,0.554,-0.048,0.174,-1.013,-1.025,-0.427,-0.397,-1.007),(762,'Tajikistan',-0.0106000000000,1.040,0.291,-0.254,-0.603,-1.063,-0.047,-0.819,-0.096),(764,'Thailand',0.0049000000000,-0.253,0.033,0.535,-0.202,-0.047,0.228,0.140,-0.798),(768,'Togo',-0.0502166666700,-0.744,-0.051,-0.824,-0.791,-0.340,-0.263,0.821,0.259),(780,'Trinidad and Tobago',0.0233833333300,-0.071,-0.385,0.947,0.245,0.375,0.292,0.617,-0.224),(784,'United Arab Emirates',0.1171333333000,-0.070,2.412,0.838,1.528,0.661,1.659,0.676,1.223),(788,'Tunisia',-0.0022166666670,0.225,-0.642,0.853,-0.011,-0.229,-0.329,-1.506,-0.834),(792,'Turkey',0.0060666666670,-0.153,-0.148,0.732,-0.004,-0.134,0.071,-0.693,-1.939),(800,'Uganda',-0.0724333333300,-0.238,-0.736,-0.742,-1.127,-0.618,-0.885,4.186,-1.166),(804,'Ukraine',0.0052666666670,1.802,-1.751,0.927,-0.639,-0.601,0.578,-0.170,-2.941),(807,'Macedonia',0.0145000000000,-0.552,0.072,1.011,-0.044,0.044,0.339,0.262,0.506),(818,'Egypt',-0.0514666666700,1.198,-0.415,-0.399,-0.731,-1.570,-1.171,-0.571,-1.561),(826,'United Kingdom',0.1457000000000,0.819,1.674,0.163,2.579,1.710,1.797,-0.625,0.833),(834,'Tanzania',-0.0703166666700,0.302,-0.642,-1.283,-1.048,-0.412,-1.136,0.587,0.117),(840,'United States',0.1251333333000,-0.538,1.258,0.930,2.198,1.755,1.905,-0.321,-0.105),(854,'Burkina Faso',-0.0344666666700,0.010,-0.200,-0.425,-0.812,-0.236,-0.405,1.292,0.379),(858,'Uruguay',0.0454500000000,-0.511,-0.009,0.791,1.398,0.880,0.178,-0.744,0.999),(860,'Uzbekistan',-0.0196333333300,0.399,-0.034,0.569,-0.853,-1.206,-0.053,-0.250,-0.345),(862,'Venezuela',-0.0880833333300,-0.998,-2.256,0.634,-0.487,-1.314,-0.864,-0.870,-1.866),(887,'Yemen',-0.0747666666700,0.423,0.001,-2.252,-1.723,-0.795,-0.140,-0.418,-0.938),(894,'Zambia',-0.0661000000000,-2.013,0.052,-1.244,-0.691,0.146,-0.216,-0.010,0.881);
/*!40000 ALTER TABLE `CCI-2015-copy` ENABLE KEYS */;
UNLOCK TABLES;

--
-- Table structure for table `CCI-something`
--

DROP TABLE IF EXISTS `CCI-something`;
/*!40101 SET @saved_cs_client     = @@character_set_client */;
/*!50503 SET character_set_client = utf8mb4 */;
CREATE TABLE `CCI-something` (
  `IsoN` int(11) NOT NULL,
  `CCI` decimal(6,3) NOT NULL,
  `Equivalence` decimal(6,3) NOT NULL,
  `Trust` decimal(6,3) NOT NULL,
  `Care` decimal(6,3) NOT NULL,
  `Transparency` decimal(6,3) NOT NULL,
  `Freedom` decimal(6,3) NOT NULL,
  `Understanding` varchar(8) NOT NULL,
  `Diversity` decimal(6,3) NOT NULL,
  PRIMARY KEY (`IsoN`)
) ENGINE=InnoDB DEFAULT CHARSET=latin1;
/*!40101 SET character_set_client = @saved_cs_client */;

--
-- Dumping data for table `CCI-something`
--

LOCK TABLES `CCI-something` WRITE;
/*!40000 ALTER TABLE `CCI-something` DISABLE KEYS */;
INSERT INTO `CCI-something` VALUES (8,0.069,0.445,-0.341,0.438,0.384,-0.600,'-0.028',-0.190),(12,-0.753,-0.103,-1.108,-0.604,-1.124,-1.318,'-0.132',-0.883),(31,-0.274,0.227,-0.392,0.237,-0.307,-1.193,'-0.236',-0.562),(32,-0.359,-0.291,-0.928,-0.186,-0.108,-0.731,'0',-0.919),(36,1.534,1.189,1.776,0.999,1.374,1.363,'1.609',-0.497),(40,1.392,1.230,0.847,1.188,1.461,1.463,'1.227',-0.816),(48,0.723,1.079,0.825,1.363,0.589,-0.101,'0.395',0.653),(50,-1.101,-1.071,-1.537,-1.003,-1.309,-0.399,'-0.867',-0.499),(51,-0.038,0.250,-0.532,0.355,0.218,-0.492,'-0.378',-1.317),(56,1.414,1.394,1.199,0.795,1.222,1.741,'1.592',0.701),(64,-0.286,0.108,0.042,0.100,-0.165,-0.475,'-0.941',0.874),(68,-0.559,-0.567,-0.483,-0.513,-0.370,-0.247,'-0.758',0.504),(70,-0.744,-0.793,-0.861,-0.361,-0.341,-0.602,'-0.963',0.657),(72,-0.206,-0.578,0.080,-0.439,-0.105,0.261,'-0.306',0.118),(76,-0.117,-0.167,0.014,-0.210,-0.254,0.561,'-0.802',-0.899),(100,-0.277,0.036,-0.880,-0.560,-0.295,0.195,'-0.207',-0.626),(104,-1.739,-1.631,-1.375,-1.342,-1.799,-1.934,'-1.302',0.615),(108,-1.885,-1.651,-1.812,-2.099,-1.830,-1.900,'-1.4',-1.256),(116,-0.941,-1.047,-0.786,-0.577,-1.318,-0.785,'-0.952',-1.213),(120,-1.184,-1.143,-0.687,-1.425,-0.758,-1.223,'-0.622',2.492),(124,1.823,1.490,1.974,1.561,1.700,1.688,'1.88',1.034),(132,-0.059,-0.536,-0.344,-0.008,0.187,0.357,'-0.084',-0.360),(144,0.175,0.164,0.206,0.270,-0.736,-0.020,'1.101',0.015),(148,-2.375,-2.342,-1.835,-2.393,-1.614,-2.207,'-1.95',2.754),(152,0.961,0.208,0.781,1.163,1.192,1.124,'0.498',-1.225),(156,-0.238,-0.020,0.141,0.219,-0.850,-0.808,'0.106',0.271),(158,1.312,2.535,0.861,0.714,0.884,1.593,'0.71',0.404),(170,-0.063,-0.238,0.011,0.690,-0.280,-0.074,'-0.669',-0.917),(188,0.849,0.261,0.615,1.409,0.761,0.624,'0.683',-1.227),(191,0.006,0.094,-0.542,-0.373,0.169,0.237,'0.177',-0.922),(196,0.594,0.676,-0.675,0.568,0.881,0.832,'0.812',-0.434),(203,0.958,0.936,0.542,0.756,0.877,1.254,'0.674',-0.815),(204,-0.994,-1.236,-0.867,-0.537,-0.941,-0.536,'-1.076',0.980),(208,1.822,1.239,2.104,1.577,1.687,1.469,'1.703',-0.963),(214,-0.063,-0.308,-0.383,0.542,0.194,-0.039,'-0.619',-1.000),(218,-0.225,-0.330,-0.217,0.206,-0.510,-0.423,'-0.166',-0.831),(222,-0.127,-0.290,-0.089,0.419,-0.420,0.078,'-0.687',-1.223),(231,-1.322,-1.320,-0.589,-1.028,-1.526,-1.433,'-0.921',1.590),(233,1.106,0.621,1.168,0.578,1.582,1.236,'0.931',0.184),(246,2.400,2.194,2.600,1.249,2.258,1.944,'2.7',-0.902),(250,1.020,0.881,0.586,0.300,0.984,1.377,'1.352',-0.400),(266,-0.922,0.090,-0.710,-0.899,-0.755,-1.337,'-1.318',0.568),(268,-0.035,-0.112,-0.077,-0.065,0.487,-0.060,'-0.396',-0.076),(270,-0.789,-0.808,0.204,-1.003,-0.656,-1.017,'-0.8',0.875),(276,1.611,1.115,1.385,1.337,1.612,1.661,'1.694',-0.163),(288,-0.443,-0.616,-0.271,-0.777,-0.158,0.228,'-0.475',1.383),(300,0.029,0.376,-1.094,-0.181,-0.091,-0.002,'0.825',-1.054),(320,-0.264,-0.809,0.114,0.634,-0.469,0.240,'-1.011',0.383),(324,-1.888,-1.656,-1.887,-1.804,-1.423,-1.426,'-2',0.731),(328,-0.126,-0.070,-0.336,-0.102,-0.263,0.111,'-0.139',-0.410),(332,-1.797,-2.684,-1.436,-1.503,-1.226,-1.457,'-1.866',-1.218),(340,-0.154,-0.404,0.082,0.703,-0.680,-0.060,'-0.737',-1.125),(344,1.428,1.013,1.692,1.344,1.552,1.370,'1.036',0.566),(348,0.086,0.329,-0.923,-0.028,0.215,0.149,'0.407',-1.064),(352,1.581,1.269,0.997,1.522,1.766,0.760,'1.966',-1.432),(356,-0.352,-0.034,-0.057,-1.542,-0.426,0.508,'-0.182',0.774),(360,0.005,0.161,0.384,-0.335,-0.682,0.405,'0.338',0.833),(364,-0.866,-0.080,-0.980,-0.089,-1.178,-1.681,'-0.609',0.557),(372,1.538,1.087,0.796,1.489,1.753,1.309,'1.703',-1.087),(376,0.803,0.806,0.706,0.857,0.444,0.357,'1.321',0.311),(380,0.109,-0.015,-0.960,0.039,-0.392,0.551,'1.28',-0.244),(384,-0.686,-0.689,-0.020,-1.032,-0.274,-0.746,'-0.532',1.807),(388,0.148,0.180,-0.129,0.045,0.203,0.451,'-0.189',-0.945),(392,1.649,1.392,1.517,1.172,1.543,1.632,'1.603',-0.760),(398,0.038,0.788,-0.172,0.471,-0.070,-0.702,'0.06',0.696),(400,0.325,0.609,0.615,0.831,-0.215,-0.310,'0.125',-0.602),(404,-0.588,-1.406,0.117,-0.975,0.013,-0.178,'-0.084',2.712),(410,0.339,0.111,-0.335,0.545,0.279,0.197,'0.874',-0.648),(414,-0.016,0.412,0.433,0.215,0.315,-0.756,'-0.537',0.640),(417,-0.584,-0.065,-1.092,0.058,-0.384,-0.855,'-0.871',0.089),(418,-0.893,-0.614,0.133,-0.618,-1.751,-1.063,'-0.788',0.562),(422,0.027,0.300,-0.503,0.123,-0.098,-0.389,'0.54',-0.562),(426,-1.172,-1.971,-1.105,-1.834,-0.563,-0.511,'-0.737',-1.041),(428,0.465,0.255,0.183,0.103,0.986,0.807,'0.392',0.754),(430,-1.036,-1.441,-0.474,-1.077,-0.817,-0.464,'-1.28',0.427),(440,0.479,0.227,-0.184,-0.065,0.983,0.798,'0.698',-0.526),(442,1.868,1.522,1.915,1.516,2.181,2.156,'1.212',0.916),(450,-1.417,-2.351,-0.894,-0.893,-1.288,-1.013,'-0.796',1.987),(454,-0.948,-1.174,-0.488,-0.736,-0.857,-0.425,'-1.102',1.541),(458,1.129,1.055,1.509,1.099,0.649,1.069,'1.143',1.121),(466,-1.091,-1.280,-0.709,-1.303,-0.973,-0.462,'-1.013',0.925),(470,1.084,0.967,0.614,0.880,0.935,1.285,'0.967',-1.136),(478,-1.884,-2.088,-2.004,-1.585,-1.148,-1.676,'-2.023',-0.607),(480,0.601,0.961,0.492,0.384,0.368,0.883,'0.36',0.561),(484,-0.041,0.068,-0.216,0.529,-0.494,-0.184,'-0.173',-0.977),(496,-0.399,-0.922,-1.012,-0.020,-0.128,-0.275,'0.023',-0.455),(498,-0.530,-0.013,-1.367,-0.315,-0.053,-0.408,'-0.928',-0.485),(499,-0.005,0.125,-0.357,0.043,0.275,0.009,'-0.172',-0.097),(504,-0.118,0.259,0.044,-0.324,0.075,-0.561,'-0.341',-0.727),(508,-1.548,-2.118,-0.898,-1.761,-0.997,-0.860,'-1.601',0.960),(512,0.208,0.867,0.812,0.499,0.271,-0.494,'-0.712',0.320),(516,-0.314,-0.461,0.197,-0.772,-0.021,0.412,'-0.745',1.213),(524,-0.928,-0.528,-1.027,-0.964,-0.872,-0.635,'-0.583',1.932),(528,1.979,1.600,1.861,1.690,2.067,1.804,'1.809',-0.137),(554,2.064,1.725,2.490,1.643,2.244,1.965,'1.331',0.168),(558,-0.623,-1.026,-0.586,0.700,-0.843,-0.595,'-1.261',-0.853),(566,-1.422,-0.899,-0.678,-2.670,-0.543,-0.761,'-1.699',2.208),(578,2.375,2.135,2.653,1.675,2.220,2.013,'2.104',-0.991),(586,-1.044,-0.195,-0.811,-1.647,-1.329,-0.666,'-0.803',1.085),(591,0.386,-0.014,0.183,0.863,0.121,1.053,'-0.203',-0.548),(600,-0.567,-0.669,-0.921,0.317,-0.138,-0.182,'-1.73',-0.802),(604,-0.124,-0.159,-0.150,0.285,-0.200,0.283,'-0.831',-0.422),(608,-0.038,-0.006,0.487,-0.009,-0.514,0.499,'-0.133',1.902),(616,0.575,0.630,0.153,0.170,0.303,0.984,'0.571',-1.312),(620,0.657,0.420,-0.424,0.498,0.593,0.987,'1.153',-1.318),(634,1.598,1.740,2.313,1.448,1.491,0.656,'1.514',1.400),(642,0.122,0.360,-0.457,-0.187,0.204,0.320,'0.103',-1.145),(643,-0.475,-0.183,-0.708,-0.492,-0.089,-0.928,'-0.328',-0.338),(646,-0.143,-0.824,0.645,0.404,-0.299,-0.626,'-0.377',-1.291),(682,0.405,1.019,1.272,0.769,-0.154,-0.566,'-0.129',-0.221),(686,-0.396,-0.620,-0.210,-0.476,-0.268,-0.026,'-0.363',0.795),(688,-0.446,-0.425,-1.185,-0.596,-0.096,-0.237,'0.005',-0.159),(690,0.082,0.272,-0.158,-0.140,0.174,-0.015,'0.017',-1.077),(694,-1.480,-1.697,-1.091,-1.981,-1.017,-0.799,'-1.251',1.127),(702,1.583,1.481,2.047,1.852,1.232,1.268,'1.326',1.836),(703,0.458,0.466,-0.210,0.209,0.892,0.968,'-0.019',-0.689),(704,-0.574,-0.239,-0.856,0.320,-1.069,-1.286,'0.024',0.189),(705,0.221,0.255,-0.849,0.034,0.595,0.243,'0.688',-0.730),(710,0.199,0.806,0.922,-1.713,0.500,1.240,'-0.493',0.641),(716,-1.171,-0.843,-1.303,-1.793,-0.926,-1.295,'-0.347',-0.154),(724,0.468,0.126,-0.352,0.322,0.768,0.630,'1.174',0.524),(748,-1.004,-1.123,-0.065,-1.015,-1.041,-1.089,'-1.383',-0.914),(752,2.000,1.662,2.178,1.380,1.899,1.812,'2.071',0.023),(756,2.120,1.211,2.023,2.395,2.068,1.982,'2.087',0.412),(762,-0.257,-0.180,0.036,0.320,-0.904,-1.104,'0.221',-0.848),(764,0.125,0.734,0.282,0.639,-0.588,-0.131,'-0.186',0.151),(780,0.052,-0.122,-0.291,-0.283,0.391,0.355,'0.396',0.706),(784,1.356,1.233,1.911,1.637,1.291,0.465,'1.123',0.722),(788,-0.153,0.304,-0.928,-0.162,-0.212,-0.346,'0.068',-1.543),(792,0.145,0.345,-0.079,0.195,-0.097,0.124,'0.118',-0.714),(800,-1.092,-1.442,-0.713,-0.858,-0.484,-0.698,'-0.764',3.993),(804,-0.448,-0.020,-1.677,-0.386,-0.302,-0.613,'0.432',-0.150),(807,0.177,0.050,-0.010,0.449,0.509,0.045,'0.007',0.330),(818,-0.574,0.247,0.080,-0.364,-0.987,-1.393,'-0.86',-0.569),(826,1.697,1.526,1.293,1.404,1.715,1.600,'1.629',-0.542),(834,-1.120,-1.643,-0.687,-1.295,-0.776,-0.485,'-1.076',0.692),(840,1.603,0.988,1.334,1.734,1.357,1.802,'1.528',-0.284),(858,0.530,0.635,0.307,0.119,1.059,0.646,'-0.051',-0.676),(862,-1.288,-0.916,-1.398,-1.226,-1.429,-1.301,'-1.048',-0.893);
/*!40000 ALTER TABLE `CCI-something` ENABLE KEYS */;
UNLOCK TABLES;

--
-- Table structure for table `CCI2015`
--

DROP TABLE IF EXISTS `CCI2015`;
/*!40101 SET @saved_cs_client     = @@character_set_client */;
/*!50503 SET character_set_client = utf8mb4 */;
CREATE TABLE `CCI2015` (
  `IsoN` int(11) NOT NULL,
  `country` varchar(32) NOT NULL,
  `CCI` decimal(16,13) NOT NULL,
  `EQUIVALENCE` decimal(6,3) NOT NULL,
  `TRUST` decimal(6,3) NOT NULL,
  `CARE` decimal(6,3) NOT NULL,
  `TRANSPARENCY` decimal(6,3) NOT NULL,
  `FREEDOM` decimal(6,3) NOT NULL,
  `UNDERSTANDING` decimal(6,3) NOT NULL,
  `DIVERSITY` decimal(6,3) NOT NULL,
  `PEACE` decimal(6,3) NOT NULL,
  PRIMARY KEY (`IsoN`)
) ENGINE=InnoDB DEFAULT CHARSET=latin1;
/*!40101 SET character_set_client = @saved_cs_client */;

--
-- Dumping data for table `CCI2015`
--

LOCK TABLES `CCI2015` WRITE;
/*!40000 ALTER TABLE `CCI2015` DISABLE KEYS */;
INSERT INTO `CCI2015` VALUES (4,'Afghanistan',-0.0996166666700,0.078,-0.537,-2.747,-1.426,-0.950,-0.395,1.049,-0.637),(8,'Albania',0.0063000000000,1.359,-0.488,0.562,-0.097,-0.759,-0.199,-0.247,0.403),(12,'Algeria',-0.0562500000000,0.175,-0.830,0.559,-0.904,-1.339,-1.036,-0.860,-0.370),(24,'Angola',-0.0585166666700,-0.412,-0.062,-1.475,-0.655,-0.617,-0.290,0.802,0.320),(31,'Azerbaijan',-0.0093166666670,1.128,-0.174,0.097,-0.275,-1.008,-0.327,-0.551,-0.534),(32,'Argentina',-0.0182500000000,-0.634,-1.243,0.890,0.704,-0.634,-0.178,-0.940,-0.249),(36,'Australia',0.1417833333000,0.649,1.722,1.110,1.787,1.631,1.608,-0.568,0.937),(40,'Austria',0.1104333333000,1.101,1.290,0.203,1.333,1.660,1.039,-0.856,1.306),(48,'Bahrain',0.0341833333300,-0.058,0.782,0.744,-0.030,0.088,0.525,0.368,-0.049),(50,'Bangladesh',-0.0894000000000,1.093,-1.533,-2.285,-1.089,-0.501,-1.049,-0.656,-1.425),(51,'Armenia',0.0112000000000,1.099,-0.442,0.629,-0.021,-0.529,-0.064,-1.292,0.709),(56,'Belgium',0.1328666667000,1.390,1.020,0.029,1.899,1.778,1.856,0.584,1.088),(64,'Bhutan',-0.0260000000000,0.142,0.403,-0.372,-0.003,-0.895,-0.835,0.823,1.246),(68,'Bolivia',-0.0698833333300,-1.238,-0.712,-0.181,-0.938,-0.336,-0.788,0.552,-0.255),(70,'Bosnia and Herzegovina',-0.0159333333300,0.661,-1.126,0.626,0.053,-0.731,-0.439,0.579,-0.099),(72,'Botswana',-0.0431666666700,-2.677,0.606,-0.248,-0.033,0.397,-0.635,0.059,0.707),(76,'Brazil',-0.0261833333300,-1.799,-0.549,0.809,0.285,0.353,-0.670,-0.880,-0.525),(100,'Bulgaria',0.0076833333330,0.147,-0.876,0.699,0.410,0.180,-0.099,-0.656,0.000),(104,'Burma Myanmar',-0.1293333333000,-0.025,-1.395,-1.013,-1.227,-2.292,-1.808,0.609,-2.550),(108,'Burundi',-0.1023666667000,0.656,-1.417,-0.988,-0.758,-1.854,-1.781,-1.291,-0.454),(112,'Belarus',0.0279000000000,1.704,-0.059,1.016,-0.213,-0.957,0.183,-0.098,0.002),(116,'Cambodia',-0.0822000000000,0.968,-1.176,-0.715,-1.990,-0.814,-1.205,-1.188,-0.171),(120,'Cameroon',-0.0909166666700,-0.371,-0.799,-0.879,-1.635,-1.131,-0.640,2.511,-0.163),(124,'Canada',0.1501333333000,0.661,2.022,0.766,2.041,1.796,1.722,1.016,0.948),(132,'Cape Verde',-0.0109000000000,-0.927,-0.342,0.116,0.275,0.477,-0.253,-0.358,0.399),(140,'Central African Republic',-0.0992833333300,-2.344,-0.110,-1.708,-0.260,-0.947,-0.588,1.795,-2.421),(144,'Sri Lanka',0.0075166666670,-0.241,0.455,0.736,-0.758,-0.238,0.497,-0.080,0.134),(148,'Chad',-0.1677333333000,-0.564,-1.418,-2.313,-1.161,-2.261,-2.347,2.781,-0.896),(152,'Chile',0.0552000000000,-1.477,0.781,1.184,1.134,1.081,0.609,-1.224,0.525),(156,'China',-0.0228000000000,-0.609,0.233,0.433,-1.153,-0.789,0.517,0.136,-1.063),(158,'Taiwan',0.0636333333300,0.379,0.578,-0.209,0.048,1.631,1.391,0.238,0.484),(170,'Colombia',-0.0331833333300,-1.823,-0.406,0.754,0.003,-0.296,-0.223,-0.875,-2.417),(174,'Comoros',-0.0494833333300,-2.094,0.022,-0.045,-0.259,-0.325,-0.268,-0.464,0.649),(178,'Republic of the Congo',-0.0302833333300,-0.118,-0.036,-0.173,-0.455,-0.636,-0.399,0.819,0.304),(180,'Democratic Republic of the Congo',-0.0587333333300,-0.361,0.090,-1.409,-0.771,-0.754,-0.319,0.698,-1.621),(188,'Costa Rica',0.0410833333300,-1.272,0.242,0.998,0.863,0.730,0.904,-1.227,0.844),(191,'Croatia',0.0325000000000,0.704,-0.774,0.825,0.778,0.227,0.190,-0.910,0.836),(192,'Cuba',-0.0096500000000,-0.061,-0.119,1.026,-0.677,-0.856,0.108,-0.529,-0.147),(196,'Cyprus',0.0552000000000,0.669,-0.473,0.759,0.521,0.712,1.124,-0.493,0.939),(203,'Czech Republic',0.1261500000000,1.660,1.119,1.094,1.359,1.661,0.676,-0.863,1.140),(204,'Benin',-0.0540166666700,-0.118,-0.651,-0.410,-0.328,-0.550,-1.184,0.835,0.394),(208,'Denmark',0.1437833333000,1.162,2.127,0.054,2.151,1.709,1.424,-0.998,0.859),(214,'Dominican Republic',-0.0246000000000,-0.902,-0.572,0.910,-0.121,0.101,-0.892,-1.014,-0.409),(218,'Ecuador',-0.0378000000000,-1.095,-0.296,0.012,-0.111,-0.636,-0.142,-0.804,-0.073),(222,'El Salvador',-0.0177000000000,-0.687,-0.365,0.513,0.103,-0.004,-0.622,-1.255,-1.931),(226,'Equatorial Guinea',-0.0465833333300,0.108,0.063,-0.290,-1.274,-1.065,-0.337,-0.613,0.405),(231,'Ethiopia',-0.1023500000000,0.735,-0.517,-2.891,-1.040,-1.578,-0.850,1.549,-1.382),(232,'Eritrea',-0.0657666666700,0.014,-0.106,-1.325,-1.193,-1.100,-0.236,0.536,-0.703),(233,'Estonia',0.1145000000000,0.569,1.359,0.602,1.659,1.418,1.263,0.118,1.317),(242,'Fiji',0.0006666666667,-0.393,0.063,0.936,-0.397,-0.122,-0.047,0.446,0.479),(246,'Finland',0.1960000000000,1.566,2.838,0.782,1.952,1.989,2.633,-0.929,1.763),(250,'France',0.1148000000000,0.842,0.686,0.709,1.940,1.532,1.179,-0.486,0.090),(262,'Djibouti',-0.0603833333300,-0.793,-0.062,-0.853,-1.056,-0.572,-0.287,-0.187,0.135),(266,'Gabon',-0.0630666666700,-0.356,-0.469,-0.061,-0.386,-1.030,-1.482,0.497,0.305),(268,'Georgia',0.0167500000000,-0.399,-0.049,0.741,1.118,0.109,-0.515,-0.092,0.706),(270,'Gambia',-0.0541000000000,-1.102,0.404,-0.292,-0.752,-0.815,-0.689,0.915,0.330),(275,'Palestine',0.0295000000000,0.679,0.040,0.954,0.071,-0.249,0.275,-1.049,-0.649),(276,'Germany',0.1524833333000,1.273,1.751,1.160,1.724,1.767,1.474,-0.259,0.545),(288,'Ghana',-0.0185500000000,-0.487,0.101,-0.099,-0.570,0.365,-0.423,1.353,-0.008),(300,'Greece',-0.0025000000000,0.114,-1.264,0.365,0.269,0.120,0.246,-1.072,0.644),(320,'Guatemala',-0.0715166666700,-1.779,-0.495,-0.871,-0.723,0.313,-0.736,0.424,-1.771),(324,'Guinea',-0.1031666667000,0.465,-1.581,-1.096,-0.339,-1.234,-2.405,0.723,-0.428),(328,'Guyana',0.0065666666670,-0.303,-0.206,0.481,0.133,0.243,0.046,-0.452,0.056),(332,'Haiti',-0.1399500000000,-2.646,-1.244,-0.741,-0.311,-1.575,-1.880,-1.270,-0.494),(340,'Honduras',-0.0588666666700,-2.016,-0.563,0.280,-0.669,-0.240,-0.324,-1.134,-2.125),(344,'Hong Kong',0.1022333333000,-0.646,2.219,0.299,1.190,1.750,1.322,-0.754,1.124),(348,'Hungary',0.0431166666700,1.201,-0.695,0.787,0.583,0.228,0.483,-1.098,0.823),(352,'Iceland',0.0919500000000,1.452,0.858,0.164,0.905,0.528,1.610,-1.405,1.621),(356,'India',-0.0453833333300,0.702,0.078,-3.128,-0.966,0.497,0.094,0.667,-2.123),(360,'Indonesia',0.0104333333300,0.607,0.228,-0.806,-0.707,0.441,0.863,0.825,-0.358),(364,'Iran',-0.0645666666700,0.024,-0.991,0.843,-1.228,-2.213,-0.309,0.632,-1.144),(368,'Iraq',-0.0090166666670,1.300,-0.055,-0.122,-1.200,-0.398,-0.066,-0.059,-1.688),(372,'Ireland',0.1041166667000,0.751,0.643,0.766,0.801,1.578,1.708,-1.073,1.383),(376,'Israel',0.0473666666700,-0.513,0.433,0.267,0.689,0.495,1.471,0.204,-0.917),(380,'Italy',0.0377166666700,0.322,-1.151,0.690,1.320,0.567,0.515,-0.300,-0.223),(384,'Ivory Coast',-0.0469666666700,-0.476,0.108,-0.677,-0.650,-0.658,-0.465,1.721,-0.756),(388,'Jamaica',0.0166333333300,-0.731,-0.386,0.994,0.683,0.498,-0.060,-1.008,-0.707),(392,'Japan',0.1314166667000,0.476,1.761,0.803,1.651,1.627,1.567,-0.882,0.877),(398,'Kazakhstan',0.0234333333300,1.682,-0.071,0.740,-0.370,-0.637,0.062,0.671,0.164),(400,'Jordan',0.0407833333300,0.566,0.686,0.979,-0.080,-0.260,0.556,-0.594,0.083),(404,'Kenya',-0.0548166666700,-0.930,-0.042,-0.925,-1.351,-0.146,0.105,2.815,-1.825),(410,'South Korea',0.0788666666700,0.679,0.285,0.753,1.713,0.155,1.147,-0.814,0.261),(414,'Kuwait',0.0038666666670,-0.132,0.237,1.040,0.392,-0.906,-0.399,0.580,0.589),(417,'Kyrgyzstan',-0.0294166666700,1.313,-1.245,0.627,-0.825,-0.733,-0.902,0.107,-0.186),(418,'Lao PDR',-0.0669833333300,0.312,0.372,-2.038,-0.852,-0.910,-0.903,0.488,-0.138),(422,'Lebanon',-0.0064500000000,0.177,-0.948,0.660,-0.471,-0.269,0.464,-0.696,-0.767),(426,'Lesotho',-0.0964500000000,-2.243,-0.743,-1.428,-0.298,-0.393,-0.682,-1.026,0.776),(428,'Latvia',0.0436000000000,0.278,-0.146,0.389,0.660,0.906,0.529,0.695,1.217),(430,'Liberia',-0.0748500000000,0.203,-0.417,-0.629,-1.829,-0.362,-1.457,0.382,-0.081),(440,'Lithuania',0.0507500000000,0.311,-0.222,0.730,0.354,0.667,1.205,-0.527,0.544),(442,'Luxembourg',0.1226833333000,0.706,1.692,0.621,0.929,2.282,1.131,0.876,1.410),(450,'Madagascar',-0.0877666666700,-0.449,-1.113,-1.573,-0.038,-1.047,-1.046,2.070,0.065),(454,'Malawi',-0.0705166666700,-0.518,-0.568,-0.715,-0.539,-0.347,-1.544,1.581,0.670),(458,'Malaysia',0.0832666666700,-0.821,1.795,0.558,0.371,1.226,1.867,1.042,0.518),(466,'Mali',-0.0407000000000,0.598,-0.432,-1.146,0.171,-0.572,-1.061,0.961,-2.075),(470,'Malta',0.0668166666700,0.567,0.460,0.720,0.186,1.268,0.808,-1.265,1.184),(478,'Mauritania',-0.1004166667000,0.161,-1.647,-0.365,-0.205,-1.685,-2.284,-0.535,-0.381),(480,'Mauritius',0.0376166666700,0.437,0.740,0.736,-0.391,0.735,0.000,0.392,1.195),(484,'Mexico',-0.0255666666700,-1.114,-0.582,0.682,-0.358,-0.013,-0.149,-0.943,-1.661),(496,'Mongolia',-0.0085666666670,0.647,-0.956,0.689,-0.616,-0.309,0.031,-0.545,1.150),(498,'Moldova',-0.0100833333300,1.265,-1.435,0.816,-0.243,-0.387,-0.621,-0.458,0.310),(499,'Montenegro',0.0383666666700,0.925,-0.218,0.894,0.154,0.153,0.394,-0.104,0.488),(504,'Morocco',-0.0369166666700,-0.146,-0.226,-0.259,-0.452,-0.615,-0.517,-0.705,0.859),(508,'Mozambique',-0.1061500000000,-0.844,-0.689,-1.564,-1.109,-0.552,-1.611,0.826,-0.361),(512,'Oman',0.0166666666700,-0.016,0.961,0.916,0.103,-0.409,-0.555,0.301,1.299),(516,'Namibia',-0.0499500000000,-2.578,0.328,-0.460,-0.086,0.515,-0.716,1.309,0.622),(524,'Nepal',-0.0780833333300,0.943,-1.073,-1.929,-0.924,-0.820,-0.882,1.972,-0.483),(528,'Netherlands',0.1647333333000,1.438,2.065,0.500,2.057,1.924,1.900,-0.285,0.799),(554,'New Zealand',0.1593833333000,0.082,2.677,0.681,2.406,2.183,1.534,0.113,1.037),(558,'Nicaragua',-0.0630666666700,-0.678,-0.750,0.284,-0.503,-0.531,-1.606,-0.851,0.700),(562,'Niger',-0.0278500000000,1.007,-0.073,-1.531,-0.577,-0.073,-0.424,0.179,0.245),(566,'Nigeria',-0.1299333333000,-0.490,-0.798,-3.369,-1.133,-0.690,-1.316,2.184,-1.453),(578,'Norway',0.1860500000000,1.555,2.763,0.259,2.502,2.281,1.803,-1.003,1.177),(586,'Pakistan',-0.0782000000000,1.406,-1.089,-2.345,-1.076,-0.941,-0.647,1.138,-2.590),(591,'Panama',0.0096333333330,-1.621,-0.168,0.499,0.505,1.234,0.129,-0.527,0.558),(598,'Papua New Guinea',-0.0465333333300,-0.923,-0.010,-1.703,-0.211,0.181,-0.126,0.335,0.324),(600,'Paraguay',-0.0572000000000,-1.387,-1.102,0.737,0.093,-0.060,-1.713,-0.783,-0.546),(604,'Peru',-0.0290166666700,-0.802,-0.676,0.310,0.097,0.299,-0.969,-0.378,-1.062),(608,'Philippines',0.0037000000000,-0.454,0.144,-0.580,0.247,0.599,0.266,1.972,-1.133),(616,'Poland',0.0785000000000,0.916,0.429,0.608,1.173,1.162,0.422,-1.304,0.755),(620,'Portugal',0.0712500000000,0.262,-0.423,0.782,1.387,1.080,1.187,-1.315,1.485),(624,'Guinea-Bissau',-0.0652500000000,-1.485,0.002,-0.930,-0.480,-0.567,-0.455,2.034,0.586),(626,'Timor East',-0.0277833333300,1.114,-0.043,-2.189,-0.647,0.264,-0.166,0.040,0.553),(634,'Qatar',0.0977500000000,-0.020,2.350,0.813,-0.147,0.684,2.185,1.334,1.257),(642,'Romania',0.0540166666700,1.514,-0.323,0.618,0.736,0.423,0.273,-1.105,0.392),(643,'Russia',-0.0169500000000,-0.290,-0.828,0.621,0.195,-1.012,0.297,-0.385,-0.785),(646,'Rwanda',-0.0356666666700,-1.277,1.228,-0.442,-0.701,-0.691,-0.257,-1.322,0.858),(682,'Saudi Arabia',0.0231166666700,0.056,1.157,0.839,-0.513,-0.643,0.491,-0.225,0.384),(686,'Senegal',-0.0207833333300,-0.144,0.031,-0.125,-0.707,0.038,-0.340,0.851,0.178),(688,'Serbia',-0.0007666666667,0.818,-1.364,1.003,-0.066,-0.232,-0.205,-0.148,-0.325),(690,'Seychelles',-0.0028333333330,-0.382,0.026,0.595,-0.149,0.021,-0.281,-1.083,0.365),(694,'Sierra Leone',-0.1089833333000,-0.443,-0.984,-0.798,-1.737,-0.698,-1.879,1.101,-0.124),(702,'Singapore',0.1390500000000,-0.234,2.821,0.975,0.922,1.631,2.228,0.749,1.369),(703,'Slovakia',0.0639666666700,1.433,-0.590,0.716,0.834,1.264,0.181,-0.714,0.884),(704,'Vietnam',-0.0460333333300,0.146,-0.615,0.253,-1.170,-1.172,-0.204,0.059,-1.151),(705,'Slovenia',0.0685000000000,1.711,-0.775,0.838,1.200,0.149,0.987,-0.776,1.316),(710,'South Africa',-0.0265166666700,-2.798,1.014,-0.691,0.260,1.106,-0.482,0.592,-0.130),(716,'Zimbabwe',-0.1031333333000,-0.503,-1.299,-0.608,-1.563,-1.496,-0.719,-0.176,-0.111),(724,'Spain',0.0453666666700,0.088,-0.320,0.252,1.426,0.673,0.603,0.554,0.666),(729,'Sudan',-0.0556166666700,0.454,0.012,-1.714,-1.141,-0.864,-0.084,-0.332,-2.007),(740,'Suriname',0.0189166666700,0.053,-0.043,0.601,0.161,0.428,-0.065,1.592,0.504),(748,'Swaziland',-0.0821000000000,-1.419,-0.128,-0.800,-0.589,-0.776,-1.214,-0.931,0.246),(752,'Sweden',0.1744000000000,1.408,2.469,0.564,2.270,2.035,1.718,0.002,1.140),(756,'Switzerland',0.1621833333000,1.097,1.882,0.566,2.153,1.918,2.115,0.360,1.329),(760,'Syria',-0.0297500000000,0.554,-0.048,0.174,-1.013,-1.025,-0.427,-0.397,-1.007),(762,'Tajikistan',-0.0106000000000,1.040,0.291,-0.254,-0.603,-1.063,-0.047,-0.819,-0.096),(764,'Thailand',0.0049000000000,-0.253,0.033,0.535,-0.202,-0.047,0.228,0.140,-0.798),(768,'Togo',-0.0502166666700,-0.744,-0.051,-0.824,-0.791,-0.340,-0.263,0.821,0.259),(780,'Trinidad and Tobago',0.0233833333300,-0.071,-0.385,0.947,0.245,0.375,0.292,0.617,-0.224),(784,'United Arab Emirates',0.1171333333000,-0.070,2.412,0.838,1.528,0.661,1.659,0.676,1.223),(788,'Tunisia',-0.0022166666670,0.225,-0.642,0.853,-0.011,-0.229,-0.329,-1.506,-0.834),(792,'Turkey',0.0060666666670,-0.153,-0.148,0.732,-0.004,-0.134,0.071,-0.693,-1.939),(800,'Uganda',-0.0724333333300,-0.238,-0.736,-0.742,-1.127,-0.618,-0.885,4.186,-1.166),(804,'Ukraine',0.0052666666670,1.802,-1.751,0.927,-0.639,-0.601,0.578,-0.170,-2.941),(807,'Macedonia',0.0145000000000,-0.552,0.072,1.011,-0.044,0.044,0.339,0.262,0.506),(818,'Egypt',-0.0514666666700,1.198,-0.415,-0.399,-0.731,-1.570,-1.171,-0.571,-1.561),(826,'United Kingdom',0.1457000000000,0.819,1.674,0.163,2.579,1.710,1.797,-0.625,0.833),(834,'Tanzania',-0.0703166666700,0.302,-0.642,-1.283,-1.048,-0.412,-1.136,0.587,0.117),(840,'United States',0.1251333333000,-0.538,1.258,0.930,2.198,1.755,1.905,-0.321,-0.105),(854,'Burkina Faso',-0.0344666666700,0.010,-0.200,-0.425,-0.812,-0.236,-0.405,1.292,0.379),(858,'Uruguay',0.0454500000000,-0.511,-0.009,0.791,1.398,0.880,0.178,-0.744,0.999),(860,'Uzbekistan',-0.0196333333300,0.399,-0.034,0.569,-0.853,-1.206,-0.053,-0.250,-0.345),(862,'Venezuela',-0.0880833333300,-0.998,-2.256,0.634,-0.487,-1.314,-0.864,-0.870,-1.866),(887,'Yemen',-0.0747666666700,0.423,0.001,-2.252,-1.723,-0.795,-0.140,-0.418,-0.938),(894,'Zambia',-0.0661000000000,-2.013,0.052,-1.244,-0.691,0.146,-0.216,-0.010,0.881);
/*!40000 ALTER TABLE `CCI2015` ENABLE KEYS */;
UNLOCK TABLES;

--
-- Table structure for table `CCI2016`
--

DROP TABLE IF EXISTS `CCI2016`;
/*!40101 SET @saved_cs_client     = @@character_set_client */;
/*!50503 SET character_set_client = utf8mb4 */;
CREATE TABLE `CCI2016` (
  `IsoN` int(11) NOT NULL,
  `country` varchar(64) NOT NULL,
  `CCI` decimal(6,3) NOT NULL,
  `EQUIVALENCE` decimal(6,3) NOT NULL,
  `TRUST` decimal(6,3) NOT NULL,
  `CARE` decimal(6,3) NOT NULL,
  `TRANSPARENCY` decimal(6,3) NOT NULL,
  `FREEDOM` decimal(6,3) NOT NULL,
  `UNDERSTANDING` decimal(6,3) NOT NULL,
  `DIVERSITY` decimal(6,3) NOT NULL,
  `PEACE` decimal(6,3) NOT NULL,
  PRIMARY KEY (`IsoN`)
) ENGINE=InnoDB DEFAULT CHARSET=latin1;
/*!40101 SET character_set_client = @saved_cs_client */;

--
-- Dumping data for table `CCI2016`
--

LOCK TABLES `CCI2016` WRITE;
/*!40000 ALTER TABLE `CCI2016` DISABLE KEYS */;
INSERT INTO `CCI2016` VALUES (4,'Afghanistan',-1.441,-2.063,-0.728,-2.674,-0.648,-0.968,-0.158,1.014,0.000),(8,'Albania',-0.107,0.586,-0.269,0.323,-0.626,-0.537,-0.056,-0.211,0.000),(10,'Antarctica',0.012,0.000,0.000,0.000,0.000,0.060,0.000,0.000,0.000),(12,'Algeria',-0.778,0.172,-1.268,-0.062,-0.808,-1.327,-0.994,-0.863,0.000),(24,'Angola',-0.059,-0.412,-0.062,-1.475,-0.655,-0.617,-0.290,0.802,0.320),(31,'Azerbaijan',-0.269,0.657,-0.843,0.145,-0.018,-1.142,-0.277,-0.544,0.000),(32,'Argentina',-0.087,0.375,-0.398,0.381,-0.139,-0.662,-0.289,-0.929,0.000),(36,'Australia',1.524,0.355,1.532,1.531,1.619,1.213,1.451,-0.537,0.000),(40,'Austria',1.074,0.252,0.483,0.984,1.167,1.197,1.151,-0.835,0.000),(48,'Bahrain',0.454,0.743,0.440,0.589,0.293,-0.067,0.637,0.572,0.000),(50,'Bangladesh',-1.204,-0.536,-1.614,-1.647,-0.804,-0.751,-1.110,-0.530,0.000),(51,'Armenia',0.036,0.641,-0.392,0.548,-0.208,-0.500,-0.309,-1.296,0.000),(56,'Belgium',1.286,0.494,0.791,0.883,1.508,1.381,1.851,0.656,0.000),(60,'Bermuda',0.088,0.079,0.000,0.221,-0.045,0.060,-0.024,-0.449,0.000),(64,'Bhutan',-0.392,-0.351,0.083,-0.529,0.267,-0.426,-0.735,0.854,0.000),(68,'Bolivia',-0.789,-0.492,-0.316,-0.660,-1.480,-0.342,-0.673,0.535,0.000),(70,'Bosnia and Herzegovina',-0.409,0.361,-0.960,0.665,-0.442,-0.773,-0.662,0.619,0.000),(72,'Botswana',0.099,0.023,0.576,-0.242,0.200,0.533,-0.553,0.089,0.000),(76,'Brazil',0.490,0.456,1.154,0.529,0.161,0.605,-0.676,-0.890,0.000),(100,'Bulgaria',0.219,0.941,-0.335,0.493,-0.139,0.312,-0.317,-0.640,0.000),(104,'Burma Myanmar',-2.177,-1.760,-1.880,-1.065,-2.368,-2.293,-1.771,0.613,0.000),(108,'Burundi',-1.576,-0.941,-2.038,-1.769,-0.349,-1.827,-1.685,-1.259,0.000),(112,'Belarus',0.028,1.704,-0.059,1.016,-0.213,-0.957,0.183,-0.098,0.002),(116,'Cambodia',-1.318,-1.249,-1.016,-0.952,-2.098,-1.043,-1.041,-1.194,0.000),(120,'Cameroon',-1.441,-1.004,-1.009,-1.400,-1.362,-1.288,-0.523,2.500,0.000),(124,'Canada',1.538,0.533,1.682,1.300,1.780,1.531,1.542,1.022,0.000),(132,'Cape Verde',-0.128,-0.223,-0.471,0.138,-0.049,0.152,-0.362,-0.348,0.000),(140,'Central African Republic',-0.099,-2.344,-0.110,-1.708,-0.260,-0.947,-0.588,1.795,-2.421),(144,'Sri Lanka',0.062,0.153,0.182,0.324,-0.347,-0.290,0.300,-0.026,0.000),(148,'Chad',-2.565,-2.179,-2.268,-2.047,-1.297,-2.345,-2.179,2.761,0.000),(152,'Chile',1.321,0.910,1.397,1.229,1.103,1.462,0.321,-1.224,0.000),(156,'China',-0.185,0.015,0.033,0.170,-0.689,-0.956,0.558,0.205,0.000),(158,'Taiwan',1.500,2.922,1.677,0.168,0.161,1.905,1.184,0.327,0.000),(170,'Colombia',0.189,-0.093,0.659,0.563,-0.132,-0.060,-0.298,-0.896,0.000),(174,'Comoros',-0.049,-2.094,0.022,-0.045,-0.259,-0.325,-0.268,-0.464,0.649),(178,'Republic of the Congo',-0.030,-0.118,-0.036,-0.173,-0.455,-0.636,-0.399,0.819,0.304),(180,'Democratic Republic of the Congo',-0.059,-0.361,0.090,-1.409,-0.771,-0.754,-0.319,0.698,-1.621),(188,'Costa Rica',1.193,1.005,1.283,1.215,0.666,0.836,0.773,-1.223,0.000),(191,'Croatia',0.498,1.458,0.171,0.612,-0.037,0.308,-0.166,-0.910,0.000),(192,'Cuba',-0.010,-0.061,-0.119,1.026,-0.677,-0.856,0.108,-0.529,-0.147),(196,'Cyprus',0.304,0.475,-1.019,0.573,-0.025,0.558,0.837,-0.462,0.000),(203,'Czech Republic',1.506,2.272,1.197,1.264,0.846,1.531,0.514,-0.838,0.000),(204,'Benin',-1.034,-0.992,-0.918,-1.082,-0.355,-0.467,-1.251,0.913,0.000),(208,'Denmark',1.559,0.494,1.612,1.077,1.863,1.228,1.461,-0.977,0.000),(214,'Dominican Republic',-0.229,-0.452,-0.047,0.377,-0.595,0.041,-0.932,-1.001,0.000),(218,'Ecuador',-0.214,-0.037,0.102,-0.136,-0.482,-0.714,-0.132,-0.813,0.000),(222,'El Salvador',0.130,0.091,0.458,0.536,-0.397,0.142,-0.624,-1.230,0.000),(226,'Equatorial Guinea',-0.520,-0.411,0.000,-0.915,-0.919,-0.557,-0.168,-0.609,0.000),(231,'Ethiopia',-1.493,-1.044,-0.753,-2.144,-0.805,-1.716,-0.703,1.572,0.000),(232,'Eritrea',-1.270,-2.086,-0.799,-1.937,0.028,-1.459,-0.216,0.568,0.000),(233,'Estonia',1.633,1.877,1.753,0.830,1.283,1.821,1.045,0.150,0.000),(242,'Fiji',0.001,-0.393,0.063,0.936,-0.397,-0.122,-0.047,0.446,0.479),(246,'Finland',1.913,0.349,2.016,1.117,1.864,1.650,2.536,-0.916,0.000),(250,'France',1.232,0.516,0.376,1.039,2.104,1.154,1.081,-0.445,0.000),(262,'Djibouti',-0.060,-0.793,-0.062,-0.853,-1.056,-0.572,-0.287,-0.187,0.135),(266,'Gabon',-0.696,-0.131,-0.631,-0.193,-0.263,-0.801,-1.334,0.539,0.000),(268,'Georgia',0.201,0.048,-0.029,0.624,0.917,0.175,-0.669,-0.075,0.000),(270,'Gambia',-0.551,-0.566,0.007,-0.869,0.000,-0.456,-0.643,0.909,0.000),(275,'Palestine',0.030,0.679,0.040,0.954,0.071,-0.249,0.275,-1.049,-0.649),(276,'Germany',1.597,0.439,0.947,1.785,2.023,1.475,1.547,-0.205,0.000),(288,'Ghana',-0.363,-0.485,-0.097,-0.644,-0.186,0.433,-0.452,1.373,0.000),(300,'Greece',-0.080,0.262,-1.150,0.299,-0.060,-0.203,0.071,-1.059,0.000),(320,'Guatemala',-0.426,-0.770,0.521,-0.583,-0.838,0.085,-0.563,0.414,0.000),(324,'Guinea',-1.624,-1.027,-1.551,-1.546,-0.572,-1.359,-2.080,0.734,0.000),(328,'Guyana',-0.010,0.187,-0.111,-0.063,-0.340,0.044,0.061,-0.440,0.000),(332,'Haiti',-1.645,-2.138,-1.629,-1.289,-0.433,-1.775,-1.793,-1.232,0.000),(340,'Honduras',-0.180,-0.798,0.236,-0.064,-0.712,-0.017,-0.098,-1.128,0.000),(344,'Hong Kong',1.158,0.230,1.200,0.780,1.087,1.544,1.249,0.338,0.000),(348,'Hungary',0.299,1.501,-0.627,0.352,-0.380,0.299,0.088,-1.080,0.000),(352,'Iceland',0.920,0.556,0.437,0.713,0.448,0.505,1.582,-1.417,0.000),(356,'India',-0.401,-0.402,-0.029,-2.405,0.387,0.590,-0.002,0.743,0.000),(360,'Indonesia',0.156,-0.046,0.309,-0.547,0.230,0.428,0.714,0.841,0.000),(364,'Iran',-1.106,-0.541,-1.880,0.620,-0.909,-2.240,-0.498,0.604,0.000),(368,'Iraq',-0.009,1.300,-0.055,-0.122,-1.200,-0.398,-0.066,-0.059,-1.688),(372,'Ireland',0.985,0.500,0.011,0.787,0.655,1.186,1.534,-1.077,0.000),(376,'Israel',0.581,0.264,0.792,0.457,0.139,0.241,1.212,0.274,0.000),(380,'Italy',0.313,0.195,-0.723,0.848,0.940,0.177,0.134,-0.261,0.000),(384,'Ivory Coast',-1.079,-1.767,-0.603,-1.039,-0.666,-0.637,-0.350,1.764,0.000),(388,'Jamaica',0.115,0.122,-0.061,0.190,-0.391,0.539,-0.204,-0.973,0.000),(392,'Japan',1.529,0.625,1.004,1.400,1.522,1.416,1.659,-0.817,0.000),(398,'Kazakhstan',-0.056,0.947,-0.262,0.551,-0.519,-0.787,0.138,0.681,0.000),(400,'Jordan',0.368,0.250,0.555,0.917,-0.127,-0.374,0.497,-0.585,0.000),(404,'Kenya',-0.683,-1.408,-0.038,-0.780,-0.506,-0.031,0.128,2.763,0.000),(410,'South Korea',1.135,1.427,0.281,1.432,1.203,0.464,0.935,-0.724,0.000),(414,'Kuwait',-0.079,0.749,0.288,0.379,-0.028,-0.972,-0.466,0.617,0.000),(417,'Kyrgyzstan',-0.565,0.439,-1.189,0.331,-0.734,-0.833,-0.830,0.102,0.000),(418,'Lao PDR',-0.971,-0.886,-0.438,-1.768,-0.103,-1.063,-0.591,0.527,0.000),(422,'Lebanon',-0.330,0.221,-0.408,0.308,-1.635,-0.486,0.032,-0.616,0.000),(426,'Lesotho',-0.960,-1.561,-1.864,-0.916,-0.071,-0.497,-0.552,-1.025,0.000),(428,'Latvia',0.686,1.315,0.712,0.393,-0.085,1.107,0.425,0.724,0.000),(430,'Liberia',-0.935,-1.485,-0.624,-0.673,-0.574,-0.277,-1.165,0.416,0.000),(440,'Lithuania',0.884,1.488,0.549,0.611,-0.155,0.939,1.002,-0.521,0.000),(442,'Luxembourg',1.185,0.428,1.365,0.706,0.709,1.888,1.322,0.901,0.000),(450,'Madagascar',-1.587,-1.754,-0.929,-1.669,-0.920,-1.313,-0.974,2.028,0.000),(454,'Malawi',-0.891,-1.191,-0.316,-0.719,-0.385,-0.239,-1.252,1.565,0.000),(458,'Malaysia',0.976,0.834,1.539,0.343,-0.110,1.006,1.826,1.083,0.000),(466,'Mali',-1.253,-1.454,-0.992,-1.439,-0.283,-0.841,-1.193,0.951,0.000),(470,'Malta',0.763,0.405,0.614,0.867,0.024,0.934,0.649,-1.151,0.000),(478,'Mauritania',-1.779,-1.229,-2.261,-1.270,-0.568,-1.826,-2.262,-0.567,0.000),(480,'Mauritius',0.553,0.979,0.904,0.157,-0.033,1.041,0.030,0.495,0.000),(484,'Mexico',0.224,0.112,0.310,0.498,0.091,-0.049,-0.142,-0.956,0.000),(496,'Mongolia',-0.312,0.003,-0.895,0.152,-0.831,-0.263,0.006,-0.506,0.000),(498,'Moldova',-0.386,0.319,-1.096,0.478,-0.646,-0.466,-0.720,-0.460,0.000),(499,'Montenegro',0.279,1.018,-0.149,0.432,-0.133,0.250,0.055,-0.103,0.000),(504,'Morocco',-0.425,-0.278,-0.239,-0.179,-0.425,-0.697,-0.639,-0.703,0.000),(508,'Mozambique',-1.300,-1.738,-0.813,-1.161,-0.691,-0.687,-1.419,0.897,0.000),(512,'Oman',0.104,0.699,0.457,0.528,0.183,-0.696,-0.396,0.317,0.000),(516,'Namibia',-0.134,-0.647,0.559,-0.259,-0.142,0.602,-0.411,1.268,0.000),(524,'Nepal',-1.413,-1.062,-1.385,-1.520,-0.811,-0.986,-0.876,1.955,0.000),(528,'Netherlands',1.642,0.472,1.245,1.431,1.833,1.558,1.893,-0.199,0.000),(554,'New Zealand',1.854,0.360,1.888,1.364,2.882,1.691,1.505,0.134,0.000),(558,'Nicaragua',-0.626,-0.585,-0.139,0.335,-1.089,-0.746,-1.363,-0.852,0.000),(562,'Niger',-0.790,-1.686,0.050,-1.412,-0.679,0.013,-0.487,0.163,0.000),(566,'Nigeria',-1.622,-1.159,-0.428,-2.787,-1.485,-0.701,-1.129,2.199,0.000),(578,'Norway',2.037,0.537,2.139,1.188,2.741,1.730,1.872,-0.998,0.000),(586,'Pakistan',-1.403,-0.688,-1.182,-2.227,-0.826,-1.220,-0.726,1.127,0.000),(591,'Panama',0.373,0.005,0.378,0.294,-0.170,1.062,0.099,-0.532,0.000),(598,'Papua New Guinea',-0.690,-1.755,-0.327,-1.368,0.038,0.000,-0.180,0.347,0.000),(600,'Paraguay',-0.399,-0.369,-0.185,0.482,-0.622,-0.108,-1.576,-0.784,0.000),(604,'Peru',0.079,-0.077,0.530,0.373,0.076,0.253,-0.890,-0.395,0.000),(608,'Philippines',0.110,-0.039,0.837,-0.482,0.092,0.449,0.414,1.950,0.000),(616,'Poland',1.173,1.739,1.015,0.584,0.866,1.232,0.262,-1.301,0.000),(620,'Portugal',0.713,0.378,-0.649,1.006,0.838,0.669,0.974,-1.311,0.000),(624,'Guinea-Bissau',-0.065,-1.485,0.002,-0.930,-0.480,-0.567,-0.455,2.034,0.586),(626,'Timor East',-0.028,1.114,-0.043,-2.189,-0.647,0.264,-0.166,0.040,0.553),(634,'Qatar',1.128,1.112,2.348,0.229,-0.221,0.806,2.086,1.373,0.000),(642,'Romania',0.535,1.183,-0.058,0.678,0.175,0.364,0.096,-1.117,0.000),(643,'Russia',-0.289,0.272,-0.658,-0.224,-0.039,-1.098,0.187,-0.364,0.000),(646,'Rwanda',-0.112,-0.408,0.110,-0.899,0.555,-0.476,0.055,-1.290,0.000),(682,'Saudi Arabia',0.245,0.324,0.898,0.446,-0.170,-0.702,0.445,-0.213,0.000),(686,'Senegal',-0.393,-0.760,-0.147,-0.306,-0.438,0.110,-0.264,0.834,0.000),(688,'Serbia',-0.103,1.158,-0.686,0.396,-0.731,-0.187,-0.451,-0.145,0.000),(690,'Seychelles',0.103,0.113,-0.252,0.350,-0.066,0.095,-0.104,-1.070,0.000),(694,'Sierra Leone',-1.561,-1.716,-1.172,-1.400,-1.218,-0.616,-1.676,1.120,0.000),(702,'Singapore',1.825,1.554,2.358,1.377,1.187,1.464,2.161,1.552,0.000),(703,'Slovakia',0.891,1.661,1.091,0.813,-0.309,1.171,-0.005,-0.697,0.000),(704,'Vietnam',-0.538,0.557,-0.957,0.423,-1.278,-1.357,-0.058,0.124,0.000),(705,'Slovenia',0.789,2.018,-0.450,0.865,0.454,0.320,0.754,-0.752,0.000),(706,'Somalia',-1.350,-2.580,-0.893,-2.715,-0.079,-1.148,-0.035,-0.742,0.000),(710,'South Africa',0.524,-0.286,1.234,0.032,0.948,1.213,-0.232,0.626,0.000),(716,'Zimbabwe',-1.605,-1.643,-1.570,-1.182,-1.920,-1.595,-0.593,-0.158,0.000),(724,'Spain',0.368,0.339,-0.299,0.818,0.573,0.402,0.307,0.536,0.000),(729,'Sudan',-0.056,0.454,0.012,-1.714,-1.141,-0.864,-0.084,-0.332,-2.007),(740,'Suriname',0.019,0.053,-0.043,0.601,0.161,0.428,-0.065,1.592,0.504),(748,'Swaziland',-0.514,-0.794,0.089,-0.510,-0.261,-0.544,-1.019,-0.918,0.000),(752,'Sweden',1.786,0.465,1.710,1.196,2.551,1.540,1.822,0.005,0.000),(756,'Switzerland',1.809,0.659,1.455,1.111,2.471,1.653,2.204,0.397,0.000),(760,'Syria',-0.030,0.554,-0.048,0.174,-1.013,-1.025,-0.427,-0.397,-1.007),(762,'Tajikistan',-0.444,-0.363,-0.548,-0.210,-0.349,-1.108,-0.023,-0.826,0.000),(764,'Thailand',0.206,0.497,0.605,0.550,-0.488,-0.241,0.238,0.160,0.000),(768,'Togo',-0.050,-0.744,-0.051,-0.824,-0.791,-0.340,-0.263,0.821,0.259),(780,'Trinidad and Tobago',0.069,0.272,0.162,0.351,-0.639,0.178,0.268,0.668,0.000),(784,'United Arab Emirates',1.235,1.401,1.768,0.663,0.608,0.621,1.680,0.705,0.000),(788,'Tunisia',-0.197,0.491,-1.227,0.469,-0.389,-0.484,-0.394,-1.518,0.000),(792,'Turkey',0.332,0.782,0.518,0.428,-0.439,0.342,-0.138,-0.692,0.000),(800,'Uganda',-1.099,-0.769,-0.438,-0.897,-0.960,-0.310,-0.847,4.086,0.000),(804,'Ukraine',-0.291,0.957,-1.853,0.351,-0.590,-0.743,0.402,-0.155,0.000),(807,'Macedonia',0.385,0.648,0.256,1.030,-0.154,0.219,0.150,0.296,0.000),(818,'Egypt',-0.903,-0.386,-0.096,-0.561,-1.126,-1.358,-1.342,-0.558,0.000),(826,'United Kingdom',1.659,0.621,0.757,0.320,3.654,1.524,1.589,-0.579,0.000),(834,'Tanzania',-1.113,-1.459,-0.871,-1.137,-0.624,-0.482,-1.052,0.646,0.000),(840,'United States',1.721,0.373,1.203,1.411,2.522,1.544,1.774,-0.302,0.000),(854,'Burkina Faso',-0.034,0.010,-0.200,-0.425,-0.812,-0.236,-0.405,1.292,0.379),(858,'Uruguay',1.010,1.238,0.848,1.090,0.962,1.090,-0.169,-0.716,0.000),(860,'Uzbekistan',-0.020,0.399,-0.034,0.569,-0.853,-1.206,-0.053,-0.250,-0.345),(862,'Venezuela',-0.991,0.229,-1.100,-0.207,-1.519,-1.868,-0.931,-0.882,0.000),(887,'Yemen',-0.075,0.423,0.001,-2.252,-1.723,-0.795,-0.140,-0.418,-0.938),(894,'Zambia',-0.593,-1.381,-0.199,-0.834,-0.691,0.111,-0.229,0.003,0.000);
/*!40000 ALTER TABLE `CCI2016` ENABLE KEYS */;
UNLOCK TABLES;

--
-- Table structure for table `CCI2017`
--

DROP TABLE IF EXISTS `CCI2017`;
/*!40101 SET @saved_cs_client     = @@character_set_client */;
/*!50503 SET character_set_client = utf8mb4 */;
CREATE TABLE `CCI2017` (
  `IsoN` int(11) NOT NULL,
  `country` varchar(64) NOT NULL,
  `CCI` decimal(6,3) NOT NULL,
  `EQUIVALENCE` decimal(6,3) NOT NULL,
  `TRUST` decimal(6,3) NOT NULL,
  `CARE` decimal(6,3) NOT NULL,
  `TRANSPARENCY` decimal(6,3) NOT NULL,
  `FREEDOM` decimal(6,3) NOT NULL,
  `UNDERSTANDING` decimal(6,3) NOT NULL,
  `DIVERSITY` decimal(6,3) NOT NULL,
  `PEACE` decimal(6,3) NOT NULL,
  PRIMARY KEY (`IsoN`)
) ENGINE=InnoDB DEFAULT CHARSET=latin1;
/*!40101 SET character_set_client = @saved_cs_client */;

--
-- Dumping data for table `CCI2017`
--

LOCK TABLES `CCI2017` WRITE;
/*!40000 ALTER TABLE `CCI2017` DISABLE KEYS */;
INSERT INTO `CCI2017` VALUES (4,'Afghanistan',-1.441,-2.063,-0.728,-2.674,-0.648,-0.968,-0.158,1.014,0.000),(8,'Albania',0.069,0.445,-0.341,0.438,0.384,-0.600,-0.028,-0.190,0.000),(10,'Antarctica',0.012,0.000,0.000,0.000,0.000,0.060,0.000,0.000,0.000),(12,'Algeria',-0.753,-0.103,-1.108,-0.604,-1.124,-1.318,-0.132,-0.883,0.000),(24,'Angola',-0.059,-0.412,-0.062,-1.475,-0.655,-0.617,-0.290,0.802,0.320),(31,'Azerbaijan',-0.274,0.227,-0.392,0.237,-0.307,-1.193,-0.236,-0.562,0.000),(32,'Argentina',-0.359,-0.291,-0.928,-0.186,-0.108,-0.731,0.000,-0.919,0.000),(36,'Australia',1.534,1.189,1.776,0.999,1.374,1.363,1.609,-0.497,0.000),(40,'Austria',1.392,1.230,0.847,1.188,1.461,1.463,1.227,-0.816,0.000),(48,'Bahrain',0.723,1.079,0.825,1.363,0.589,-0.101,0.395,0.653,0.000),(50,'Bangladesh',-1.101,-1.071,-1.537,-1.003,-1.309,-0.399,-0.867,-0.499,0.000),(51,'Armenia',-0.038,0.250,-0.532,0.355,0.218,-0.492,-0.378,-1.317,0.000),(56,'Belgium',1.414,1.394,1.199,0.795,1.222,1.741,1.592,0.701,0.000),(60,'Bermuda',0.088,0.079,0.000,0.221,-0.045,0.060,-0.024,-0.449,0.000),(64,'Bhutan',-0.286,0.108,0.042,0.100,-0.165,-0.475,-0.941,0.874,0.000),(68,'Bolivia',-0.559,-0.567,-0.483,-0.513,-0.370,-0.247,-0.758,0.504,0.000),(70,'Bosnia and Herzegovina',-0.744,-0.793,-0.861,-0.361,-0.341,-0.602,-0.963,0.657,0.000),(72,'Botswana',-0.206,-0.578,0.080,-0.439,-0.105,0.261,-0.306,0.118,0.000),(76,'Brazil',-0.117,-0.167,0.014,-0.210,-0.254,0.561,-0.802,-0.899,0.000),(100,'Bulgaria',-0.277,0.036,-0.880,-0.560,-0.295,0.195,-0.207,-0.626,0.000),(104,'Burma Myanmar',-1.739,-1.631,-1.375,-1.342,-1.799,-1.934,-1.302,0.615,0.000),(108,'Burundi',-1.885,-1.651,-1.812,-2.099,-1.830,-1.900,-1.400,-1.256,0.000),(112,'Belarus',0.028,1.704,-0.059,1.016,-0.213,-0.957,0.183,-0.098,0.002),(116,'Cambodia',-0.941,-1.047,-0.786,-0.577,-1.318,-0.785,-0.952,-1.213,0.000),(120,'Cameroon',-1.184,-1.143,-0.687,-1.425,-0.758,-1.223,-0.622,2.492,0.000),(124,'Canada',1.823,1.490,1.974,1.561,1.700,1.688,1.880,1.034,0.000),(132,'Cape Verde',-0.059,-0.536,-0.344,-0.008,0.187,0.357,-0.084,-0.360,0.000),(140,'Central African Republic',-0.099,-2.344,-0.110,-1.708,-0.260,-0.947,-0.588,1.795,-2.421),(144,'Sri Lanka',0.175,0.164,0.206,0.270,-0.736,-0.020,1.101,0.015,0.000),(148,'Chad',-2.375,-2.342,-1.835,-2.393,-1.614,-2.207,-1.950,2.754,0.000),(152,'Chile',0.961,0.208,0.781,1.163,1.192,1.124,0.498,-1.225,0.000),(156,'China',-0.238,-0.020,0.141,0.219,-0.850,-0.808,0.106,0.271,0.000),(158,'Taiwan',1.312,2.535,0.861,0.714,0.884,1.593,0.710,0.404,0.000),(170,'Colombia',-0.063,-0.238,0.011,0.690,-0.280,-0.074,-0.669,-0.917,0.000),(174,'Comoros',-0.049,-2.094,0.022,-0.045,-0.259,-0.325,-0.268,-0.464,0.649),(178,'Republic of the Congo',-0.030,-0.118,-0.036,-0.173,-0.455,-0.636,-0.399,0.819,0.304),(180,'Democratic Republic of the Congo',-0.059,-0.361,0.090,-1.409,-0.771,-0.754,-0.319,0.698,-1.621),(188,'Costa Rica',-1.441,-2.063,-0.728,-2.674,-0.648,-0.968,-0.158,1.014,0.000),(191,'Croatia',0.006,0.094,-0.542,-0.373,0.169,0.237,0.177,-0.922,0.000),(192,'Cuba',-0.010,-0.061,-0.119,1.026,-0.677,-0.856,0.108,-0.529,-0.147),(196,'Cyprus',0.594,0.676,-0.675,0.568,0.881,0.832,0.812,-0.434,0.000),(203,'Czech Republic',0.958,0.936,0.542,0.756,0.877,1.254,0.674,-0.815,0.000),(204,'Benin',-0.994,-1.236,-0.867,-0.537,-0.941,-0.536,-1.076,0.980,0.000),(208,'Denmark',1.822,1.239,2.104,1.577,1.687,1.469,1.703,-0.963,0.000),(214,'Dominican Republic',-0.063,-0.308,-0.383,0.542,0.194,-0.039,-0.619,-1.000,0.000),(218,'Ecuador',-0.225,-0.330,-0.217,0.206,-0.510,-0.423,-0.166,-0.831,0.000),(222,'El Salvador',-0.127,-0.290,-0.089,0.419,-0.420,0.078,-0.687,-1.223,0.000),(226,'Equatorial Guinea',-0.520,-0.411,0.000,-0.915,-0.919,-0.557,-0.168,-0.609,0.000),(231,'Ethiopia',-1.322,-1.320,-0.589,-1.028,-1.526,-1.433,-0.921,1.590,0.000),(232,'Eritrea',-1.270,-2.086,-0.799,-1.937,0.028,-1.459,-0.216,0.568,0.000),(233,'Estonia',1.106,0.621,1.168,0.578,1.582,1.236,0.931,0.184,0.000),(242,'Fiji',0.001,-0.393,0.063,0.936,-0.397,-0.122,-0.047,0.446,0.479),(246,'Finland',2.400,2.194,2.600,1.249,2.258,1.944,2.700,-0.902,0.000),(250,'France',1.020,0.881,0.586,0.300,0.984,1.377,1.352,-0.400,0.000),(262,'Djibouti',-0.060,-0.793,-0.062,-0.853,-1.056,-0.572,-0.287,-0.187,0.135),(266,'Gabon',-0.922,0.090,-0.710,-0.899,-0.755,-1.337,-1.318,0.568,0.000),(268,'Georgia',-0.035,-0.112,-0.077,-0.065,0.487,-0.060,-0.396,-0.076,0.000),(270,'Gambia',-0.789,-0.808,0.204,-1.003,-0.656,-1.017,-0.800,0.875,0.000),(275,'Palestine',0.030,0.679,0.040,0.954,0.071,-0.249,0.275,-1.049,-0.649),(276,'Germany',1.611,1.115,1.385,1.337,1.612,1.661,1.694,-0.163,0.000),(288,'Ghana',-0.443,-0.616,-0.271,-0.777,-0.158,0.228,-0.475,1.383,0.000),(300,'Greece',0.029,0.376,-1.094,-0.181,-0.091,-0.002,0.825,-1.054,0.000),(320,'Guatemala',-0.264,-0.809,0.114,0.634,-0.469,0.240,-1.011,0.383,0.000),(324,'Guinea',-1.888,-1.656,-1.887,-1.804,-1.423,-1.426,-2.000,0.731,0.000),(328,'Guyana',-0.126,-0.070,-0.336,-0.102,-0.263,0.111,-0.139,-0.410,0.000),(332,'Haiti',-1.797,-2.684,-1.436,-1.503,-1.226,-1.457,-1.866,-1.218,0.000),(340,'Honduras',-0.154,-0.404,0.082,0.703,-0.680,-0.060,-0.737,-1.125,0.000),(344,'Hong Kong',1.428,1.013,1.692,1.344,1.552,1.370,1.036,0.566,0.000),(348,'Hungary',0.086,0.329,-0.923,-0.028,0.215,0.149,0.407,-1.064,0.000),(352,'Iceland',1.581,1.269,0.997,1.522,1.766,0.760,1.966,-1.432,0.000),(356,'India',-0.352,-0.034,-0.057,-1.542,-0.426,0.508,-0.182,0.774,0.000),(360,'Indonesia',0.005,0.161,0.384,-0.335,-0.682,0.405,0.338,0.833,0.000),(364,'Iran',-0.866,-0.080,-0.980,-0.089,-1.178,-1.681,-0.609,0.557,0.000),(368,'Iraq',-0.009,1.300,-0.055,-0.122,-1.200,-0.398,-0.066,-0.059,-1.688),(372,'Ireland',1.538,1.087,0.796,1.489,1.753,1.309,1.703,-1.087,0.000),(376,'Israel',0.803,0.806,0.706,0.857,0.444,0.357,1.321,0.311,0.000),(380,'Italy',0.109,-0.015,-0.960,0.039,-0.392,0.551,1.280,-0.244,0.000),(384,'Ivory Coast',-0.686,-0.689,-0.020,-1.032,-0.274,-0.746,-0.532,1.807,0.000),(388,'Jamaica',0.148,0.180,-0.129,0.045,0.203,0.451,-0.189,-0.945,0.000),(392,'Japan',1.649,1.392,1.517,1.172,1.543,1.632,1.603,-0.760,0.000),(398,'Kazakhstan',0.038,0.788,-0.172,0.471,-0.070,-0.702,0.060,0.696,0.000),(400,'Jordan',0.325,0.609,0.615,0.831,-0.215,-0.310,0.125,-0.602,0.000),(404,'Kenya',-0.588,-1.406,0.117,-0.975,0.013,-0.178,-0.084,2.712,0.000),(410,'South Korea',0.339,0.111,-0.335,0.545,0.279,0.197,0.874,-0.648,0.000),(414,'Kuwait',-0.016,0.412,0.433,0.215,0.315,-0.756,-0.537,0.640,0.000),(417,'Kyrgyzstan',-0.584,-0.065,-1.092,0.058,-0.384,-0.855,-0.871,0.089,0.000),(418,'Lao PDR',-0.893,-0.614,0.133,-0.618,-1.751,-1.063,-0.788,0.562,0.000),(422,'Lebanon',0.027,0.300,-0.503,0.123,-0.098,-0.389,0.540,-0.562,0.000),(426,'Lesotho',-1.172,-1.971,-1.105,-1.834,-0.563,-0.511,-0.737,-1.041,0.000),(428,'Latvia',0.465,0.255,0.183,0.103,0.986,0.807,0.392,0.754,0.000),(430,'Liberia',-1.036,-1.441,-0.474,-1.077,-0.817,-0.464,-1.280,0.427,0.000),(440,'Lithuania',0.479,0.227,-0.184,-0.065,0.983,0.798,0.698,-0.526,0.000),(442,'Luxembourg',1.868,1.522,1.915,1.516,2.181,2.156,1.212,0.916,0.000),(450,'Madagascar',-1.417,-2.351,-0.894,-0.893,-1.288,-1.013,-0.796,1.987,0.000),(454,'Malawi',-0.948,-1.174,-0.488,-0.736,-0.857,-0.425,-1.102,1.541,0.000),(458,'Malaysia',1.129,1.055,1.509,1.099,0.649,1.069,1.143,1.121,0.000),(466,'Mali',-1.091,-1.280,-0.709,-1.303,-0.973,-0.462,-1.013,0.925,0.000),(470,'Malta',1.084,0.967,0.614,0.880,0.935,1.285,0.967,-1.136,0.000),(478,'Mauritania',-1.884,-2.088,-2.004,-1.585,-1.148,-1.676,-2.023,-0.607,0.000),(480,'Mauritius',0.601,0.961,0.492,0.384,0.368,0.883,0.360,0.561,0.000),(484,'Mexico',-0.041,0.068,-0.216,0.529,-0.494,-0.184,-0.173,-0.977,0.000),(496,'Mongolia',-0.399,-0.922,-1.012,-0.020,-0.128,-0.275,0.023,-0.455,0.000),(498,'Moldova',-0.530,-0.013,-1.367,-0.315,-0.053,-0.408,-0.928,-0.485,0.000),(499,'Montenegro',-0.005,0.125,-0.357,0.043,0.275,0.009,-0.172,-0.097,0.000),(504,'Morocco',-0.118,0.259,0.044,-0.324,0.075,-0.561,-0.341,-0.727,0.000),(508,'Mozambique',-1.548,-2.118,-0.898,-1.761,-0.997,-0.860,-1.601,0.960,0.000),(512,'Oman',0.208,0.867,0.812,0.499,0.271,-0.494,-0.712,0.320,0.000),(516,'Namibia',-0.314,-0.461,0.197,-0.772,-0.021,0.412,-0.745,1.213,0.000),(524,'Nepal',-0.928,-0.528,-1.027,-0.964,-0.872,-0.635,-0.583,1.932,0.000),(528,'Netherlands',1.979,1.600,1.861,1.690,2.067,1.804,1.809,-0.137,0.000),(554,'New Zealand',2.064,1.725,2.490,1.643,2.244,1.965,1.331,0.168,0.000),(558,'Nicaragua',-0.623,-1.026,-0.586,0.700,-0.843,-0.595,-1.261,-0.853,0.000),(562,'Niger',-0.790,-1.686,0.050,-1.412,-0.679,0.013,-0.487,0.163,0.000),(566,'Nigeria',-1.422,-0.899,-0.678,-2.670,-0.543,-0.761,-1.699,2.208,0.000),(578,'Norway',2.375,2.135,2.653,1.675,2.220,2.013,2.104,-0.991,0.000),(586,'Pakistan',-1.044,-0.195,-0.811,-1.647,-1.329,-0.666,-0.803,1.085,0.000),(591,'Panama',0.386,-0.014,0.183,0.863,0.121,1.053,-0.203,-0.548,0.000),(598,'Papua New Guinea',-0.690,-1.755,-0.327,-1.368,0.038,0.000,-0.180,0.347,0.000),(600,'Paraguay',-0.567,-0.669,-0.921,0.317,-0.138,-0.182,-1.730,-0.802,0.000),(604,'Peru',-0.124,-0.159,-0.150,0.285,-0.200,0.283,-0.831,-0.422,0.000),(608,'Philippines',-0.038,-0.006,0.487,-0.009,-0.514,0.499,-0.133,1.902,0.000),(616,'Poland',0.575,0.630,0.153,0.170,0.303,0.984,0.571,-1.312,0.000),(620,'Portugal',0.657,0.420,-0.424,0.498,0.593,0.987,1.153,-1.318,0.000),(624,'Guinea-Bissau',-0.065,-1.485,0.002,-0.930,-0.480,-0.567,-0.455,2.034,0.586),(626,'Timor East',-0.028,1.114,-0.043,-2.189,-0.647,0.264,-0.166,0.040,0.553),(634,'Qatar',1.598,1.740,2.313,1.448,1.491,0.656,1.514,1.400,0.000),(642,'Romania',0.122,0.360,-0.457,-0.187,0.204,0.320,0.103,-1.145,0.000),(643,'Russia',-0.289,-0.272,-0.658,-0.224,-0.039,-1.098,0.187,-0.364,0.000),(646,'Rwanda',-0.143,-0.824,0.645,0.404,-0.299,-0.626,-0.377,-1.291,0.000),(682,'Saudi Arabia',0.405,1.019,1.272,0.769,-0.154,-0.566,-0.129,-0.221,0.000),(686,'Senegal',-0.396,-0.620,-0.210,-0.476,-0.268,-0.026,-0.363,0.795,0.000),(688,'Serbia',-0.446,-0.425,-1.185,-0.596,-0.096,-0.237,0.005,-0.159,0.000),(690,'Seychelles',0.082,0.272,-0.158,-0.140,0.174,-0.015,0.017,-1.077,0.000),(694,'Sierra Leone',-1.480,-1.697,-1.091,-1.981,-1.017,-0.799,-1.251,1.127,0.000),(702,'Singapore',1.583,1.481,2.047,1.852,1.232,1.268,1.326,1.836,0.000),(703,'Slovakia',0.458,0.466,-0.210,0.209,0.892,0.968,-0.019,-0.689,0.000),(704,'Vietnam',-0.574,-0.239,-0.856,0.320,-1.069,-1.286,0.024,0.189,0.000),(705,'Slovenia',0.221,0.255,-0.849,0.034,0.595,0.243,0.688,-0.730,0.000),(706,'Somalia',-1.350,-2.580,-0.893,-2.715,-0.079,-1.148,-0.035,-0.742,0.000),(710,'South Africa',0.199,0.806,0.922,-1.713,0.500,1.240,-0.493,0.641,0.000),(716,'Zimbabwe',-1.171,-0.843,-1.303,-1.793,-0.926,-1.295,-0.347,-0.154,0.000),(724,'Spain',0.468,0.126,-0.352,0.322,0.768,0.630,1.174,0.524,0.000),(729,'Sudan',-0.056,0.454,0.012,-1.714,-1.141,-0.864,-0.084,-0.332,-2.007),(740,'Suriname',0.019,0.053,-0.043,0.601,0.161,0.428,-0.065,1.592,0.504),(748,'Swaziland',-1.004,-1.123,-0.065,-1.015,-1.041,-1.089,-1.383,-0.914,0.000),(752,'Sweden',2.000,1.662,2.178,1.380,1.899,1.812,2.071,0.023,0.000),(756,'Switzerland',2.120,1.211,2.023,2.395,2.068,1.982,2.087,0.412,0.000),(760,'Syria',-0.030,0.554,-0.048,0.174,-1.013,-1.025,-0.427,-0.397,-1.007),(762,'Tajikistan',-0.257,-0.180,0.036,0.320,-0.904,-1.104,0.221,-0.848,0.000),(764,'Thailand',0.125,0.734,0.282,0.639,-0.588,-0.131,-0.186,0.151,0.000),(768,'Togo',-0.050,-0.744,-0.051,-0.824,-0.791,-0.340,-0.263,0.821,0.259),(780,'Trinidad and Tobago',0.052,-0.122,-0.291,-0.283,0.391,0.355,0.396,0.706,0.000),(784,'United Arab Emirates',1.356,1.233,1.911,1.637,1.291,0.465,1.123,0.722,0.000),(788,'Tunisia',-0.153,0.304,-0.928,-0.162,-0.212,-0.346,0.068,-1.543,0.000),(792,'Turkey',0.145,0.345,-0.079,0.195,-0.097,0.124,0.118,-0.714,0.000),(800,'Uganda',-1.092,-1.442,-0.713,-0.858,-0.484,-0.698,-0.764,3.993,0.000),(804,'Ukraine',-0.448,-0.020,-1.677,-0.386,-0.302,-0.613,0.432,-0.150,0.000),(807,'Macedonia',0.177,0.050,-0.010,0.449,0.509,0.045,0.007,0.330,0.000),(818,'Egypt',-0.574,0.247,0.080,-0.364,-0.987,-1.393,-0.860,-0.569,0.000),(826,'United Kingdom',1.697,1.526,1.293,1.404,1.715,1.600,1.629,-0.542,0.000),(834,'Tanzania',-1.120,-1.643,-0.687,-1.295,-0.776,-0.485,-1.076,0.692,0.000),(840,'United States',1.603,0.988,1.334,1.734,1.357,1.802,1.528,-0.284,0.000),(854,'Burkina Faso',-0.034,0.010,-0.200,-0.425,-0.812,-0.236,-0.405,1.292,0.379),(858,'Uruguay',0.530,0.635,0.307,0.119,1.059,0.646,-0.051,-0.676,0.000),(860,'Uzbekistan',-0.020,0.399,-0.034,0.569,-0.853,-1.206,-0.053,-0.250,-0.345),(862,'Venezuela',-1.288,-0.916,-1.398,-1.226,-1.429,-1.301,-1.048,-0.893,0.000),(887,'Yemen',-0.075,0.423,0.001,-2.252,-1.723,-0.795,-0.140,-0.418,-0.938),(894,'Zambia',-0.593,-1.381,-0.199,-0.834,-0.691,0.111,-0.229,0.003,0.000);
/*!40000 ALTER TABLE `CCI2017` ENABLE KEYS */;
UNLOCK TABLES;

--
-- Table structure for table `comment`
--

DROP TABLE IF EXISTS `comment`;
/*!40101 SET @saved_cs_client     = @@character_set_client */;
/*!50503 SET character_set_client = utf8mb4 */;
CREATE TABLE `comment` (
  `id` int(11) NOT NULL AUTO_INCREMENT,
  `parent` int(11) NOT NULL,
  `project` int(11) NOT NULL,
  `user` int(11) NOT NULL,
  `content` varchar(2046) CHARACTER SET utf8 COLLATE utf8_bin NOT NULL,
  `E` int(11) NOT NULL DEFAULT '0',
  `T` int(11) NOT NULL DEFAULT '0',
  `C` int(11) NOT NULL DEFAULT '0',
  `I` int(11) NOT NULL DEFAULT '0',
  `F` int(11) NOT NULL DEFAULT '0',
  `U` int(11) NOT NULL DEFAULT '0',
  `D` int(11) NOT NULL DEFAULT '0',
  `created` timestamp NOT NULL DEFAULT CURRENT_TIMESTAMP,
  `updated` timestamp NOT NULL DEFAULT CURRENT_TIMESTAMP ON UPDATE CURRENT_TIMESTAMP,
  PRIMARY KEY (`id`),
  KEY `user` (`user`),
  KEY `project` (`project`),
  CONSTRAINT `comment_ibfk_5` FOREIGN KEY (`user`) REFERENCES `user` (`id`) ON UPDATE CASCADE,
  CONSTRAINT `comment_ibfk_6` FOREIGN KEY (`project`) REFERENCES `project` (`id`) ON DELETE CASCADE ON UPDATE CASCADE
) ENGINE=InnoDB AUTO_INCREMENT=612 DEFAULT CHARSET=utf8 COLLATE=utf8_bin;
/*!40101 SET character_set_client = @saved_cs_client */;

--
-- Dumping data for table `comment`
--

LOCK TABLES `comment` WRITE;
/*!40000 ALTER TABLE `comment` DISABLE KEYS */;
INSERT INTO `comment` VALUES (339,0,1,7,'Grande Enea',1,2,1,0,1,0,2,'2019-04-25 11:05:15','2019-05-30 22:02:35'),(340,339,1,7,'Credo che il numero del commento vada sotto il commento insieme a published.',1,1,1,0,0,0,0,'2019-04-25 11:05:15','2019-05-28 16:21:21'),(341,339,1,7,'I numeri non li metterei nei quadratini, li metterei molto vicini alle icone e PRIMA delle icone',0,0,2,0,0,0,1,'2019-04-25 11:05:15','2019-05-28 16:21:20'),(342,339,1,7,'La prima cosa che si deve vedere  ci che l\'utente cerca, e cio il testo del commento',0,0,0,0,0,0,0,'2019-04-25 11:05:15','2019-05-28 16:21:19'),(343,339,1,7,'Comunque gi cos  un enorme passo avanti',0,0,0,0,0,0,0,'2019-04-25 11:05:15','2019-05-28 16:21:17'),(344,339,1,7,'Ti dico di pi, queste varie frasi anonime sono fighe perch sembrano parte di una mente collettiva, non di uno n di molti',1,1,1,0,1,0,1,'2019-04-25 11:05:15','2019-05-28 08:36:15'),(345,339,1,7,'Cio i numeri a destra delle icone senza quadratino',0,0,0,0,0,0,0,'2019-04-25 11:05:15','2019-04-25 23:54:53'),(346,339,1,7,'Non serve scrivere il testo \"Comment\", forse basta solo il numero.\r\nPer ora il numero del commento pu essere utile a livello cronologico.',0,0,0,0,0,0,0,'2019-04-25 11:05:15','2019-04-25 23:54:53'),(347,339,1,7,'Se il voto  zero il numerino e la casellina dovrebbero scomparire',0,0,0,0,0,0,0,'2019-04-25 11:05:15','2019-04-25 23:54:53'),(348,339,1,10,'Concordo, sembra il progetto che riflette su s stesso :-)',0,0,0,0,0,0,1,'2019-04-25 11:05:15','2019-04-25 23:54:53'),(349,339,1,10,'Provo a fare le modifiche, intanto ho una domanda: secondo te i commenti devono essere tutti visibili subito o  meglio mettere un \"accordion\"? Per esempio, si fa in modo che appaiano subito i commenti di primo livello e, se ci sono delle risposte ai commenti, appaia il pulsante per espandere il thread. ',0,0,0,0,0,0,0,'2019-04-25 11:05:15','2019-04-25 23:54:53'),(350,339,1,10,'Io per lascerei la casella evidenziata per far capire che si  gi assegnato il voto a quel determinato progetto/commento. ',0,1,0,0,0,0,0,'2019-04-25 11:05:15','2019-04-25 23:54:53'),(351,339,1,10,'Non ho capito: i numeri li vuoi a destra delle icone o a sinistra? Tieni presente che pi vicini di cos non si pu: icona e testo hanno gli ingombri minimi consentiti da bootstrap.',0,0,0,0,0,0,0,'2019-04-25 11:05:15','2019-04-25 23:54:53'),(352,339,1,7,'Eh boh. Per ora non mi affaticherei su questo. Si, sicuramente un lunghissimo thread ha questa problematica. Un\'altra grande innovazione potrebbe essere farlo upside-down. Nel senso che in alto trovi le ultime cose e in basso quelle vecchie. Cos chi segue il thread si trova la parte finale gi su. In questo modo non hai molto bisogno di scorrere.',0,0,1,0,0,0,0,'2019-04-25 11:05:15','2019-05-07 08:20:49'),(353,339,1,7,'Allora usa un colore, userei il blu, che  quello della libert cos sei libero di toglierlo.',0,0,0,0,0,0,0,'2019-04-25 11:05:15','2019-04-25 23:54:53'),(354,0,1,7,'Ciao a tutti, faccio un altro esperimento di commento sul progetto cooperacy. Ho sentito Gerolamo ed  andata bene!',1,0,2,0,0,0,1,'2019-04-25 11:05:15','2019-05-30 22:02:35'),(355,339,1,7,'Pi ci penso e pi credo che la storia di vedere il thread al contrario  innovativa e vincente.',0,0,0,0,0,0,0,'2019-04-25 11:05:15','2019-04-25 23:54:53'),(356,339,1,7,'E anche questa cosa di non sapere chi parla  sperimentale ma molto potente. Molto Delphi Method.',1,0,0,0,0,0,1,'2019-04-25 11:05:15','2019-05-28 08:36:20'),(357,339,1,7,'Anche i voti basati sulle condizioni della cooperazione sono una bomba. Dobbiamo perfezionarli un po\' ma ci siamo. Ad esempio il voto Joke forse va usato come risata anche. Piano piano andranno a posto anche gli altri.',0,0,0,0,0,0,0,'2019-04-25 11:05:15','2019-04-25 23:54:54'),(358,339,1,7,'L\'accordion sarebbe carino se funzionasse tipo le cartelle nei file mangers (directory trees)',0,0,0,0,0,0,0,'2019-04-25 11:05:15','2019-04-25 23:54:54'),(359,0,1,22,'MERAVIGLIAAAAAAA!!!!!!!',1,0,1,0,0,1,1,'2019-04-25 11:05:15','2019-05-30 22:02:35'),(360,339,1,22,'Mettiamo il voto AI alla fine, perch  l\'unico su cui l\'utente non pu agire?\r\n',1,0,0,0,0,0,0,'2019-04-25 11:05:15','2019-04-25 23:54:54'),(361,339,1,22,'S Joke come risata I like it :)',0,0,0,0,0,0,0,'2019-04-25 11:05:15','2019-04-25 23:54:54'),(362,0,1,22,'Si pu mettere una descrizione mouse-over dei diversi ruoli (Creator - Coordinators - Experts - Reports) come per i voti? ',1,0,0,0,0,0,0,'2019-04-25 11:05:15','2019-05-30 22:02:35'),(363,362,1,22,'E si pu inserire la possibilit di modificare un commento che ho scritto Reports invece di Reporters? :D Adesso c\'!! Yuppiii',1,0,0,0,0,0,0,'2019-04-25 11:05:15','2019-04-25 23:54:54'),(364,362,1,7,'Aahhahaha piano piano, altrimenti Enea esce pazzo, gi gli abbiamo fatto mettere i threads bottom-up!',1,0,1,0,0,0,0,'2019-04-25 11:05:15','2019-04-25 23:54:54'),(365,0,1,7,'*** Comment deleted by author ***',1,0,0,1,0,0,1,'2019-04-25 11:05:15','2019-07-07 13:26:43'),(366,365,1,7,'*** Comment deleted by author ***',1,1,1,0,2,0,1,'2019-04-25 11:05:15','2019-04-25 23:54:54'),(367,365,1,7,'*** Comment deleted by author ***',1,1,0,0,0,0,0,'2019-04-25 11:05:15','2019-07-07 13:26:46'),(368,362,1,10,'Dove deve apparire questa descrizione mouse-over?',0,0,1,0,1,0,0,'2019-04-25 11:05:15','2019-04-25 23:54:54'),(369,362,1,22,'Nel progetto, dove c\' scritto chi sono Creator - Coordinators - Experts - Reports',1,0,1,0,0,0,0,'2019-04-25 11:05:15','2019-04-25 23:54:54'),(370,0,1,12,'Peccato volevo co-donare ma non funziona ;P',1,0,0,0,0,0,0,'2019-04-25 11:05:15','2019-05-30 22:02:35'),(371,0,1,12,'Stupendo, soprattutto il Bizarre',0,0,0,0,0,0,2,'2019-04-25 11:05:15','2019-05-30 22:02:35'),(372,0,1,12,'ma dove si legge chi posta il messaggio?',1,1,0,0,0,0,2,'2019-04-25 11:05:15','2019-05-30 22:02:35'),(374,372,1,10,' anonimo di default. I nomi degli utenti sono rivelati solo quando il progetto viene realizzato.',1,1,1,0,0,0,0,'2019-04-25 11:05:15','2019-04-25 23:54:54'),(376,0,375,10,'Quanto costa? <3',1,0,0,0,0,0,1,'2019-04-25 11:05:15','2019-05-30 22:02:35'),(377,372,1,10,'let\'s visit www.yahoo.it',0,0,0,0,0,0,0,'2019-04-25 11:05:15','2019-07-07 13:26:38'),(379,0,1,7,'We should use also another group for the management',1,0,0,0,0,0,0,'2019-04-25 11:05:15','2019-05-30 22:02:35'),(380,379,1,7,'Cooperacy Management?',1,0,0,0,0,0,0,'2019-04-25 11:05:15','2019-04-25 23:54:54'),(381,365,1,7,'*** Comment deleted by author ***',1,0,0,0,0,0,0,'2019-04-25 11:05:15','2019-04-25 23:54:54'),(382,379,1,7,'Yes :-)',0,0,0,0,0,0,0,'2019-04-25 11:05:15','2019-04-25 23:54:54'),(383,362,1,7,' stata inserita la possibilit!',0,0,0,0,0,0,0,'2019-04-25 11:05:15','2019-04-25 23:54:54'),(387,379,1,7,'Let\'s meet in the Basketball ground',1,0,0,0,0,0,0,'2019-04-25 11:05:15','2019-04-25 23:54:54'),(388,379,1,7,'We created it!',0,0,0,0,0,0,0,'2019-04-25 11:05:15','2019-07-07 13:26:33'),(395,0,1,10,'Ciao, ragazzi! Se state leggendo nella vostra mail questo messaggio, significa che le notifiche funzionano. Il sistema invia una notifica ai membri paganti ogni qual volta viene aperto un progetto. I partecipanti a una discussione ricevono una notifica quando qualcuno internviene.',1,0,0,0,0,0,0,'2019-04-25 11:05:15','2019-05-30 22:02:35'),(396,0,1,10,'Ciao, ragazzi! Se state leggendo nella vostra mail questo messaggio, significa che le notifiche funzionano. Il sistema invia una notifica ai membri paganti ogni qual volta viene aperto un progetto. I partecipanti a una discussione ricevono una notifica quando qualcuno internviene.',1,0,0,0,0,0,0,'2019-04-25 11:05:15','2019-05-30 22:02:35'),(397,396,1,7,'A me sono arrivate le notifiche di Ilario e Sara..',1,0,0,0,0,0,0,'2019-04-25 11:05:15','2019-04-25 23:54:54'),(398,395,1,78,'Anche a me sono arrivate le notifiche di ilario e sara.  Bea che scrive ora. ',1,0,0,0,0,0,1,'2019-04-25 11:05:15','2019-04-25 23:54:54'),(399,396,1,12,'A me sono arrivate un sacco di notifiche!! :)\r\n',1,0,0,0,0,0,0,'2019-04-25 11:05:15','2019-04-25 23:54:54'),(400,396,1,12,'Cio quelle di Ale, Sara, Bea, Enea. Forse  il server di posta che smista in giro?',1,0,1,0,0,0,1,'2019-04-25 11:05:15','2019-04-25 23:54:54'),(403,0,401,107,'*** Comment deleted by author ***',0,0,0,0,0,0,0,'2019-04-25 11:05:15','2019-05-30 22:02:35'),(404,0,401,107,'The firms being creative with food destined for the bin \r\nhttp://www.bbc.co.uk/news/business-42064265',0,0,0,0,0,0,0,'2019-04-25 11:05:15','2019-05-30 22:02:35'),(405,0,401,107,'The impacts of bringing electricity to rural and vulnerabile populations\r\nhttps://medium.com/thebeammagazine/the-impacts-of-bringing-electricity-to-rural-and-vulnerable-populations-be3bbd25ee6b',1,0,0,0,0,0,0,'2019-04-25 11:05:15','2019-05-30 22:02:35'),(406,0,1,95,'Ok ho ricevuto notifica ma non so qual e il progetto sono prove ?',1,1,0,0,0,0,0,'2019-04-25 11:05:15','2019-05-30 22:02:35'),(407,406,1,7,'Non c il link del progetto nella mail?',0,0,0,0,0,0,0,'2019-04-25 11:05:15','2019-04-25 23:54:54'),(408,0,401,7,'https://www.facebook.com/permalink.php?story_fbid=376531776118235&id=100012842477715\r\n\r\nNikola Tesla story with final sentence as introduction',1,0,0,0,0,0,0,'2019-04-25 11:05:15','2019-05-30 22:02:35'),(409,405,401,7,'very nice, what intro have you thought for it?',0,0,0,0,0,0,0,'2019-04-25 11:05:15','2019-04-25 23:54:54'),(410,408,401,107,'Even though I love everything about Tesla, somehow I dont like this video. Perhaps this article works better\r\nhttp://infinityexplorers.com/everything-light-incredible-interview-nikola-tesla-1899#',0,0,0,0,0,0,0,'2019-04-25 11:05:15','2019-04-25 23:54:54'),(411,0,401,107,'Seven megatrends that could beat global warming climate change?!\r\nhttps://www.theguardian.com/environment/2017/nov/08/seven-megatrends-that-could-beat-global-warming-climate-change?utm_content=buffer9bc30&utm_medium=social&utm_source=facebook.com&utm_campaign=buffer',1,0,0,0,0,0,0,'2019-04-25 11:05:15','2019-05-30 22:02:35'),(412,411,401,7,'I think we should have more simple approach as the target is more popular.',0,0,0,0,0,0,0,'2019-04-25 11:05:15','2019-04-25 23:54:54'),(413,408,401,7,'Why you dont?',0,0,0,0,0,0,0,'2019-04-25 11:05:15','2019-04-25 23:54:54'),(414,408,401,7,'The article does not have an emotional impact to me, and its loaded with commercials...',0,0,0,0,0,0,0,'2019-04-25 11:05:15','2019-04-25 23:54:54'),(415,408,401,107,'Because I find it reductive to what Tesla was. Perhaps, If youve never heard of him before, the video might be ok, its quick, and in 3 minutes you get a vague idea his life. \r\nBut if youve read his books and his reseaches, youll know he wouldnt have used that tone of voice for describing himself. :) ',0,0,0,0,0,0,0,'2019-04-25 11:05:15','2019-04-25 23:54:54'),(416,408,401,7,'What about posting the video and some biography article about Tesla for who wants to know more?',0,0,0,0,0,0,0,'2019-04-25 11:05:15','2019-04-25 23:54:54'),(417,411,401,78,'Mmmm, non mi era arrabatta segnalazione di questo post. Quindi chi apre un progetto poi non da se qualcuno risponde. Direi che  una cosa da segnare. :-)',0,0,0,0,0,0,0,'2019-04-25 11:05:15','2019-04-25 23:54:54'),(418,411,401,78,'Can you describe the target?',0,0,0,0,0,0,0,'2019-04-25 11:05:15','2019-04-25 23:54:54'),(419,405,401,107,'Energy access is an enabler of human development. \r\nYou could save a generation by giving pupils the opportunity for more time to study, says Rachel Kyte. Its not about energy for itself, its about what energy can do for people.',1,0,0,0,0,0,0,'2019-04-25 11:05:15','2019-04-25 23:54:54'),(420,408,401,107,'After reading Tesla, you start thinking about him and his work in terms of frequency, vibration and energy... By doing so he was able to discover many of the secrets of nature and secrets of the universe. :) \r\nPosting this video with a biography of Tesla, to me sound like when someone comes up with the idea of selling selected books at low cost, along with newspapers. Its fast, and can be placed along with other quick sequences and gestures. It gives the illusion of reading something...',0,0,0,0,0,0,0,'2019-04-25 11:05:15','2019-04-25 23:54:54'),(421,0,401,107,'https://youtu.be/gYVvPkQBk8E',0,0,0,0,0,0,0,'2019-04-25 11:05:15','2019-05-30 22:02:35'),(422,405,401,7,'I voted for this one. I think it should be submitted.\r\n',1,0,0,0,0,0,0,'2019-04-25 11:05:15','2019-04-25 23:54:54'),(423,421,401,7,'I feel this one is a little bit corporate. The targets:\r\n\r\nResearch\r\nAcademy, Universities, Institutions.\r\nExperience\r\nGroups, families, communities, companies.\r\nOverview\r\nCorporate, institutions, groups of professionals.\r\nPlatform (the one we want now)\r\nStarts from doers to reach popular diffusion.',0,0,0,0,0,0,0,'2019-04-25 11:05:15','2019-04-25 23:54:54'),(424,411,401,7,'Research: Academy, Universities, Institutions. /// Experience: Groups, families, communities, companies. /// Overview: Corporate, institutions, groups of professionals. /// Platform (the one we want now) Starts from doers to reach popular diffusion.',0,0,0,0,0,0,0,'2019-04-25 11:05:15','2019-04-25 23:54:54'),(425,411,401,78,'do you think that cooperacy.org page talks to all the above mentioned target?\r\n',0,0,0,0,0,0,0,'2019-04-25 11:05:15','2019-04-25 23:54:54'),(426,411,401,7,'I modified the comment so you can see better what is the target of the platform',0,0,0,0,0,0,0,'2019-04-25 11:05:15','2019-04-25 23:54:54'),(427,0,402,105,'*** Comment deleted by author ***',0,0,0,0,0,0,0,'2019-04-25 11:05:15','2019-10-26 15:11:57'),(428,0,401,22,'Proposal for a post:\r\n\r\nFormer Facebook vice president of user growth Chamath Palihapitiya said that social media is eroding the core foundations of how people behave and that he feels tremendous guilt about creating tools that are ripping apart the social fabric. The things that you rely on, the short-term dopamine-driven feedback loops that we have created, are destroying how society works: no civil discourse, no cooperation, misinformation, mistruth, he said.\r\n\r\nhttps://qz.com/1153007/former-facebook-executive-chamath-palihapitiya-you-dont-realize-it-but-you-are-being-programmed/?mc_cid=97a6ba1149&mc_eid=9695776d74\r\n',0,0,0,0,0,0,0,'2019-04-25 11:05:15','2019-05-30 22:02:35'),(429,0,1,22,'Scrivendo nel progetto del calendario editoriale mi sono accorta che c\' un limite di caratteri/spazio nei post/commenti.. E\' voluto o si pu ampliare? Io ad esempio non sono riuscita a copiare tutto il testo che avevo scritto per email, quindi forse diventa un po\' limitante.. ',2,1,1,0,0,0,0,'2019-04-25 11:05:15','2019-11-10 23:26:59'),(430,428,401,7,'Although a little suspect, I strongly support this one to be posted',0,0,0,0,0,0,0,'2019-04-25 11:05:15','2019-04-25 23:54:54'),(431,429,1,7,'Ci sono molte cose che non vanno. La modifica del commento porta il commento in alto in quanto cambia lorario, ma pu fare casino nella discussione. Gli a capo non vengono registrati e quindi non si riesce a fare delle liste.  importante segnarsi tutte queste cose per perfezionare la piattaforma.',1,0,0,0,1,0,0,'2019-04-25 11:05:15','2019-11-10 23:59:51'),(432,429,1,22,'S certo fa parte del test, anch\'io ho segnalato proprio per tenerne traccia :) Qualcuno sta segnando in modo ordinato i \"bug\"? Altrimenti vogliamo fare un google sheet dove raccoglierli?',2,0,1,0,0,0,0,'2019-04-25 11:05:15','2019-04-25 23:54:54'),(433,429,1,7,' anche difficile fare il reply al commento di secondo livello,  controintuitivo. Comunque nel planning c una lista, puoi popolare quella credo, o fare un file dedicato. Sarebbe molto utile credo.',0,0,0,0,1,0,0,'2019-04-25 11:05:15','2019-04-25 23:54:54'),(435,0,434,7,'So we should use this project as per the discussion group?',0,0,0,0,0,0,0,'2019-04-25 11:05:15','2019-05-30 22:02:35'),(436,429,1,22,'Ho fatto un file dedicato e postato un progetto qui sulla piattaforma, non so se pu andare bene cos :)',0,0,0,0,0,0,0,'2019-04-25 11:05:15','2019-04-25 23:54:54'),(437,435,434,22,'sorry, I didn\'t understand well, discussion about what?',0,0,0,0,0,0,0,'2019-04-25 11:05:15','2019-04-25 23:54:54'),(438,0,434,7,'*** Comment deleted by author ***',0,0,0,0,0,0,0,'2019-04-25 11:05:15','2019-05-30 22:02:35'),(439,435,434,7,'About the features requests',0,0,0,0,0,0,0,'2019-04-25 11:05:15','2019-04-25 23:54:54'),(440,435,434,22,'The idea is to write everything (feature requests or bugs) in the google sheet and not here in the comments, so to collect everything in one place, the link to the google sheet is in the description of the project, sounds good? :)',0,0,0,0,0,0,0,'2019-04-25 11:05:15','2019-04-25 23:54:54'),(441,0,434,7,'I got it, this is an idea proposal.\r\nI guess we should distinguish ideas proposals (still to be approved) and projects (approved one)',0,0,0,0,0,0,0,'2019-04-25 11:05:15','2019-05-30 22:02:35'),(442,441,434,22,'All projects are not approved until they get the number of votes that are equivalent to the budget/hudget requested by the project itself. If a project doesn\'t require any budget or hudget (as in this case and some other projects in the platform) it is just an idea proposal. I don\'t know how we can discuss/vote the idea though.. How it works for the idea to be approved/rejected? ',0,0,0,0,0,0,0,'2019-04-25 11:05:15','2019-04-25 23:54:54'),(443,441,434,7,'It can be approved by the coordinators right away or upvoted by the subset of participants of the bigger circle/project.\r\nIn this case, the bigger is Management',0,0,0,0,0,0,0,'2019-04-25 11:05:15','2019-04-25 23:54:54'),(444,0,401,7,'https://youtu.be/kzUXS70ebQo\r\n\r\nLets post this sooooooon!!!',1,0,1,0,0,0,0,'2019-04-25 11:05:15','2019-05-30 22:02:35'),(445,444,401,7,'The cooperation between humans and animals isnt always for the benefit of humans..',0,0,0,0,0,0,0,'2019-04-25 11:05:15','2019-04-25 23:54:54'),(446,441,434,22,'How can we know if a coordinator approves it right away or if it has to be upvoted by the subset of participants of the bigger circle/project? And how can we know if it receives enough upvotes?',0,0,0,0,0,0,0,'2019-04-25 11:05:15','2019-04-25 23:54:54'),(447,441,434,7,'Coordinators of projects have approval possibility of subprojects. The approval is valid but remains frozen for three days.',0,0,0,0,0,0,0,'2019-04-25 11:05:15','2019-04-25 23:54:54'),(448,441,434,7,'Participants can vote and if votes are == to participants and commitment is == commitment needs it is approved.',0,0,0,0,0,0,0,'2019-04-25 11:05:15','2019-04-25 23:54:54'),(449,0,401,7,'https://www.facebook.com/giselepayom/posts/10159785382660201\r\n\r\nDiversity reversed',0,0,0,0,0,0,0,'2019-04-25 11:05:15','2019-05-30 22:02:35'),(450,0,401,7,'https://www.facebook.com/giorgia.r.zunino/posts/10212917594988619\r\n\r\nOne man, one ecosystem..',2,0,0,0,0,0,0,'2019-04-25 11:05:15','2019-05-30 22:02:35'),(451,449,401,107,'The content isnt available to be seen. Is it a private post on FB?',0,0,0,0,0,0,0,'2019-04-25 11:05:15','2019-04-25 23:54:54'),(452,450,401,107,'Same here. The content isnt available to be seen. ',0,0,0,0,0,0,0,'2019-04-25 11:05:15','2019-04-25 23:54:54'),(453,428,401,107,'Why do you support this to be posted?',0,0,0,0,0,0,0,'2019-04-25 11:05:15','2019-04-25 23:54:54'),(454,449,401,78,'this one is not available',0,0,0,0,0,0,0,'2019-04-25 11:05:15','2019-04-25 23:54:54'),(455,450,401,78,'this one is super interesting! I would try to frase the intro sentence in order to better explain what does it meas to maintain an healthy ecosystem, and how little daily care gestures can create a big difference. Are you ok with that?',0,0,0,0,0,0,0,'2019-04-25 11:05:15','2019-04-25 23:54:54'),(456,450,401,107,'Dont know because I cant see the content',0,0,0,0,0,0,0,'2019-04-25 11:05:15','2019-04-25 23:54:54'),(457,450,401,7,'Try here: https://video.nationalgeographic.com/video/short-film-showcase/india-man-plants-forest-bigger-than-central-park-to-save-his-island',0,0,0,0,0,0,0,'2019-04-25 11:05:15','2019-04-25 23:54:54'),(458,449,401,7,'https://vimeo.com/131573010',0,0,0,0,0,0,0,'2019-04-25 11:05:15','2019-04-25 23:54:54'),(459,428,401,7,'Because it seems inline with the copenhagen letter we signed.',0,0,0,0,1,0,0,'2019-04-25 11:05:15','2019-04-25 23:54:54'),(460,428,401,7,'I\'d post it with different intro. \"Are social media social?\"',0,0,0,0,0,0,0,'2019-04-25 11:05:15','2019-04-25 23:54:54'),(461,444,401,78,'I will add it to the list, but I also have to balance the treated topics...in order to avoid a too \"ecological-oriented\" approach.\r\nbasically we would rotate: well-being, ecosystem/economy, science topics every week.',0,0,0,0,0,0,0,'2019-04-25 11:05:15','2019-04-25 23:54:54'),(462,428,401,78,'I would have asked same question, and the answer makes a lot of sense. in case we will use it, I would provide this kind of context. do you agree?',0,0,0,0,0,0,0,'2019-04-25 11:05:15','2019-04-25 23:54:54'),(463,428,401,78,'this intro to me is out of Cooperacy tone of voice, it\'s too provoking. ',0,0,0,0,0,0,0,'2019-04-25 11:05:15','2019-04-25 23:54:54'),(464,421,401,78,'Agree, too Corporate. It seems an internal comms video. I would not use that one. but thanks for sharing.',0,0,0,0,0,0,0,'2019-04-25 11:05:15','2019-04-25 23:54:54'),(465,428,401,107,'Well, I listened twice and Im not sure how this works with our platform: starts from doers to reach popular diffusion. \r\nAbsolutely dont like the main point he continuous to repeat money = win. \r\nBesides him being rich and billions earned with FB, what has he really done for a better world apart from not posting on FB??? :) \r\nI mean, in terms of money as an instrument for a global change (using his words)...are there any examples of his work that we can post instead of this video?',1,0,0,0,0,0,0,'2019-04-25 11:05:15','2019-04-25 23:54:54'),(466,428,401,7,'I agree. It is highly doubtful and some other people are questioning wether he\'s supporting his new thing or contrasting facebook for real, moreover it\'s strange he has gone from facebook and now he\'s against it...',0,0,0,0,0,0,0,'2019-04-25 11:05:15','2019-04-25 23:54:54'),(467,0,434,78,'explorer does not allow voting selection',0,0,0,0,0,0,0,'2019-04-25 11:05:15','2019-05-30 22:02:35'),(468,467,434,22,'Thanks! If you have more input, could you please write them in the Google Sheet? https://docs.google.com/spreadsheets/d/1T4nKvzqc-bXeLg-cjETBFM7iFsrXlg5DAr--wS6Fzn0/edit?usp=sharing ',1,0,0,0,0,0,0,'2019-04-25 11:05:15','2019-04-25 23:54:54'),(470,0,469,95,'E arrivata la notifica se il progetto e\' il sito perche non si sa chi scrive potrebbe essere bello conoscerci',0,0,0,0,0,0,0,'2019-04-25 11:05:15','2019-05-30 22:02:35'),(471,0,469,95,'E arrivata la notifica se il progetto e\' il sito perche non si sa chi scrive potrebbe essere bello conoscerci',0,0,0,0,0,0,0,'2019-04-25 11:05:15','2019-05-30 22:02:35'),(472,428,401,78,'well his view of capitalism is pretty doubtful, probably as much as his FB denigration. I agree with this being out of Cooperacy tone of voice. I would put this aside by now, and ask the group if there will be a second person who is supporting this video to be posted. thx anyway for sharing. ',0,0,0,0,0,0,0,'2019-04-25 11:05:15','2019-04-25 23:54:54'),(473,408,401,78,'I think the video is not spreading a positive message. It seems like if the sentences represent the idea of the video maker, probably someone who is angry about Tesla\'s lack of recognition during his life. \r\nBut actually reading about Tesla\'s discoveries and his vision about energy, life and overall balance, is interesting. I would suggest we look for some information that can focus more Tesla\'s work and our 7 conditions about cooperation, if there\'s any.',0,0,0,0,0,0,0,'2019-04-25 11:05:15','2019-04-25 23:54:54'),(474,405,401,78,'agree',0,0,0,0,0,0,0,'2019-04-25 11:05:15','2019-04-25 23:54:54'),(475,408,401,7,'I think if you want another video instead the one you have here maybe you should propose something in the first place',0,0,0,0,0,0,0,'2019-04-25 11:05:15','2019-04-25 23:54:54'),(476,404,401,78,'can you share your rationales about this article\'s proposal? which text would you use as intro?',0,0,0,0,0,0,0,'2019-04-25 11:05:15','2019-05-07 19:21:34'),(477,441,434,78,'is this a technical bugs\' repository or should we post also suggestions? I\'m confused',0,0,0,0,0,0,0,'2019-04-25 11:05:15','2019-04-25 23:54:54'),(478,0,434,78,'some days ago i haven\'t received any notification after having opened a project and someone commented on it. I only got them once becoming active part of the thread.\r\nbut today I was adding myself comments on the project i have opened and i didn\'t received any notification from the admin cooperacy.org account...I wonder if this is correct (this is bea writing)',0,0,0,0,0,0,0,'2019-04-25 11:05:15','2019-05-30 22:02:35'),(479,467,434,78,'no more input compared to my original statement. :-)',0,0,0,0,0,0,0,'2019-04-25 11:05:15','2019-04-25 23:54:54'),(480,408,401,78,'it\'s not that I want another video :-) I meant that tesla and his work can be an interesting topic for cooperacy to share, if we can find a video or an article that is more in line with our tone or our scope. I will look for it as well, but the one we have now is not aligned with cooperacy tone of voice and its kind of messages (we should spread ecosystemic awareness in human communities through cooperation science research, narratives and applications - using a multilocal, inspiring, engaging, sometimes epic with never too much grandeur tone of voice. our words are honest, positive and propositive). I hope this helps understanding my position',0,0,0,0,0,0,0,'2019-04-25 11:05:15','2019-04-25 23:54:54'),(481,408,401,107,'Indeed, I proposed an alternative to this video with the article/inteview above. And Ive been searching also for a video or other writings about him...',0,0,0,0,0,0,0,'2019-04-25 11:05:15','2019-04-25 23:54:54'),(482,404,401,107,'\"Consumers have high demands for companies to address food waste, but currently that does not translate to their own behaviour and it remains to be seen if the trend will go mainstream soon.\"\r\n77% of those who eat out or buy takeaways agree that restaurants should be more committed to reducing food waste, but only 17% are interested in eating dishes made from food that was due to be thrown away.',0,0,0,0,0,0,0,'2019-04-25 11:05:15','2019-05-07 17:49:42'),(483,408,401,7,'What about posting the video and the  article for who wants to know more?',0,0,0,0,0,0,0,'2019-04-25 11:05:15','2019-04-25 23:54:54'),(484,408,401,107,'Again, already answered. Read above',0,0,0,0,0,0,0,'2019-04-25 11:05:15','2019-04-25 23:54:54'),(485,408,401,7,'The tone of voice of the video is inspiring, I don\'t see any integration in your explanations, so nobody will see neither the video nor the article :-)',0,0,0,0,0,0,0,'2019-04-25 11:05:15','2019-04-25 23:54:54'),(486,408,401,78,'About the tone I have already answered, it is too angry and all the good messages are overwhelmed with bitter critics and accuses. Our tone is should be positive and propositive, together with inspiration. \r\n\r\nRegarding integration, well actually all videos/articles are still available on the platform and nothing is being deleted, so any of the members have access to them. :-) \r\nIn this specific example, I think Tesla\'s discoveries/studies are relevant for Cooperacy, as already mentioned, so I\'m absolutely welcoming the topic...but I also look for the appropriate way to deliver his messages. The article is very interesting, but a bit too long and not super narrowed to our purposes. I\'m just parking it aside as an option if I can\'t find any more fit for purpose alternative. cheers',0,0,0,0,0,0,0,'2019-04-25 11:05:15','2019-04-25 23:54:54'),(487,408,401,107,'This video is interesting, but maybe a bit too long...\r\nhttps://youtu.be/NLdtVfP4fEk\r\nOtherwise I found his autobiography in English. It will be a long post but we can divide publishing in chapters from time to time. http://www.teslasautobiography.com/my_early_life.html\r\nAnd last but least, here are some selected Tesla writings: http://www.tfcbooks.com/tesla/contents.htm\r\nsome maybe a bit complex but still very interesting if you are feeling more curious...\r\nBisous',1,0,0,0,0,0,0,'2019-04-25 11:05:15','2019-04-25 23:54:54'),(488,408,401,78,'thx a billion for the support. actually after having gone through all proposed links and searched myself for shorter or sharper alternatives, the interview seems the more in line with cooperacy\'s purposes. it doesn\'t refer to tesla and edison disputes or anger, but to tesla\'s spirit as a scientist and explorer. \"Inside the Earth, there are energies of joy, peace, and love that are expressed for example through a flower that grows from the earth, food that comes out of it and everything that makes it the home of man. Ive spent years looking for ways that this energy could influence people. The beauty and aroma of roses can be used as a medicine and the suns rays as food. Life has an infinite number of forms and the duty of scientists is to find them in all forms of matter. Three things are essential in this regard. All I do is look for them. I know I will not find them, but I will not give them up.\" I still feel it is too long and not fit for all our audiences, but let\'s give it a try',1,0,0,0,0,0,0,'2019-04-25 11:05:15','2019-04-25 23:54:54'),(489,471,469,78,' una delle cose alle quali stiamo lavorando, ma per questo tipo di discussioni e di scambi di suggerimenti.\r\n\r\nper i progetti veri e propri invece nella prima fase, di pura votazione delle idee, l\'obiettivo  votare appunto l\'idea e non la persona proponente. \r\nper mi tengo come FAQ la questione della spiegazione dell\'anonimato. grazie mille...chiunque tu sia :-)',0,0,0,0,0,0,0,'2019-04-25 11:05:15','2019-04-25 23:54:54'),(490,470,469,78,'ti vengono in mente altre domande?',0,0,0,0,0,0,0,'2019-04-25 11:05:15','2019-04-25 23:54:54'),(491,0,401,7,'Hi everyone. So, we turned on the authors names. We are sorry not to have communicated it, but we need to understand the effect produced by a sudden transparency. Please reply to this (this one) thread to tell us what you felt about the comments with no authors and what you feel now that you can read it.',1,1,0,0,0,0,1,'2019-04-25 11:05:15','2019-05-30 22:02:35'),(492,491,401,78,'After an initial bewilderment, I realized I don\'t need to know who\'s posting or replying to gather information and suggestions. Sudden transparency made me laugh and think: some of my supposistions were completely opposite. ',1,0,0,0,0,0,0,'2019-04-25 11:05:15','2019-04-25 23:54:54'),(493,491,401,7,'I guessed right many of them, but it gave me an eerie feeling of not being there with the people speaking. When I see a face -and this is true also after many experimentations in both game theory and neuroscience- I feel better :-).',0,0,1,0,0,0,0,'2019-04-25 11:05:15','2019-04-25 23:54:54'),(494,491,401,78,'I always prefer face to face, no doubts. But also I tried to see it as way to collect genuine information and feedback, without being subjected to any kind of influence...and it worked! I was very surprised I managed.',0,1,0,0,0,0,0,'2019-04-25 11:05:15','2019-04-25 23:54:54'),(495,0,401,7,'https://www.facebook.com/AdoroCinema/videos/1038944666155367/?comment_id=10157008705913327&notif_id=1514568894742839&notif_t=feed_comment can you see this? I love it. \"Children innate tendency to cooperate even with their angriest enemies..\"',1,0,0,0,0,0,1,'2019-04-25 11:05:15','2019-05-30 22:02:35'),(496,495,401,78,'Cute...but I\'m guessing if it is a bit artificial...what do you think?',0,0,0,0,0,0,0,'2019-04-25 11:05:15','2019-04-25 23:54:54'),(497,495,401,7,'I think we also need superficial and artificial stuff. We cant be perfect all the time :-)',0,0,0,0,0,0,0,'2019-04-25 11:05:15','2019-04-25 23:54:54'),(498,495,401,78,'I\'m not saying no, but I encourage you do the \"tone of voice\" exercise. If you can recognize or identify among the ones we have defined a definition that fits to this video...very happy to use it!',0,0,0,0,0,0,0,'2019-04-25 11:05:15','2019-04-25 23:54:54'),(499,495,401,7,'This is the only one of the platform in theory: starts from doers to reach popular diffusion.',0,0,0,0,0,0,0,'2019-04-25 11:05:15','2019-04-25 23:54:54'),(500,495,401,78,'You are referring to target. Platform TOV is: Multilocal. Inspiring, engaging, sometimes epic with never too much grandeur. Honest, positive and propositive.\r\n\r\nDo you think the video corresponds to it? \r\n\r\nI\'m not being \"teachy\"...I just want we start using brand heart and understanding how our strategy works and helps us. :)',1,1,1,0,1,0,0,'2019-04-25 11:05:15','2019-04-25 23:54:54'),(501,495,401,7,'Thank you! I think it corresponds to multilocal, inspiring and propositive. But that\'s my point of view. It shows how kids have a cooperation-based thinking',1,0,1,0,0,0,0,'2019-04-25 11:05:15','2019-04-25 23:54:54'),(502,428,401,22,'I agree that the it is controversial, I think articles like this one (related topic, strong point of view, famous person) might open some discussions in the page, making it more alive. Do we want to post only contents that \"we back up\" or also some contents to discuss about? For example on the money point, I saw it differently from Stela and it could lead to an interesting conversation :)',0,0,0,0,0,0,1,'2019-04-25 11:05:15','2019-04-25 23:54:54'),(503,408,401,22,'You made me very interesting in knowing more about Tesla!! Thanks :)',0,0,0,0,0,0,0,'2019-04-25 11:05:15','2019-04-25 23:54:54'),(504,495,401,107,'Ok, seeking perfection might be boring sometimes, and we cant always be perfect... but in the video I see a supercute kid playing with his father... innate tendency of family cooperation?? :))',0,0,0,0,0,0,0,'2019-04-25 11:05:15','2019-04-25 23:54:54'),(505,491,401,107,'Kinda liked the anonymous one because of the guessing part/exercise I was having fun doing. \r\nSo, if you feel more comfortable this way, is ok for me. ',1,0,0,0,0,0,0,'2019-04-25 11:05:15','2019-04-25 23:54:54'),(506,495,401,78,'don\'t get me wrong. I\'m not looking for perfection, but for consistency. I would avoid posting a video just because it\'s cute or has plenty of views. It should be consistent with our strategy. If it is so, as Alessandro discovered using our strategic tool, there is no reason not to include it in our editorial calendar. :-)',0,0,0,0,0,0,0,'2019-04-25 11:05:15','2019-04-25 23:54:54'),(507,491,401,7,'The idea was to make a side button to set it anonymous or not :-)',0,0,0,0,0,0,0,'2019-04-25 11:05:15','2019-04-25 23:54:54'),(508,495,401,7,'I must admit I am pretty more open to popular videos, just because I see in young guys the happiness of being playful. Young guys like videos like this A LOT: https://www.youtube.com/watch?v=not1Yp4InUU&ab_channel=AleCfc',0,0,0,0,0,0,0,'2019-04-25 11:05:15','2019-04-25 23:54:54'),(509,428,401,78,'Waiting for our FB official page to spread Cooperacy related contents (eg.: the platform projects, our webinars, educational messages about our governance etc.) we are looking for messages that might be consistent with our strategy, our vision and our mission. We have defined that our tone of voice shouldn\'t be provocative, or negative or controversial. We want to be inspiring, honest, propositive. What we need to ask ourselves is: is this message coherent with our aim? \r\nI have some doubts that this is appropriate for cooperacy.org FB account. I don\'t want cooperacy\'s messages might be misinterpreted due to a controversial article.\r\n\r\nOn the other hand, I agree to bring some zest into our discussions...so maybe the appropriate audience for it is the cooperacy members\' page.\r\n\r\nWhat do you think?',0,0,1,0,0,0,0,'2019-04-25 11:05:15','2019-04-25 23:54:54'),(510,495,401,78,'ahahah. As Coomms Coordinator I think this is very funny but out of our strategy.\r\ncooperacy.org FB page, together with our website should be our \"official\" voice. it can work in members\' conversation to bring some \"mutual enjoyment\"...but would you talk to University or Institutional target that way?\r\n\r\nOr the moment we will target super narrowed messages to young guys, skaters, or whatever young community we can be more playful, in order to capture their attention. But I don\'t think this is the right approach at this stage.',0,0,0,0,0,0,0,'2019-04-25 11:05:15','2019-04-25 23:54:54'),(511,495,401,78,'another option is ...we review the strategy. :-)',0,0,0,0,0,0,0,'2019-04-25 11:05:15','2019-04-25 23:54:54'),(512,497,401,7,'I don\'t know I just think we should be multilocal. This means also risking a bit a speaking in different codes. I think you don\'t know the fenomenon.. https://www.youtube.com/watch?v=DROD5lqX8qo&ab_channel=BehindTheMeme there are tons of it, and the \"meme\" term was born by The Selfish Gene by Richard Dawkins... :D',0,0,0,0,0,0,0,'2019-04-25 11:05:15','2019-04-25 23:54:54'),(513,497,401,7,'https://www.youtube.com/watch?v=DROD5lqX8qo&ab_channel=BehindTheMeme\r\nWell I guess the meme phenomenon is quite big. That is what I meant with multilocal. It should address different codes and diversities. Meme is a term that comes from the scientific and divulgative book by Richard Dawkins \"The Selfish Gene\"..',0,0,0,0,0,0,0,'2019-04-25 11:05:15','2019-04-25 23:54:54'),(514,495,401,7,'*** Comment deleted by author ***',0,0,0,0,0,0,0,'2019-04-25 11:05:15','2019-04-25 23:54:54'),(515,495,401,7,'https://www.youtube.com/watch?v=DROD5lqX8qo&ab_channel=BehindTheMeme\r\nwell the phenomenon is quite big! the idea behind the multilocal tov was that of joining different codes.. if you think that the word \"meme\" comes from the book The Selfish Gene by Richard Dawkins.. the sci community may be happy about it :D',0,0,0,0,0,0,0,'2019-04-25 11:05:15','2019-04-25 23:54:54'),(516,495,401,78,'Different codes for different targets I agree, as previously mentioned. Or tailor made messages that the specific target can understand and embrace, I agree. \r\nYou might be surprised, but I know the phenomenon ;-)...this doesn\'t mean that a phenomenon can be always appropriate in all context. I make an example you might remember: at the time of the movie \"The Matrix\" everyone was using the bullet time effect in commercials...just because it was \"cool\"...not necessarily because it was the right approach to communication.\r\n\r\nIf there are cooperacy messages we can spread in a meme way, to an appropriate target, we will do it.',0,0,0,0,0,0,0,'2019-04-25 11:05:15','2019-04-25 23:54:54'),(517,495,401,7,'So I guess the video is able to make people think in another way. There is a father and a son, but the son instead of a big clash like Luke Skywalker gives the colourful book to the father. That is a really strong moment in which people can understand another way of thinking.',0,0,0,0,0,0,0,'2019-04-25 11:05:15','2019-04-25 23:54:54'),(518,495,401,78,'if you check the road map, the FB column, the video is already in plan for the first day of 2018.',0,0,0,0,0,0,0,'2019-04-25 11:05:15','2019-04-25 23:54:54'),(519,0,401,22,'I had saved this one in my Fb, it\'s about the tragedy of the commons: https://www.facebook.com/TEDEducation/videos/1817323898280808/ \r\n\r\nI don\'t know what the introduction could be, probably Alessandro is the best person to think about one :)\r\n\r\nThe only \"flaw\" I see is that it doesn\'t mention Elinor :)',1,0,1,0,0,0,0,'2019-04-25 11:05:15','2019-05-30 22:02:35'),(520,519,401,22,'I\'m trying to propose an intro: When the tragedy of the commons applies, whats good for all of us is good for each of us. It\'s the last sentence of the video',0,1,0,0,0,0,0,'2019-04-25 11:05:15','2019-04-25 23:54:54'),(521,519,401,7,'That is very nice. ',0,0,0,0,0,0,0,'2019-04-25 11:05:15','2019-04-25 23:54:54'),(522,519,401,7,'You can add, if you like, also a reference to Elinor, like \"We suggest the reading of Governing the Commons by Nobel Laureate Elinor Ostrom for who wants to learn more.\"',1,0,0,0,0,0,0,'2019-04-25 11:05:15','2019-04-25 23:54:54'),(523,428,401,22,'Thanks, I better understood the kind of content we\'re looking for and yes I agree the best place for sharing and discussing controversial contents is probably the members\' group',0,0,0,0,0,0,0,'2019-04-25 11:05:15','2019-04-25 23:54:54'),(524,441,434,22,'How is that made visible/communicated?',0,0,0,0,0,0,0,'2019-04-25 11:05:15','2019-04-25 23:54:54'),(525,429,1,7,'removed by author',0,0,0,0,0,0,0,'2019-04-25 11:05:15','2019-08-03 11:29:18'),(526,429,1,7,'removed by author',0,0,0,0,0,0,0,'2019-04-25 11:05:15','2019-08-03 11:29:20'),(527,429,1,7,'removed by author',0,0,0,0,0,0,0,'2019-04-25 11:05:15','2019-08-03 11:29:22'),(528,429,1,7,'removed by author',0,0,0,0,0,0,0,'2019-04-25 11:05:15','2019-08-03 11:29:25'),(529,0,401,7,'https://www.facebook.com/empirically/posts/430983070649468\r\n\r\nthe relativity of social constructs',0,0,0,0,0,0,0,'2019-04-25 11:05:15','2019-05-30 22:02:35'),(530,0,401,107,'*** Comment deleted by author ***',0,0,0,0,0,0,0,'2019-04-25 11:05:15','2019-05-30 22:02:35'),(531,0,401,107,'https://www.pv-magazine.com/2017/12/09/empowerment-and-energy-in-india/?utm_content=buffer14655&utm_medium=social&utm_source=facebook.com&utm_campaign=buffer',0,0,0,0,0,0,0,'2019-04-25 11:05:15','2019-05-30 22:02:35'),(532,0,469,78,'which are payment methods or alternatives?',0,1,0,0,0,0,0,'2019-04-25 11:05:15','2019-11-10 23:57:38'),(533,0,401,22,'This is a little old but sadly always true, it came back to my mind today: https://thewellnessalmanac.com/2017/01/27/one-way-of-looking-at-privilege/ ',0,0,0,0,0,0,0,'2019-04-25 11:05:15','2019-05-30 22:02:35'),(534,0,401,22,'https://www.facebook.com/happenfilms/videos/1669840099753249/ It\'s about an alternative way of living, a sentence i really liked: \"Maybe theres another way of being secure, through being really embedded in a web of community\"',1,0,0,0,0,0,0,'2019-04-25 11:05:15','2019-05-30 22:02:35'),(535,0,401,7,'https://www.facebook.com/bbctwo/videos/10155735369680659/?hc_ref=ARQ1NomlMjw4NLHb-JY0YMgy914yIP1QF8LG9KVey8FL_92sWUBSClKhfGRVjp5zeLU \"The education of girls and boys\"',1,1,0,0,0,0,2,'2019-04-25 11:05:15','2019-05-30 22:02:35'),(536,534,401,7,'Fumetto bellissimo. Approvo, non capisco lintro da dopo la virgola in poi.',0,0,0,0,0,0,0,'2019-04-25 11:05:15','2019-04-25 23:54:54'),(537,535,401,78,'Wow!! Love this one!',0,0,0,0,0,0,0,'2019-04-25 11:05:15','2019-04-25 23:54:54'),(538,534,401,78,'Ouch!!! This one seems to me a biased prejudice..both ways! I will discuss on cooperacy member, \'cause I\'m not convinced at all ',0,0,0,0,0,0,0,'2019-04-25 11:05:15','2019-04-25 23:54:54'),(539,534,401,22,'Il fumetto  nel post pi sotto, \"this is a little old but sadly always true, it came back to my mind\" non era un\'intro ma solo un mio commento :D Questo postato qui sopra  un video.',0,1,0,0,0,0,0,'2019-04-25 11:05:15','2019-04-25 23:54:54'),(540,535,401,22,'Meraviglioso!!!',0,0,0,0,0,0,0,'2019-04-25 11:05:15','2019-04-25 23:54:54'),(541,534,401,78,'thx...yes, I meat the comic. I will ask our group.',0,1,0,0,0,0,0,'2019-04-25 11:05:15','2019-04-25 23:54:54'),(542,0,401,107,'https://www.yellowstonepark.com/things-to-do/wolf-reintroduction-changes-ecosystem',2,0,0,0,0,0,0,'2019-04-25 11:05:15','2019-05-30 22:02:35'),(543,542,401,78,'nice one, I knew this story already. if you can add the intro text we will schedule the publication. ',0,0,0,0,0,0,0,'2019-04-25 11:05:15','2019-04-25 23:54:54'),(544,542,401,78,'Have a look at this one as well\r\n\r\nhttp://www.bbc.com/earth/story/20161005-beavers-are-back-in-the-uk-and-they-will-reshape-the-land?ocid=fbert',0,0,0,0,0,0,0,'2019-04-25 11:05:15','2019-04-25 23:54:54'),(545,0,401,107,'https://www.facebook.com/Upworthy/videos/1274105239296998/',0,0,0,0,0,0,0,'2019-04-25 11:05:15','2019-05-30 22:02:35'),(546,0,401,107,'https://www.facebook.com/AtivismoQuantico/videos/1510654018949544/',0,0,0,0,0,0,0,'2019-04-25 11:05:15','2019-05-30 22:02:35'),(547,546,401,7,'Hmm very nice but not related to cooperation or ecosystems.. also the website \"Ativismo Quantico\" is not nice. :-)',1,0,0,0,0,0,0,'2019-04-25 11:05:15','2019-04-25 23:54:54'),(548,542,401,7,'very nice',0,0,0,0,0,0,0,'2019-04-25 11:05:15','2019-04-25 23:54:54'),(549,546,401,107,'It was more about we all are equal despite of our mass diversities :)',1,0,0,0,0,0,0,'2019-04-25 11:05:15','2019-04-25 23:54:54'),(550,546,401,7,'ahahahahahaha',0,0,0,0,0,0,0,'2019-04-25 11:05:15','2019-04-25 23:54:54'),(551,546,401,7,'We should be equivalently happy despite the money in our pockets, yea',1,0,0,0,0,0,0,'2019-04-25 11:05:15','2019-04-25 23:54:54'),(552,546,401,78,'Agree, no cooperation nor ecosystem. Yet a nice video. He is a well known scientist (he also got a couple of TED\'s stages). I really like his style and his way of explaining science to wide and diverse communities. I tried to invite him during one of our corporate meeting...but his pockets were too heavy!! ahahah. ',0,0,0,0,0,0,0,'2019-04-25 11:05:15','2019-04-25 23:54:54'),(553,0,401,7,'https://www.npr.org/sections/health-shots/2018/01/04/575424040/unlike-humans-bonobos-shun-helpers-and-befriend-the-bullies',1,0,0,0,0,0,0,'2019-04-25 11:05:15','2019-05-30 22:02:35'),(554,553,401,78,'what would you add as intro?',0,0,0,0,0,0,0,'2019-04-25 11:05:15','2019-04-25 23:54:54'),(555,553,401,7,'The strategic apes, in this case the bonobos, support those individuals that bully others, while very young human cubs support cooperators instead. Are we a cooperative species?',0,0,0,0,0,0,0,'2019-04-25 11:05:15','2019-04-25 23:54:54'),(556,0,401,107,'https://www.ted.com/talks/mitch_resnick_let_s_teach_kids_to_code?utm_campaign=social&utm_medium=referral&utm_source=facebook.com&utm_content=talk&utm_term=education\r\nLearn to code - coding for learning. (Analogy with languages: learn to read - read for learning)\r\nEnables your skills in thinking creatively, reasoning systematically, working collaboratively and share useful ideas for everybody.',0,0,0,0,0,0,0,'2019-04-25 11:05:15','2019-05-30 22:02:35'),(557,542,401,107,'In Yellowstone, biologists have the rare, almost unique, opportunity to document what happens when an ecosystem becomes whole again, what happens when a key species is added back into the ecosystem equation.',0,0,0,0,0,0,0,'2019-04-25 11:05:15','2019-04-25 23:54:54'),(558,556,401,78,'nice video, but I don\'t see full adherence to our messages. it\'s more about the beauty of learning in general, and learning something that is often perceived for very few.\r\ncooperation is marginally touched. ;-)',0,0,0,0,0,0,0,'2019-04-25 11:05:15','2019-04-25 23:54:54'),(559,0,401,78,'*** Comment deleted by author ***',0,0,0,0,0,0,0,'2019-04-25 11:05:15','2019-05-30 22:02:35'),(560,0,401,78,'https://www.facebook.com/BBCOne/videos/10155394848320787/\r\n',0,0,0,0,0,0,0,'2019-04-25 11:05:15','2019-05-30 22:02:35'),(561,560,401,78,'I actually thought about publishing this video, because it mentions trees living in community...and by definition, creating a balanced ecosystem...but i feel is a bit weak for our purposes. what do you think?',0,0,0,0,0,0,0,'2019-04-25 11:05:15','2019-04-25 23:54:54'),(562,0,402,7,'I am still doubtful of the name for the cooperacy members.',0,0,0,0,0,0,0,'2019-04-25 11:05:15','2019-05-30 22:02:35'),(563,562,402,7,'mario, annalisa, giorgia, nencini, albino didn\'t vote for coers, for example',0,0,0,0,0,0,0,'2019-04-25 11:05:15','2019-10-27 01:35:40'),(564,0,402,105,'I don\'t like coers...... :-)\r\nSorry....',1,0,0,0,0,0,0,'2019-04-25 11:05:15','2019-05-30 22:02:35'),(565,564,402,7,'I think it is fine, I want to understand why some of us think there is no need for a special name..',0,0,0,0,0,0,0,'2019-04-25 11:05:15','2019-10-21 20:46:54'),(566,0,401,7,'https://www.facebook.com/ajplusenglish/videos/1120396604768512/',0,0,0,0,0,0,0,'2019-04-25 11:05:15','2019-05-30 22:02:35'),(567,566,401,7,'*** Comment deleted by author ***',0,0,0,0,0,0,0,'2019-04-25 11:05:15','2019-04-25 23:54:54'),(568,566,401,7,'*** Comment deleted by author ***',0,0,0,0,0,0,0,'2019-04-25 11:05:15','2019-04-25 23:54:54'),(569,0,1,7,'Test per velocit del server.',1,1,1,1,0,0,0,'2019-04-25 11:05:15','2019-11-24 09:10:17'),(570,0,401,78,'https://youtu.be/jIy0t5P0CUQ',0,0,0,0,0,0,0,'2019-04-25 11:05:15','2019-05-30 22:02:35'),(571,566,401,78,':) diversity month',0,0,0,0,0,0,1,'2019-04-25 11:05:15','2019-04-25 23:54:54'),(572,570,401,78,'A bit scary, but one of the scientists says the the ecosystem will not be able to adapt, due to the speed of the change. Is time relevant for us as well in cooperacy. Is this a dimention we consider in our study?',1,0,0,0,0,0,0,'2019-04-25 11:05:15','2019-04-25 23:54:54'),(573,570,401,7,'well climate change IS scary',0,0,0,0,0,0,0,'2019-04-25 11:05:15','2019-04-25 23:54:54'),(574,570,401,78,'do we think this can be good for our FB page?',0,0,0,0,0,0,0,'2019-04-25 11:05:15','2019-04-25 23:54:54'),(575,0,401,78,'diversity month, once again..\"there is always something new to try, and wonderful feelings to be experienced\".\r\nhttps://www.facebook.com/greatbigstory/videos/1663233130645780/',0,0,0,0,0,0,0,'2019-04-25 11:05:15','2019-05-30 22:02:35'),(576,0,401,78,'https://www.facebook.com/bbcearth/videos/1733774686656080/\r\n\r\nlittle efforts can bring a great impact',0,0,0,0,0,0,0,'2019-04-25 11:05:15','2019-05-30 22:02:35'),(577,576,401,78,'assuming no feedback = good feedback',0,0,0,0,0,0,0,'2019-04-25 11:05:15','2019-04-25 23:54:54'),(578,575,401,78,'assuming no feedback = good feedback',0,0,0,0,0,0,0,'2019-04-25 11:05:15','2019-04-25 23:54:54'),(579,575,401,78,'*** Comment deleted by author ***',0,0,0,0,0,0,0,'2019-04-25 11:05:15','2019-04-25 23:54:54'),(580,570,401,78,'assuming no further feedback = good feedback',0,0,0,0,0,0,0,'2019-04-25 11:05:15','2019-04-25 23:54:54'),(582,0,581,7,'Proviamo a fare un po\' di testing per quanto riguarda le notifiche agli eventi.\r\nIl 4 Giugno ci saranno Antonio Rezza e Flavia Mastrella, leoni d\'oro alla carriera teatrale, a Milano.\r\nPosso farmi dare dei posti speciali, chi viene?',0,0,0,0,0,0,0,'2019-04-25 11:05:15','2019-05-30 22:02:35'),(583,0,581,119,'Se stiamo parlando di Fotofinish, al Teatro dell\'Elfo alle 21, io sono interessato. Ciao e grazie\r\nFabio',1,0,0,0,0,0,0,'2019-04-25 11:05:15','2019-05-30 22:02:35'),(584,0,581,7,'Non ci sono pi biglietti per stasera, io forse andr lo stesso perch  la prima, ma Antonio mi ha dato disponibilit per Mercoled e Venerd, tocca per rispondergli subito!',0,0,0,0,0,0,0,'2019-04-25 11:05:15','2019-05-30 22:02:35'),(585,0,581,141,'Prova notifiche eventi',0,0,0,0,0,0,0,'2019-04-25 11:05:15','2019-05-30 22:02:35'),(586,585,581,12,'Ciao! Sono a Roma',0,1,0,0,0,0,0,'2019-04-25 11:05:15','2019-04-25 23:54:54'),(587,585,581,141,'La mail di notifica a me  arrivata',0,0,0,0,0,0,0,'2019-04-25 11:05:15','2019-04-25 23:54:54'),(588,585,581,7,'Bene, questo sapevamo che funzionava, vogliamo vedere quanto scocciano le mails e quanto efficace  questo ecosystem per organizzarci :-)',0,0,0,0,0,0,0,'2019-04-25 11:05:15','2019-04-25 23:54:54'),(589,0,581,7,'*** Comment deleted by author ***',0,0,0,0,0,0,0,'2019-04-25 11:05:15','2019-05-30 22:02:35'),(590,0,581,7,'http://biglietti.elfo.org/acquista-biglietti/50751-107-0543-fotofinish.htm qui le tariffe, ovviamente se mi avvisate potremmo avere degli sconti',0,0,0,0,0,0,0,'2019-04-25 11:05:15','2019-05-30 22:02:35'),(591,0,581,22,'Hola!',1,0,0,0,0,0,0,'2019-04-25 11:05:15','2019-05-30 22:02:35'),(592,0,581,7,'Hangouts di oggi: https://hangouts.google.com/call/PBD0W0SwZpJgd3-XoIxAAAEI',0,0,0,0,0,0,1,'2019-04-25 11:05:15','2019-05-30 22:02:35'),(593,0,402,7,'test',0,0,0,0,0,0,0,'2019-10-21 20:56:43','2019-10-21 20:56:43'),(594,0,402,7,'removed by author',0,0,0,0,0,0,0,'2019-10-21 20:57:37','2019-10-21 20:57:42'),(595,0,402,7,'removed by author',0,0,0,0,0,0,0,'2019-10-21 20:57:48','2019-10-27 01:34:58');
/*!40000 ALTER TABLE `comment` ENABLE KEYS */;
UNLOCK TABLES;

--
-- Table structure for table `commentvote`
--

DROP TABLE IF EXISTS `commentvote`;
/*!40101 SET @saved_cs_client     = @@character_set_client */;
/*!50503 SET character_set_client = utf8mb4 */;
CREATE TABLE `commentvote` (
  `id` int(11) NOT NULL AUTO_INCREMENT,
  `user` int(11) NOT NULL,
  `project` int(11) NOT NULL DEFAULT '1',
  `comment` int(11) NOT NULL,
  `condition` char(1) CHARACTER SET utf8 COLLATE utf8_bin NOT NULL,
  `created` timestamp NOT NULL DEFAULT CURRENT_TIMESTAMP,
  `updated` timestamp NOT NULL DEFAULT CURRENT_TIMESTAMP ON UPDATE CURRENT_TIMESTAMP,
  PRIMARY KEY (`id`),
  KEY `user` (`user`),
  KEY `comment` (`comment`),
  KEY `project` (`project`),
  CONSTRAINT `commentvote_ibfk_3` FOREIGN KEY (`user`) REFERENCES `user` (`id`) ON UPDATE CASCADE,
  CONSTRAINT `commentvote_ibfk_4` FOREIGN KEY (`comment`) REFERENCES `comment` (`id`) ON DELETE CASCADE ON UPDATE CASCADE,
  CONSTRAINT `commentvote_ibfk_6` FOREIGN KEY (`project`) REFERENCES `project` (`id`) ON DELETE CASCADE ON UPDATE CASCADE
) ENGINE=InnoDB AUTO_INCREMENT=946 DEFAULT CHARSET=utf8 COLLATE=utf8_bin;
/*!40101 SET character_set_client = @saved_cs_client */;

--
-- Dumping data for table `commentvote`
--

LOCK TABLES `commentvote` WRITE;
/*!40000 ALTER TABLE `commentvote` DISABLE KEYS */;
INSERT INTO `commentvote` VALUES (459,7,1,339,'C','2017-09-17 02:41:04','2019-04-22 15:16:57'),(460,7,1,339,'F','2017-09-17 02:41:12','2019-04-22 15:16:45'),(464,7,1,344,'T','2017-09-17 02:51:38','2019-04-22 15:17:03'),(467,7,1,344,'D','2017-09-17 02:51:46','2019-04-22 15:16:30'),(468,7,1,344,'F','2017-09-17 02:52:08','2019-04-22 15:16:45'),(469,10,1,344,'E','2017-09-17 12:11:46','2019-04-22 15:17:09'),(470,10,1,344,'C','2017-09-17 12:12:04','2019-04-22 15:16:57'),(474,7,1,354,'C','2017-09-17 14:45:23','2019-04-22 15:16:57'),(475,7,1,356,'D','2017-09-17 14:46:43','2019-04-22 15:16:30'),(478,7,1,350,'T','2017-09-17 14:46:59','2019-04-22 15:17:03'),(479,10,1,341,'C','2017-09-17 14:59:59','2019-04-22 15:16:57'),(481,10,1,348,'D','2017-09-17 15:01:56','2019-04-22 15:16:30'),(482,10,1,340,'E','2017-09-17 15:04:41','2019-04-22 15:17:09'),(483,10,1,354,'E','2017-09-17 15:06:21','2019-04-22 15:17:09'),(486,10,1,339,'E','2017-09-17 15:24:00','2019-04-22 15:17:09'),(490,7,1,359,'E','2017-09-17 15:51:56','2019-04-22 15:17:09'),(491,10,1,359,'C','2017-09-17 15:52:11','2019-04-22 15:16:57'),(493,22,1,356,'E','2017-09-17 15:56:28','2019-04-22 15:17:09'),(494,22,1,354,'C','2017-09-17 15:57:17','2019-04-22 15:16:57'),(501,10,1,360,'E','2017-09-17 16:54:38','2019-04-22 15:17:09'),(511,22,1,364,'C','2017-09-17 17:52:11','2019-04-22 15:16:57'),(527,10,1,365,'E','2017-09-29 10:46:58','2019-04-22 15:17:09'),(528,10,1,339,'T','2017-09-29 10:59:53','2019-04-22 15:17:03'),(537,10,1,369,'C','2017-09-29 11:15:44','2019-04-22 15:16:57'),(552,7,1,366,'T','2017-09-29 11:32:00','2019-04-22 15:17:03'),(553,7,1,366,'F','2017-09-29 11:32:03','2019-04-22 15:16:45'),(556,7,1,366,'C','2017-09-29 11:33:03','2019-04-22 15:16:57'),(557,7,1,366,'D','2017-09-29 11:33:06','2019-04-22 15:16:30'),(559,7,1,368,'C','2017-09-29 14:05:57','2019-04-22 15:16:57'),(561,7,1,368,'F','2017-09-29 14:06:07','2019-04-22 15:16:45'),(562,10,1,339,'D','2017-09-29 14:20:18','2019-04-22 15:16:30'),(575,10,1,369,'E','2017-09-30 10:01:34','2019-04-22 15:17:09'),(576,10,1,366,'F','2017-09-30 11:15:33','2019-04-22 15:16:45'),(578,7,1,366,'E','2017-10-02 05:57:47','2019-04-22 15:17:09'),(579,7,1,362,'E','2017-10-02 06:05:13','2019-04-22 15:17:09'),(580,7,1,359,'D','2017-10-02 06:05:46','2019-04-22 15:16:30'),(586,10,1,372,'E','2017-10-03 09:50:24','2019-04-22 15:17:09'),(587,10,1,371,'D','2017-10-03 14:08:40','2019-04-22 15:16:30'),(588,10,1,365,'D','2017-10-03 14:08:50','2019-04-22 15:16:30'),(593,7,1,367,'E','2017-10-03 17:35:58','2019-04-22 15:17:09'),(603,10,1,374,'C','2017-10-04 00:14:33','2019-04-22 15:16:57'),(604,10,1,372,'T','2017-10-06 00:39:26','2019-04-22 15:17:03'),(605,10,1,372,'D','2017-10-06 00:39:29','2019-04-22 15:16:30'),(606,10,1,364,'E','2017-10-06 00:39:39','2019-04-22 15:17:09'),(607,7,1,374,'T','2017-10-15 16:22:55','2019-04-22 15:17:03'),(608,7,1,372,'D','2017-10-15 16:23:01','2019-04-22 15:16:30'),(610,7,1,379,'E','2017-10-15 17:00:53','2019-04-22 15:17:09'),(611,7,1,374,'E','2017-10-17 07:24:41','2019-04-22 15:17:09'),(613,7,1,371,'D','2017-10-17 07:25:21','2019-04-22 15:16:30'),(614,7,1,370,'E','2017-10-17 07:25:27','2019-04-22 15:17:09'),(615,7,1,363,'E','2017-10-17 07:26:42','2019-04-22 15:17:09'),(616,7,1,380,'E','2017-10-17 07:27:25','2019-04-22 15:17:09'),(618,7,1,387,'E','2017-10-17 12:36:59','2019-04-22 15:17:09'),(631,7,1,395,'E','2017-12-06 06:52:00','2019-04-22 15:17:09'),(634,12,1,381,'E','2017-12-06 16:40:06','2019-04-22 15:17:09'),(635,12,1,367,'T','2017-12-06 16:40:09','2019-04-22 15:17:03'),(636,12,1,397,'E','2017-12-06 16:40:50','2019-04-22 15:17:09'),(637,12,1,398,'D','2017-12-06 16:40:59','2019-04-22 15:16:30'),(642,7,1,399,'E','2017-12-06 18:24:28','2019-04-22 15:17:09'),(643,7,1,400,'E','2017-12-06 18:24:30','2019-04-22 15:17:09'),(644,7,1,400,'D','2017-12-06 18:24:35','2019-04-22 15:16:30'),(645,7,1,398,'E','2017-12-06 18:25:15','2019-04-22 15:17:09'),(648,7,1,396,'E','2017-12-07 20:04:55','2019-04-22 15:17:09'),(649,7,1,406,'E','2017-12-11 11:27:34','2019-04-22 15:17:09'),(651,7,1,405,'E','2017-12-11 11:42:45','2019-04-22 15:17:09'),(652,7,1,408,'E','2017-12-11 11:43:00','2019-04-22 15:17:09'),(653,78,1,411,'E','2017-12-13 06:50:25','2019-04-22 15:17:09'),(654,7,1,419,'E','2017-12-13 14:20:03','2019-04-22 15:17:09'),(655,105,1,406,'T','2017-12-13 21:47:01','2019-04-22 15:17:03'),(665,7,401,432,'E','2017-12-15 11:21:39','2019-05-07 15:49:15'),(666,7,401,432,'C','2017-12-15 11:21:47','2019-05-07 15:49:15'),(672,78,401,444,'E','2017-12-17 18:54:54','2019-05-07 15:50:15'),(673,78,401,444,'C','2017-12-17 18:54:58','2019-05-07 15:50:15'),(674,78,401,450,'E','2017-12-17 18:55:11','2019-05-07 15:50:54'),(676,78,401,459,'F','2017-12-18 15:31:52','2019-05-07 15:51:16'),(678,7,401,465,'E','2017-12-18 23:01:02','2019-05-07 15:51:36'),(680,78,1,422,'E','2017-12-23 22:29:04','2019-04-22 15:17:09'),(681,78,434,468,'E','2017-12-23 22:57:00','2019-05-07 15:58:37'),(684,7,401,450,'E','2017-12-27 19:09:10','2019-05-07 15:50:54'),(687,7,1,429,'E','2017-12-27 22:32:16','2019-04-22 15:17:09'),(691,78,401,491,'E','2017-12-29 16:26:28','2019-05-07 15:53:06'),(692,78,401,491,'T','2017-12-29 16:26:32','2019-05-07 15:53:06'),(693,78,401,491,'D','2017-12-29 16:26:55','2019-05-07 15:53:06'),(694,7,401,492,'E','2017-12-29 16:46:56','2019-05-07 15:53:11'),(695,7,401,487,'E','2017-12-29 16:49:48','2019-05-07 15:52:20'),(696,7,401,488,'E','2017-12-29 16:49:58','2019-05-07 15:52:29'),(697,78,401,493,'C','2017-12-29 17:03:42','2019-05-07 15:53:22'),(698,7,401,494,'T','2017-12-29 17:56:01','2019-05-07 15:53:29'),(701,22,401,495,'D','2017-12-29 21:18:36','2019-05-07 15:53:37'),(702,22,401,495,'E','2017-12-29 21:18:41','2019-05-07 15:53:37'),(703,7,401,500,'C','2017-12-29 21:19:07','2019-05-07 15:54:34'),(704,7,401,500,'T','2017-12-29 21:19:08','2019-05-07 15:54:34'),(705,7,401,500,'E','2017-12-29 21:19:18','2019-05-07 15:54:34'),(706,7,401,500,'F','2017-12-29 21:19:51','2019-05-07 15:54:34'),(707,78,401,501,'E','2017-12-29 21:38:12','2019-05-07 15:54:56'),(709,78,401,501,'C','2017-12-29 21:38:22','2019-05-07 15:54:56'),(710,7,401,502,'D','2017-12-29 22:25:47','2019-05-07 15:55:00'),(711,7,401,509,'C','2017-12-29 22:26:00','2019-05-07 15:55:24'),(712,78,401,505,'E','2017-12-29 22:31:26','2019-05-07 15:55:10'),(714,7,401,519,'E','2017-12-29 23:50:11','2019-05-07 15:37:29'),(715,7,401,520,'T','2017-12-29 23:50:14','2019-05-07 15:39:57'),(716,7,401,519,'C','2017-12-29 23:50:17','2019-05-07 15:37:29'),(721,22,401,522,'E','2018-01-04 16:26:01','2019-05-07 15:41:28'),(722,7,401,535,'D','2018-01-05 00:03:19','2019-05-07 15:43:10'),(723,7,401,534,'E','2018-01-05 00:04:30','2019-05-07 15:42:26'),(724,78,401,535,'E','2018-01-05 14:53:24','2019-05-07 15:43:10'),(726,78,401,535,'T','2018-01-05 14:53:29','2019-05-07 15:43:10'),(727,78,401,535,'D','2018-01-05 14:53:33','2019-05-07 15:43:10'),(729,78,401,539,'T','2018-01-05 15:59:05','2019-05-07 15:43:40'),(730,22,401,541,'T','2018-01-05 16:02:58','2019-05-07 15:43:50'),(732,78,401,542,'E','2018-01-08 12:08:30','2019-05-07 15:44:03'),(733,7,401,542,'E','2018-01-08 13:44:54','2019-05-07 15:44:03'),(735,78,401,547,'E','2018-01-08 14:30:40','2019-05-07 15:44:17'),(736,78,401,549,'E','2018-01-08 14:30:49','2019-05-07 15:44:29'),(737,78,401,551,'E','2018-01-08 14:37:38','2019-05-07 15:44:39'),(738,78,401,553,'E','2018-01-08 17:28:27','2019-05-07 15:44:48'),(743,7,402,564,'E','2018-01-13 18:03:01','2019-05-07 15:56:30'),(747,10,401,431,'F','2018-01-13 23:34:48','2019-05-07 15:49:01'),(748,10,401,433,'F','2018-01-13 23:41:18','2019-05-07 15:49:45'),(755,10,1,400,'C','2018-01-15 17:52:27','2019-04-22 15:16:57'),(805,10,401,432,'E','2018-01-16 18:14:56','2019-05-07 15:49:15'),(806,10,401,431,'E','2018-01-16 18:14:57','2019-05-07 15:49:01'),(810,10,1,429,'E','2018-01-16 19:15:26','2019-04-22 15:17:09'),(812,7,401,572,'E','2018-02-16 08:25:00','2019-05-07 15:46:11'),(814,7,401,571,'D','2018-02-16 08:26:43','2019-05-07 15:46:05'),(816,7,581,583,'E','2018-06-04 02:08:53','2019-05-07 16:06:20'),(817,7,581,586,'T','2018-06-04 10:24:40','2019-05-07 16:06:32'),(818,7,581,591,'E','2018-06-05 10:52:23','2019-05-07 16:06:50'),(819,7,581,592,'D','2018-06-06 17:08:34','2019-05-07 16:07:00'),(830,10,1,340,'C','2018-09-07 15:08:53','2019-04-22 15:16:57'),(831,10,1,340,'T','2018-09-07 15:08:54','2019-04-22 15:17:03'),(852,7,1,339,'T','2019-04-24 18:03:01','2019-04-24 18:03:01'),(854,7,1,359,'U','2019-04-24 18:04:27','2019-04-24 18:04:27'),(855,7,1,354,'D','2019-04-24 18:04:48','2019-04-24 18:04:48'),(856,7,1,339,'D','2019-04-24 18:05:22','2019-04-24 18:05:22'),(858,7,1,341,'D','2019-04-24 18:06:36','2019-04-24 18:06:36'),(859,7,1,341,'C','2019-04-24 18:12:16','2019-04-24 18:12:16'),(868,7,1,352,'C','2019-05-07 08:20:49','2019-05-07 08:20:49'),(928,7,375,376,'E','2019-05-07 19:23:24','2019-05-07 19:23:24'),(929,7,375,376,'D','2019-05-07 19:23:26','2019-05-07 19:23:26'),(935,7,1,569,'C','2019-10-20 23:56:01','2019-10-20 23:56:01'),(940,7,1,429,'T','2019-11-10 23:17:48','2019-11-10 23:17:48'),(941,7,1,569,'T','2019-11-10 23:17:56','2019-11-10 23:17:56'),(943,7,1,569,'E','2019-11-10 23:26:55','2019-11-10 23:26:55'),(944,7,1,429,'C','2019-11-10 23:26:59','2019-11-10 23:26:59'),(945,7,469,532,'T','2019-11-10 23:57:38','2019-11-10 23:57:38');
/*!40000 ALTER TABLE `commentvote` ENABLE KEYS */;
UNLOCK TABLES;

--
-- Table structure for table `country`
--

DROP TABLE IF EXISTS `country`;
/*!40101 SET @saved_cs_client     = @@character_set_client */;
/*!50503 SET character_set_client = utf8mb4 */;
CREATE TABLE `country` (
  `id` int(11) NOT NULL,
  `name` varchar(128) CHARACTER SET utf8 COLLATE utf8_bin NOT NULL,
  `created` timestamp NOT NULL DEFAULT CURRENT_TIMESTAMP,
  `updated` timestamp NOT NULL DEFAULT CURRENT_TIMESTAMP ON UPDATE CURRENT_TIMESTAMP,
  PRIMARY KEY (`id`)
) ENGINE=InnoDB DEFAULT CHARSET=utf8 COLLATE=utf8_bin;
/*!40101 SET character_set_client = @saved_cs_client */;

--
-- Dumping data for table `country`
--

LOCK TABLES `country` WRITE;
/*!40000 ALTER TABLE `country` DISABLE KEYS */;
INSERT INTO `country` VALUES (1,'Cooperacy','2019-06-01 22:30:05','2019-06-01 22:30:05'),(10,'Afghanistan','2019-04-25 11:48:56','2019-06-01 16:10:26'),(20,'Aland','2019-04-25 11:48:56','2019-06-01 16:10:26'),(30,'Albania','2019-04-25 11:48:56','2019-06-01 16:10:26'),(40,'Algeria','2019-04-25 11:48:56','2019-06-01 16:10:26'),(50,'American Samoa','2019-04-25 11:48:56','2019-06-01 16:10:26'),(60,'Andorra','2019-04-25 11:48:56','2019-06-01 16:10:26'),(70,'Angola','2019-04-25 11:48:56','2019-06-01 16:10:26'),(80,'Anguilla','2019-04-25 11:48:56','2019-06-01 16:10:26'),(90,'Antarctica','2019-04-25 11:48:56','2019-06-01 16:10:26'),(100,'Antigua and Barbuda','2019-04-25 11:48:56','2019-06-01 16:10:26'),(110,'Argentina','2019-04-25 11:48:56','2019-06-01 16:10:26'),(120,'Armenia','2019-04-25 11:48:56','2019-06-01 16:10:26'),(130,'Aruba','2019-04-25 11:48:56','2019-06-01 16:10:26'),(140,'Australia','2019-04-25 11:48:56','2019-06-01 16:10:26'),(150,'Austria','2019-04-25 11:48:56','2019-06-01 16:10:26'),(160,'Azerbaijan','2019-04-25 11:48:56','2019-06-01 16:10:26'),(170,'Bahamas','2019-04-25 11:48:56','2019-06-01 16:10:26'),(180,'Bahrain','2019-04-25 11:48:56','2019-06-01 16:10:26'),(190,'Bangladesh','2019-04-25 11:48:56','2019-06-01 16:10:26'),(200,'Barbados','2019-04-25 11:48:56','2019-06-01 16:10:26'),(210,'Belarus','2019-04-25 11:48:56','2019-06-01 16:10:26'),(220,'Belgium','2019-04-25 11:48:56','2019-06-01 16:10:26'),(230,'Belize','2019-04-25 11:48:56','2019-06-01 16:10:26'),(240,'Benin','2019-04-25 11:48:56','2019-06-01 16:10:26'),(250,'Bermuda','2019-04-25 11:48:56','2019-06-01 16:10:26'),(260,'Bhutan','2019-04-25 11:48:56','2019-06-01 16:10:26'),(270,'Bolivia','2019-04-25 11:48:56','2019-06-01 16:10:26'),(280,'Bonaire','2019-04-25 11:48:56','2019-06-01 16:10:26'),(290,'Bosnia and Herzegovina','2019-04-25 11:48:56','2019-06-01 16:10:26'),(300,'Botswana','2019-04-25 11:48:56','2019-06-01 16:10:26'),(310,'Bouvet Island','2019-04-25 11:48:56','2019-06-01 16:10:26'),(320,'Brazil','2019-04-25 11:48:56','2019-06-01 16:10:26'),(330,'British Indian Ocean Territory','2019-04-25 11:48:56','2019-06-01 16:10:26'),(340,'British Virgin Islands','2019-04-25 11:48:56','2019-06-01 16:10:26'),(350,'Brunei','2019-04-25 11:48:56','2019-06-01 16:10:26'),(360,'Bulgaria','2019-04-25 11:48:56','2019-06-01 16:10:26'),(370,'Burkina Faso','2019-04-25 11:48:56','2019-06-01 16:10:26'),(380,'Burundi','2019-04-25 11:48:56','2019-06-01 16:10:26'),(390,'Cambodia','2019-04-25 11:48:56','2019-06-01 16:10:26'),(400,'Cameroon','2019-04-25 11:48:56','2019-06-01 16:10:26'),(410,'Canada','2019-04-25 11:48:56','2019-06-01 16:10:26'),(420,'Cape Verde','2019-04-25 11:48:56','2019-06-01 16:10:26'),(430,'Cayman Islands','2019-04-25 11:48:56','2019-06-01 16:10:26'),(440,'Central African Republic','2019-04-25 11:48:56','2019-06-01 16:10:26'),(450,'Chad','2019-04-25 11:48:56','2019-06-01 16:10:26'),(460,'Chile','2019-04-25 11:48:56','2019-06-01 16:10:26'),(470,'China','2019-04-25 11:48:56','2019-06-01 16:10:26'),(480,'Christmas Island','2019-04-25 11:48:56','2019-06-01 16:10:26'),(490,'Cocos [Keeling] Islands','2019-04-25 11:48:56','2019-06-01 16:10:26'),(500,'Colombia','2019-04-25 11:48:56','2019-06-01 16:10:26'),(510,'Comoros','2019-04-25 11:48:56','2019-06-01 16:10:26'),(520,'Cook Islands','2019-04-25 11:48:56','2019-06-01 16:10:26'),(530,'Cooperacy','2019-04-25 11:48:56','2019-06-01 16:10:26'),(540,'Costa Rica','2019-04-25 11:48:56','2019-06-01 16:10:26'),(550,'Croatia','2019-04-25 11:48:56','2019-06-01 16:10:26'),(560,'Cuba','2019-04-25 11:48:56','2019-06-01 16:10:26'),(570,'Curacao','2019-04-25 11:48:56','2019-06-01 16:10:26'),(580,'Cyprus','2019-04-25 11:48:56','2019-06-01 16:10:26'),(590,'Czechia','2019-04-25 11:48:56','2019-06-01 16:10:26'),(600,'Democratic Republic of the Congo','2019-04-25 11:48:56','2019-06-01 16:10:26'),(610,'Denmark','2019-04-25 11:48:56','2019-06-01 16:10:26'),(620,'Djibouti','2019-04-25 11:48:56','2019-06-01 16:10:26'),(630,'Dominica','2019-04-25 11:48:56','2019-06-01 16:10:26'),(640,'Dominican Republic','2019-04-25 11:48:56','2019-06-01 16:10:26'),(650,'East Timor','2019-04-25 11:48:56','2019-06-01 16:10:26'),(660,'Ecuador','2019-04-25 11:48:56','2019-06-01 16:10:26'),(670,'Egypt','2019-04-25 11:48:56','2019-06-01 16:10:26'),(680,'El Salvador','2019-04-25 11:48:56','2019-06-01 16:10:26'),(690,'Equatorial Guinea','2019-04-25 11:48:56','2019-06-01 16:10:26'),(700,'Eritrea','2019-04-25 11:48:56','2019-06-01 16:10:26'),(710,'Estonia','2019-04-25 11:48:56','2019-06-01 16:10:26'),(720,'Ethiopia','2019-04-25 11:48:56','2019-06-01 16:10:26'),(730,'Falkland Islands','2019-04-25 11:48:56','2019-06-01 16:10:26'),(740,'Faroe Islands','2019-04-25 11:48:56','2019-06-01 16:10:26'),(750,'Fiji','2019-04-25 11:48:56','2019-06-01 16:10:26'),(760,'Finland','2019-04-25 11:48:56','2019-06-01 16:10:26'),(770,'France','2019-04-25 11:48:56','2019-06-01 16:10:26'),(780,'French Guiana','2019-04-25 11:48:56','2019-06-01 16:10:26'),(790,'French Polynesia','2019-04-25 11:48:56','2019-06-01 16:10:26'),(800,'French Southern Territories','2019-04-25 11:48:56','2019-06-01 16:10:26'),(810,'Gabon','2019-04-25 11:48:56','2019-06-01 16:10:26'),(820,'Gambia','2019-04-25 11:48:56','2019-06-01 16:10:26'),(830,'Georgia','2019-04-25 11:48:56','2019-06-01 16:10:26'),(840,'Germany','2019-04-25 11:48:56','2019-06-01 16:10:26'),(850,'Ghana','2019-04-25 11:48:56','2019-06-01 16:10:26'),(860,'Gibraltar','2019-04-25 11:48:56','2019-06-01 16:10:26'),(870,'Greece','2019-04-25 11:48:56','2019-06-01 16:10:26'),(880,'Greenland','2019-04-25 11:48:56','2019-06-01 16:10:26'),(890,'Grenada','2019-04-25 11:48:56','2019-06-01 16:10:26'),(900,'Guadeloupe','2019-04-25 11:48:56','2019-06-01 16:10:26'),(910,'Guam','2019-04-25 11:48:56','2019-06-01 16:10:26'),(920,'Guatemala','2019-04-25 11:48:56','2019-06-01 16:10:26'),(930,'Guernsey','2019-04-25 11:48:56','2019-06-01 16:10:26'),(940,'Guinea','2019-04-25 11:48:56','2019-06-01 16:10:26'),(950,'Guinea-Bissau','2019-04-25 11:48:56','2019-06-01 16:10:26'),(960,'Guyana','2019-04-25 11:48:56','2019-06-01 16:10:26'),(970,'Haiti','2019-04-25 11:48:56','2019-06-01 16:10:26'),(980,'Heard Island and McDonald Islands','2019-04-25 11:48:56','2019-06-01 16:10:26'),(990,'Honduras','2019-04-25 11:48:56','2019-06-01 16:10:26'),(1000,'Hong Kong','2019-04-25 11:48:56','2019-06-01 16:10:26'),(1010,'Hungary','2019-04-25 11:48:56','2019-06-01 16:10:26'),(1020,'Iceland','2019-04-25 11:48:56','2019-06-01 16:10:26'),(1030,'India','2019-04-25 11:48:56','2019-06-01 16:10:26'),(1040,'Indonesia','2019-04-25 11:48:56','2019-06-01 16:10:26'),(1050,'Iran','2019-04-25 11:48:56','2019-06-01 16:10:26'),(1060,'Iraq','2019-04-25 11:48:56','2019-06-01 16:10:26'),(1070,'Ireland','2019-04-25 11:48:56','2019-06-01 16:10:26'),(1080,'Isle of Man','2019-04-25 11:48:56','2019-06-01 16:10:26'),(1090,'Israel','2019-04-25 11:48:56','2019-06-01 16:10:26'),(1100,'Italy','2019-04-25 11:48:56','2019-06-01 16:10:26'),(1110,'Ivory Coast','2019-04-25 11:48:56','2019-06-01 16:10:26'),(1120,'Jamaica','2019-04-25 11:48:56','2019-06-01 16:10:26'),(1130,'Japan','2019-04-25 11:48:56','2019-06-01 16:10:26'),(1140,'Jersey','2019-04-25 11:48:56','2019-06-01 16:10:26'),(1150,'Jordan','2019-04-25 11:48:56','2019-06-01 16:10:26'),(1160,'Kazakhstan','2019-04-25 11:48:56','2019-06-01 16:10:26'),(1170,'Kenya','2019-04-25 11:48:56','2019-06-01 16:10:26'),(1180,'Kiribati','2019-04-25 11:48:56','2019-06-01 16:10:26'),(1190,'Kosovo','2019-04-25 11:48:56','2019-06-01 16:10:26'),(1200,'Kuwait','2019-04-25 11:48:56','2019-06-01 16:10:26'),(1210,'Kyrgyzstan','2019-04-25 11:48:56','2019-06-01 16:10:26'),(1220,'Laos','2019-04-25 11:48:56','2019-06-01 16:10:26'),(1230,'Latvia','2019-04-25 11:48:56','2019-06-01 16:10:26'),(1240,'Lebanon','2019-04-25 11:48:56','2019-06-01 16:10:26'),(1250,'Lesotho','2019-04-25 11:48:56','2019-06-01 16:10:26'),(1260,'Liberia','2019-04-25 11:48:56','2019-06-01 16:10:26'),(1270,'Libya','2019-04-25 11:48:56','2019-06-01 16:10:26'),(1280,'Liechtenstein','2019-04-25 11:48:56','2019-06-01 16:10:26'),(1290,'Lithuania','2019-04-25 11:48:56','2019-06-01 16:10:26'),(1300,'Luxembourg','2019-04-25 11:48:56','2019-06-01 16:10:26'),(1310,'Macao','2019-04-25 11:48:56','2019-06-01 16:10:26'),(1320,'Macedonia','2019-04-25 11:48:56','2019-06-01 16:10:26'),(1330,'Madagascar','2019-04-25 11:48:56','2019-06-01 16:10:26'),(1340,'Malawi','2019-04-25 11:48:56','2019-06-01 16:10:26'),(1350,'Malaysia','2019-04-25 11:48:56','2019-06-01 16:10:26'),(1360,'Maldives','2019-04-25 11:48:56','2019-06-01 16:10:26'),(1370,'Mali','2019-04-25 11:48:56','2019-06-01 16:10:26'),(1380,'Malta','2019-04-25 11:48:56','2019-06-01 16:10:26'),(1390,'Marshall Islands','2019-04-25 11:48:56','2019-06-01 16:10:26'),(1400,'Martinique','2019-04-25 11:48:56','2019-06-01 16:10:26'),(1410,'Mauritania','2019-04-25 11:48:56','2019-06-01 16:10:26'),(1420,'Mauritius','2019-04-25 11:48:56','2019-06-01 16:10:26'),(1430,'Mayotte','2019-04-25 11:48:56','2019-06-01 16:10:26'),(1440,'Mexico','2019-04-25 11:48:56','2019-06-01 16:10:26'),(1450,'Micronesia','2019-04-25 11:48:56','2019-06-01 16:10:26'),(1460,'Moldova','2019-04-25 11:48:56','2019-06-01 16:10:26'),(1470,'Monaco','2019-04-25 11:48:56','2019-06-01 16:10:26'),(1480,'Mongolia','2019-04-25 11:48:56','2019-06-01 16:10:26'),(1490,'Montenegro','2019-04-25 11:48:56','2019-06-01 16:10:26'),(1500,'Montserrat','2019-04-25 11:48:56','2019-06-01 16:10:26'),(1510,'Morocco','2019-04-25 11:48:56','2019-06-01 16:10:26'),(1520,'Mozambique','2019-04-25 11:48:56','2019-06-01 16:10:26'),(1530,'Myanmar [Burma]','2019-04-25 11:48:56','2019-06-01 16:10:26'),(1540,'Namibia','2019-04-25 11:48:56','2019-06-01 16:10:26'),(1550,'Nauru','2019-04-25 11:48:56','2019-06-01 16:10:26'),(1560,'Nepal','2019-04-25 11:48:56','2019-06-01 16:10:26'),(1570,'Netherlands','2019-04-25 11:48:56','2019-06-01 16:10:26'),(1580,'New Caledonia','2019-04-25 11:48:56','2019-06-01 16:10:26'),(1590,'New Zealand','2019-04-25 11:48:56','2019-06-01 16:10:26'),(1600,'Nicaragua','2019-04-25 11:48:56','2019-06-01 16:10:26'),(1610,'Niger','2019-04-25 11:48:56','2019-06-01 16:10:26'),(1620,'Nigeria','2019-04-25 11:48:56','2019-06-01 16:10:26'),(1630,'Niue','2019-04-25 11:48:56','2019-06-01 16:10:26'),(1640,'Norfolk Island','2019-04-25 11:48:56','2019-06-01 16:10:26'),(1650,'North Korea','2019-04-25 11:48:56','2019-06-01 16:10:26'),(1660,'Northern Mariana Islands','2019-04-25 11:48:56','2019-06-01 16:10:26'),(1670,'Norway','2019-04-25 11:48:56','2019-06-01 16:10:26'),(1680,'Oman','2019-04-25 11:48:56','2019-06-01 16:10:26'),(1690,'Pakistan','2019-04-25 11:48:56','2019-06-01 16:10:26'),(1700,'Palau','2019-04-25 11:48:56','2019-06-01 16:10:26'),(1710,'Palestine','2019-04-25 11:48:56','2019-06-01 16:10:26'),(1720,'Panama','2019-04-25 11:48:56','2019-06-01 16:10:26'),(1730,'Papua New Guinea','2019-04-25 11:48:56','2019-06-01 16:10:26'),(1740,'Paraguay','2019-04-25 11:48:56','2019-06-01 16:10:26'),(1750,'Peru','2019-04-25 11:48:56','2019-06-01 16:10:26'),(1760,'Philippines','2019-04-25 11:48:56','2019-06-01 16:10:26'),(1770,'Pitcairn Islands','2019-04-25 11:48:56','2019-06-01 16:10:26'),(1780,'Poland','2019-04-25 11:48:56','2019-06-01 16:10:26'),(1790,'Portugal','2019-04-25 11:48:56','2019-06-01 16:10:26'),(1800,'Puerto Rico','2019-04-25 11:48:56','2019-06-01 16:10:26'),(1810,'Qatar','2019-04-25 11:48:56','2019-06-01 16:10:26'),(1820,'Republic of the Congo','2019-04-25 11:48:56','2019-06-01 16:10:26'),(1830,'Romania','2019-04-25 11:48:56','2019-06-01 16:10:26'),(1840,'Russia','2019-04-25 11:48:56','2019-06-01 16:10:26'),(1850,'Rwanda','2019-04-25 11:48:56','2019-06-01 16:10:26'),(1860,'Runion','2019-04-25 11:48:56','2019-06-01 16:10:26'),(1870,'Saint Bartholemy','2019-04-25 11:48:56','2019-06-01 16:10:26'),(1880,'Saint Helena','2019-04-25 11:48:56','2019-06-01 16:10:26'),(1890,'Saint Kitts and Nevis','2019-04-25 11:48:56','2019-06-01 16:10:26'),(1900,'Saint Lucia','2019-04-25 11:48:56','2019-06-01 16:10:26'),(1910,'Saint Martin','2019-04-25 11:48:56','2019-06-01 16:10:26'),(1920,'Saint Pierre and Miquelon','2019-04-25 11:48:56','2019-06-01 16:10:26'),(1930,'Saint Vincent and the Grenadines','2019-04-25 11:48:56','2019-06-01 16:10:26'),(1940,'Samoa','2019-04-25 11:48:56','2019-06-01 16:10:26'),(1950,'San Marino','2019-04-25 11:48:56','2019-06-01 16:10:26'),(1960,'Sao Tom and Principe','2019-04-25 11:48:56','2019-06-01 16:10:26'),(1970,'Saudi Arabia','2019-04-25 11:48:56','2019-06-01 16:10:26'),(1980,'Senegal','2019-04-25 11:48:56','2019-06-01 16:10:26'),(1990,'Serbia','2019-04-25 11:48:56','2019-06-01 16:10:26'),(2000,'Seychelles','2019-04-25 11:48:56','2019-06-01 16:10:26'),(2010,'Sierra Leone','2019-04-25 11:48:56','2019-06-01 16:10:26'),(2020,'Singapore','2019-04-25 11:48:56','2019-06-01 16:10:26'),(2030,'Sint Maarten','2019-04-25 11:48:56','2019-06-01 16:10:26'),(2040,'Slovakia','2019-04-25 11:48:56','2019-06-01 16:10:26'),(2050,'Slovenia','2019-04-25 11:48:56','2019-06-01 16:10:26'),(2060,'Solomon Islands','2019-04-25 11:48:56','2019-06-01 16:10:26'),(2070,'Somalia','2019-04-25 11:48:56','2019-06-01 16:10:26'),(2080,'South Africa','2019-04-25 11:48:56','2019-06-01 16:10:26'),(2090,'South Georgia and the South Sandwich Islands','2019-04-25 11:48:56','2019-06-01 16:10:26'),(2100,'South Korea','2019-04-25 11:48:56','2019-06-01 16:10:26'),(2110,'South Sudan','2019-04-25 11:48:56','2019-06-01 16:10:26'),(2120,'Spain','2019-04-25 11:48:56','2019-06-01 16:10:26'),(2130,'Sri Lanka','2019-04-25 11:48:56','2019-06-01 16:10:26'),(2140,'Sudan','2019-04-25 11:48:56','2019-06-01 16:10:26'),(2150,'Suriname','2019-04-25 11:48:56','2019-06-01 16:10:26'),(2160,'Svalbard and Jan Mayen','2019-04-25 11:48:56','2019-06-01 16:10:26'),(2170,'Swaziland','2019-04-25 11:48:56','2019-06-01 16:10:26'),(2180,'Sweden','2019-04-25 11:48:56','2019-06-01 16:10:26'),(2190,'Switzerland','2019-04-25 11:48:56','2019-06-01 16:10:26'),(2200,'Syria','2019-04-25 11:48:56','2019-06-01 16:10:26'),(2210,'Taiwan','2019-04-25 11:48:56','2019-06-01 16:10:26'),(2220,'Tajikistan','2019-04-25 11:48:56','2019-06-01 16:10:26'),(2230,'Tanzania','2019-04-25 11:48:56','2019-06-01 16:10:26'),(2240,'Thailand','2019-04-25 11:48:56','2019-06-01 16:10:26'),(2250,'Togo','2019-04-25 11:48:56','2019-06-01 16:10:26'),(2260,'Tokelau','2019-04-25 11:48:56','2019-06-01 16:10:26'),(2270,'Tonga','2019-04-25 11:48:56','2019-06-01 16:10:26'),(2280,'Trinidad and Tobago','2019-04-25 11:48:56','2019-06-01 16:10:26'),(2290,'Tunisia','2019-04-25 11:48:56','2019-06-01 16:10:26'),(2300,'Turkey','2019-04-25 11:48:56','2019-06-01 16:10:26'),(2310,'Turkmenistan','2019-04-25 11:48:56','2019-06-01 16:10:26'),(2320,'Turks and Caicos Islands','2019-04-25 11:48:56','2019-06-01 16:10:26'),(2330,'Tuvalu','2019-04-25 11:48:56','2019-06-01 16:10:26'),(2340,'U.S. Minor Outlying Islands','2019-04-25 11:48:56','2019-06-01 16:10:26'),(2350,'U.S. Virgin Islands','2019-04-25 11:48:56','2019-06-01 16:10:26'),(2360,'Uganda','2019-04-25 11:48:56','2019-06-01 16:10:26'),(2370,'Ukraine','2019-04-25 11:48:56','2019-06-01 16:10:26'),(2380,'United Arab Emirates','2019-04-25 11:48:56','2019-06-01 16:10:26'),(2390,'United Kingdom','2019-04-25 11:48:56','2019-06-01 16:10:26'),(2400,'United States','2019-04-25 11:48:56','2019-06-01 16:10:26'),(2410,'Uruguay','2019-04-25 11:48:56','2019-06-01 16:10:26'),(2420,'Uzbekistan','2019-04-25 11:48:56','2019-06-01 16:10:26'),(2430,'Vanuatu','2019-04-25 11:48:56','2019-06-01 16:10:26'),(2440,'Vatican City','2019-04-25 11:48:56','2019-06-01 16:10:26'),(2450,'Venezuela','2019-04-25 11:48:56','2019-06-01 16:10:26'),(2460,'Vietnam','2019-04-25 11:48:56','2019-06-01 16:10:26'),(2470,'Wallis and Futuna','2019-04-25 11:48:56','2019-06-01 16:10:26'),(2480,'Western Sahara','2019-04-25 11:48:56','2019-06-01 16:10:26'),(2490,'Yemen','2019-04-25 11:48:56','2019-06-01 16:10:26'),(2500,'Zambia','2019-04-25 11:48:56','2019-06-01 16:10:26'),(2510,'Zimbabwe','2019-04-25 11:48:56','2019-06-01 16:10:26');
/*!40000 ALTER TABLE `country` ENABLE KEYS */;
UNLOCK TABLES;

--
-- Table structure for table `news`
--

DROP TABLE IF EXISTS `news`;
/*!40101 SET @saved_cs_client     = @@character_set_client */;
/*!50503 SET character_set_client = utf8mb4 */;
CREATE TABLE `news` (
  `id` int(10) NOT NULL AUTO_INCREMENT,
  `title` varchar(255) NOT NULL,
  `user` int(11) NOT NULL,
  `date` date NOT NULL,
  `status` tinyint(4) NOT NULL DEFAULT '0',
  `img` varchar(255) NOT NULL,
  `content` mediumtext NOT NULL,
  `created` timestamp NOT NULL DEFAULT CURRENT_TIMESTAMP,
  `updated` timestamp NOT NULL DEFAULT CURRENT_TIMESTAMP ON UPDATE CURRENT_TIMESTAMP,
  PRIMARY KEY (`id`),
  KEY `user` (`user`),
  CONSTRAINT `news_ibfk_2` FOREIGN KEY (`user`) REFERENCES `user` (`id`) ON UPDATE CASCADE
) ENGINE=InnoDB AUTO_INCREMENT=20 DEFAULT CHARSET=latin1;
/*!40101 SET character_set_client = @saved_cs_client */;

--
-- Dumping data for table `news`
--

LOCK TABLES `news` WRITE;
/*!40000 ALTER TABLE `news` DISABLE KEYS */;
INSERT INTO `news` VALUES (5,'2014 - The Beginning',7,'2017-05-28',1,'5999b13e6750e.jpg','At the beginning of 2014, <a class=\"au\" href=\"https://amdp.me\">Alessandro Merletti De Palo</a> meets Ilario Tito, an old friend from primary school, at Bar della Pace (The Peace Bar) in Rome, and tells him about the possibility of a social ecosystem based on cooperation where wealth, activities and governance are well distributed. They plan to look for other people interested in the idea.','2017-08-20 13:56:46','2019-07-21 23:03:24'),(6,'Autumn 2014 - Cooperacy research group',7,'2017-05-29',1,'5999b18755650.png','Alessandro Merletti De Palo looks for researchers interested in the Cooperation model he had been into for many years. He contacts his long term partner in the previous studies, the group psychologist Maria Gisa Masia, who introduced him to the psychological approach to groups dynamics. Then he invites the statistician Mariangela Nitti too in order to start the preliminary data studies about the <a class=\"au\" href=\"/cci\">Cooperation Context Index</a>. Alessandro Mancinella, a Masia colleague, will join the group in order to support the social representation analysis; Ilario Tito is of course part of the team together with other two who will then leave the group for lack of time. An Indian developer, Kanwar Ujjawal Sing sets the first basic website. The researchers edit a presentation paper in order to participate at the 2015 Collective Intelligence Conference organised by Scott Page from the University of Michigan and by the MIT Center for Collective Intelligence held in Santa Clara (CA), Silicon Valley.','2017-08-20 13:57:59','2019-07-21 23:03:39'),(7,'Winter 2015 - Cooperacy approved @ CIC 2015',7,'2017-05-30',1,'5999b25694d31.jpg','The paper goes well and Ilario and Alessandro decide to invest private money and fly to Silicon Valley in order to attend the Collective Intelligence Conference in Santa Clara. The group start to prepare the <a class=\"au\" href=\"https://www.researchgate.net/publication/280932405_Poster\">poster</a> that will be used to present the model.','2017-08-20 14:01:26','2019-07-21 23:03:51'),(8,'Spring 2015 - Cooperacy amongst the scientific members of the OuiShare Fest Research Lab',7,'2017-05-31',1,'5a99bfa3cab30.jpg','While awaiting the response from the University of Michigan, we sent the same paper also to the <a class=\"au\" href=\"http://2015.ouisharefest.com\">Ouishare Fest</a>, the leading festival of the Sharing Economy movement in Paris. In March we were notified that we had been chosen as part of their research lab. There, the model is well appreciated and many people seem to be interested, but only a few really get in touch with the Cooperacy group.','2017-08-20 14:01:57','2019-07-21 23:04:02'),(9,'Summer 2015  Cooperacy @ the Collective Intelligence Conference',7,'2017-06-01',1,'5999b2e79826a.jpg','Cooperacy presents its <a class=\"au\" href=\"/project-articles\">model</a> and poster during the Collective Intelligence Conference, 2015, in Santa Clara, Silicon Valley, at the presence of Google Vice President Regina Duncan and the Facebook Research Lab. The poster gathers a wide audience, the people remain also after the end of the presentation.','2017-08-20 14:03:51','2019-07-21 23:04:12'),(10,'Autumn 2015  Cooperacy @ the IASC Conference The City as a commons in Bologna',7,'2017-06-02',1,'5999b323cbdcb.png','The paper from Cooperacy is selected for the <a class=\"au\" href=\"https://www.iasc-commons.org\">IASC</a> Conference \"The City as a commons\" in Bologna. During a plenary speech, Alessandro suggests to have a common fund for changing the current economic system that is the principle obstacle against a culture based on the commons framework. The idea is appreciated with some smiles -and some laughing too- because of its eccentric nature. \r\nWhen back home, Alessandro understands that a <a class=\"aue\" href=\"/platform\">collection of common money</a> could be the missing piece of the Cooperacy project.','2017-08-20 14:04:51','2019-07-21 23:04:19'),(11,'Autumn 2015 - Cooperacy amongst the Milano Smart City Sharing Economy Experts',7,'2017-06-03',1,'5999b3419d039.png','The Milan municipality inserts Cooperacy amongst the Sharing Economy Experts and Operators for the <a class=\"au\" href=\"http://www.milanosmartcity.org\">Milano Smart City</a> Project.','2017-08-20 14:05:21','2019-07-21 23:04:26'),(12,'Autumn 2015 - Cooperacy invited @ the First Positive Peace Conference',7,'2017-06-04',1,'','Due to the strong similarities between the Positive Peace concept and the Cooperative Contexts in international indicators, Cooperacy is invited by the <a class=\"au\" href=\"http://economicsandpeace.org\">Institute for Economy and Peace</a> at the first Inaugural Conference on Positive Peace at Stanford. Due to lack of funds, Cooperacy had to reluctantly decline.','2017-08-20 14:06:23','2019-07-21 23:05:45'),(13,'Autumn 2015 - the Horizon 2020 group',7,'2017-06-05',1,'','Cooperacy brings together many international partners for the big project of developing a cooperation theory game portal and its mobile app able to make people learn how to cooperate. The project is developed, and after a first trial it is resubmitted in 2016. The participant institutions are:\r\n\r\n<br><br>Cooperacy Research Association, Italy<br>\r\nMykolas Romeris University, Lithuania<br>\r\nUniversidad de Mlaga, Spain<br>\r\nUniversity of Coimbra, Portugal<br>\r\nUniversity of Manchester, England<br>\r\nDelft University of Technology, Holland<br>\r\nDemocracyOS, Argentina<br>\r\nMeet the Media Guru, Italy<br>\r\nMarconi University, Italy<br>\r\nSlovak Academy of Science, Slovak Republic<br>\r\nThem Games, France<br>\r\nAmarena Pictures, Italy<br>\r\nGenius Loci, Italy<br>\r\nLa Sapienza, Italy<br>\r\nCNRS Paris, France<br>\r\nUniversiteit Gent, Belgium<br>\r\nUniversidade Lusofona, Portugal<br>\r\nUrbanisticni Institut, Republike Slovenije<br>\r\nLule Tekniska Universitet, Sweden<br>\r\nCPHFTW IVS Techfestival, Denmark<br>\r\nUniversity of Thessaly, Greece<br>\r\nUniversitat Jaume I, Spain<br>\r\nFundacin Deusto, Spain<br>\r\nAlpha Consulting, Italy<br>\r\nUniversit Politecnica delle Marche, Italy<br>\r\nIDLab, Italy<br>\r\nPurple Network, Italy<br><br>','2017-08-20 14:07:37','2019-07-21 23:05:54'),(14,'Spring 2016  Cooperacy @ the Collective Intelligence Conference',7,'2017-06-11',1,'5999b6ddbc746.png','Cooperacy investigations are chosen again by the <a class=\"au\" href=\"http://cci.mit.edu/\">Center for Collective Intelligence</a> International Conference, this time held in New York at the NYU Stern School of Business.','2017-08-20 14:20:45','2019-07-21 23:06:00'),(15,'Autumn 2016  Cooperacy @ the Open Production Conference',7,'2017-06-18',1,'','<video width=\"480px\" height=\"360px\"  controls>\r\n  <source src=\"https://cooperacy.org/images/germany.mp4\" type=\"video/mp4\" alt=\"null\">\r\n  </video>\r\n<br>During the Conference at NYU Stern School of Business, Cooperacy is invited in Hamburg for the Open Production Conference. During the conference a video interview asks Alessandro Merletti De Palo to talk about the importance of a <a class=\"au\" href=\"/research\">interdisciplinary</a> approach.','2017-08-20 14:22:04','2019-07-21 23:06:20'),(16,'Spring 2017  Cooperacy @ the Partial Least Square 2017 International Conference',7,'2017-08-20',1,'5999b798029c5.jpg','The Cooperacy Research Team developed the <a class=\"au\" href=\"/cci\">Cooperation Context Index by Country</a>, an international index which describes whether the context of a country may facilitate or inhibit people to <a class=\"au\" href=\"/cooperation\">cooperate</a>. The relative <a class=\"au\" href=\"/project-articles\">scientific article</a>, accepted for presentation and conference, was written by Alessandro Merletti De Palo, Mostafa Rasoolimanesh, Mariangela Nitti, Gianna Monti and Fabio Marigo. In particular, Alessandro and Mostafa have been working without knowing each other for two years. Here you find the picture shot when they met for the first time, just in Macau at the PLS\'17 conference.','2017-08-20 14:23:52','2019-07-21 23:06:39'),(17,'September 2017 - Cooperacy @ Techfestival in Copenhagen',22,'2017-09-10',1,'5a8a03b714124.jpg','Techfestival aim was to start a new conversation on the relationship between humans & technology: people of all ages, backgrounds and nationalities gatehered in Copenhagen to attend events, talks and meetups.\r\n\r\n<p class=\"base\">Cooperacy participated with three activities:</p>\r\n<ul>\r\n<li class=\"base\">an <a href=\"https://www.eventbrite.com/e/cooperacy-social-technologies-and-acroyoga-at-techfestival-tickets-37098001120\" class=\"au\">event</a> where participants could learn more about cooperation and the social technologies that may enhance it and could experiment physical cooperation through an acro-yoga demo</li>\r\n<li class=\"base\">a <a href=\"https://www.eventbrite.com/e/cooperative-monopoly-meetup-at-techfestival-tickets-37099182654\" class=\"au\">session</a> of &ldquo;<a href=\"https://cooperacy.org/fun\" class=\"au\r\n\">Cooperative Monopoly</a>&ldquo; where participants - with the help of the workshop coordinators - experimented a different social system able to bring common enjoyment</li>\r\n<li class=\"base\">cph150, a two-day think tank with 150 philosophers, designers, technologists, artists, researchers and writers that resulted in a progressive manifesto on responsible tech development: <a href=\"https://copenhagenletter.org/\" class=\"au\">the Copenhagen Letter</a></li>\r\n</ul>','2018-02-18 21:43:28','2019-07-21 23:07:20'),(18,'October 2017 - Cooperacy Open Ecosystem for AIR3',22,'2017-10-30',1,'5a8a063bccce6.jpg','AIR3, the Association of Italian Film Directors, asked Cooperacy to facilitate their assembly meetings through a participative format. The end of October marked an important moment for AIR3 as a decision about its future governance was needed. In this occasion Cooperacy organized a one-day meeting based on the Open Ecosystem.\r\n\r\n<p class=\"base\"><a href=\"http://youmark.it/rubriche/air3-si-incontra-di-nuovo-a-campo-largo-format-creato-da-cooperacy-per-gestire-i-lavori-durante-gli-incontri-degli-associati\" class=\"au\">Press Release YouMark</a></p>\r\n<p class=\"base\"><a href=\"http://www.mediakey.tv/index.php?id=leggi-news&amp;tx_ttnews%5Btt_news%5D=77050&amp;cHash=d264086177468db9e3baa8826b7189ac\" class=\"au\">Press Release Media Key</a></p>','2018-02-18 22:03:23','2019-07-21 23:07:38'),(19,'September 2017 - Cooperacy @ Hackathon on Rare Diseases',22,'2017-09-30',1,'5a8b2feb9dea4.jpg','During the second edition of the Forum on sustainability and opportunities in the health sector that took place in Florence on September 29-30, Cooperacy facilitated a hackathon on rare diseases aiming at fostering the cooperation in the development of a medical or paramedical idea. Five groups of students from PoliMi-NECST Lab and Laba-Libera Accademia di Belle Arti di Brescia participated in the hackathon and two of them equally shared the victory.\r\n\r\n<p class=\"base\"><a href=\"https://www.specchioeconomico.com/rubriche/le-ultimissime/3957-supportato-da-cooperacy-concluso-leopolda-hackathon-sulle-malattie-rare\" class=\"au\">Press Release Specchio Economico</a></p>\r\n<p class=\"base\"><a href=\"http://www.digitalmarketingfarmaceutico.it/rarehackaton/\" class=\"au\">Press Release Digital Marketing</a></p>','2018-02-19 19:13:31','2019-07-21 23:07:59');
/*!40000 ALTER TABLE `news` ENABLE KEYS */;
UNLOCK TABLES;

--
-- Table structure for table `place`
--

DROP TABLE IF EXISTS `place`;
/*!40101 SET @saved_cs_client     = @@character_set_client */;
/*!50503 SET character_set_client = utf8mb4 */;
CREATE TABLE `place` (
  `id` int(11) NOT NULL AUTO_INCREMENT,
  `country` int(11) NOT NULL,
  `name` varchar(128) CHARACTER SET utf8 COLLATE utf8_bin NOT NULL,
  `created` timestamp NOT NULL DEFAULT CURRENT_TIMESTAMP,
  `updated` timestamp NOT NULL DEFAULT CURRENT_TIMESTAMP ON UPDATE CURRENT_TIMESTAMP,
  PRIMARY KEY (`id`),
  KEY `country` (`country`),
  CONSTRAINT `place_ibfk_2` FOREIGN KEY (`country`) REFERENCES `country` (`id`) ON UPDATE CASCADE
) ENGINE=InnoDB AUTO_INCREMENT=394 DEFAULT CHARSET=utf8 COLLATE=utf8_bin;
/*!40101 SET character_set_client = @saved_cs_client */;

--
-- Dumping data for table `place`
--

LOCK TABLES `place` WRITE;
/*!40000 ALTER TABLE `place` DISABLE KEYS */;
INSERT INTO `place` VALUES (1,1,'Cooperacy','2019-06-01 22:29:43','2019-06-01 22:32:07'),(260,1100,'Milan','2019-04-25 11:48:56','2019-06-01 17:13:03'),(261,1100,'Pescara','2019-04-25 11:48:56','2019-06-01 17:13:03'),(262,2380,'Abu Dhabi','2019-04-25 11:48:56','2019-06-01 17:13:03'),(263,1100,'Palermo','2019-04-25 11:48:56','2019-06-01 17:13:03'),(264,2400,'Los Angeles','2019-04-25 11:48:56','2019-06-01 17:13:03'),(266,840,'Berlin','2019-04-25 11:48:56','2019-06-01 17:13:03'),(384,1790,'Lisbon','2019-04-25 11:48:56','2019-06-01 17:13:03'),(385,450,'Ndjamena','2019-05-30 16:03:33','2019-06-01 17:13:03'),(386,850,'Accra','2019-05-30 16:10:41','2019-06-01 17:11:18'),(388,1100,'Rome','2019-06-01 22:58:40','2019-06-01 22:58:40'),(389,770,'Paris','2019-10-21 19:45:02','2019-10-21 19:45:02'),(390,150,'Vienna','2019-10-21 22:21:41','2019-10-21 22:21:41'),(391,140,'Sidney','2019-10-22 20:21:35','2019-10-22 20:21:35'),(392,10,'Kabul','2019-11-07 17:08:56','2019-11-07 17:08:56'),(393,20,'Mariehamn','2019-11-20 23:31:10','2019-11-20 23:31:10');
/*!40000 ALTER TABLE `place` ENABLE KEYS */;
UNLOCK TABLES;

--
-- Table structure for table `project`
--

DROP TABLE IF EXISTS `project`;
/*!40101 SET @saved_cs_client     = @@character_set_client */;
/*!50503 SET character_set_client = utf8mb4 */;
CREATE TABLE `project` (
  `id` int(11) NOT NULL AUTO_INCREMENT,
  `stage` int(11) NOT NULL DEFAULT '7',
  `category` int(11) NOT NULL DEFAULT '1',
  `name` varchar(128) CHARACTER SET utf8 COLLATE utf8_bin NOT NULL,
  `country` int(11) NOT NULL,
  `place` int(11) NOT NULL DEFAULT '260',
  `brief` varchar(256) CHARACTER SET utf8 COLLATE utf8_bin NOT NULL,
  `content` varchar(2046) CHARACTER SET utf8 COLLATE utf8_bin NOT NULL DEFAULT '-',
  `video` varchar(1024) CHARACTER SET utf8 COLLATE utf8_bin NOT NULL DEFAULT '-',
  `anonymous` tinyint(1) NOT NULL DEFAULT '0',
  `parent` int(11) NOT NULL DEFAULT '1',
  `collect` decimal(32,16) NOT NULL DEFAULT '0.0000000000000000',
  `budget` decimal(32,16) NOT NULL DEFAULT '0.0000000000000000',
  `budgetstep` int(11) NOT NULL DEFAULT '0',
  `budgetstepdoc` varchar(45) COLLATE utf8_bin DEFAULT NULL,
  `fundingstep` int(11) NOT NULL DEFAULT '0',
  `professional` int(11) NOT NULL DEFAULT '2',
  `hudget` int(11) NOT NULL DEFAULT '2',
  `E` int(11) NOT NULL DEFAULT '0',
  `T` int(11) NOT NULL DEFAULT '0',
  `C` int(11) NOT NULL DEFAULT '0',
  `I` int(11) NOT NULL DEFAULT '0',
  `F` int(11) NOT NULL DEFAULT '0',
  `U` int(11) NOT NULL DEFAULT '0',
  `D` int(11) NOT NULL DEFAULT '0',
  `created` timestamp NOT NULL DEFAULT CURRENT_TIMESTAMP,
  `updated` timestamp NOT NULL DEFAULT CURRENT_TIMESTAMP ON UPDATE CURRENT_TIMESTAMP,
  PRIMARY KEY (`id`),
  KEY `place` (`place`),
  CONSTRAINT `project_ibfk_4` FOREIGN KEY (`place`) REFERENCES `place` (`id`) ON UPDATE CASCADE
) ENGINE=InnoDB AUTO_INCREMENT=769 DEFAULT CHARSET=utf8 COLLATE=utf8_bin;
/*!40101 SET character_set_client = @saved_cs_client */;

--
-- Dumping data for table `project`
--

LOCK TABLES `project` WRITE;
/*!40000 ALTER TABLE `project` DISABLE KEYS */;
INSERT INTO `project` VALUES (1,7,1,'Cooperacy',1,1,'Cooperacy','Cooperacy is a scientific project aiming to spread the practice and the awareness of ecosystemic thinking and cooperation.','',0,1,7.7616960465919488,7000.0000000000000000,0,NULL,0,2,7,5,5,3,0,5,2,5,'2019-04-25 11:58:19','2020-01-05 18:58:04'),(375,1,2,'Corso di Chitarra a Milano',1100,260,'Corso di chitarra a cura di Giovanna Littardi','    -','    ',0,1,0.0000000000000000,0.0000000000000000,0,NULL,0,1,5,2,1,1,0,0,0,0,'2019-04-23 15:21:14','2020-01-05 11:33:06'),(378,5,4,'Cooperacy Management',1100,260,'Cooperacy planning, progress and project management','-','',0,1,0.8466818878003200,0.0000000000000000,1,NULL,0,1,5,1,1,1,0,1,0,0,'2019-04-23 13:43:29','2020-01-04 14:55:49'),(389,5,4,'Cooperacy Research',1,1,'The main research body of Cooperacy.','','',0,1,0.8466818878003200,0.0000000000000000,1,NULL,0,1,2,1,1,1,0,1,0,1,'2019-04-22 18:34:25','2020-01-04 14:55:49'),(401,2,2,'FB Page Editorial Plan',1100,260,'FB Page Editorial Plan','The aim of this discussion is collecting from all members relevant informations in order to populate our topics\' calendar for cooperacy.org Facebook page. Please contribute to it or share your opinions and doubts about the activity. Any contribution will be more than appreciated.','',1,402,0.0000000000000000,0.0000000000000000,0,NULL,0,1,2,1,1,0,0,0,1,1,'2019-04-22 18:34:25','2020-01-05 11:33:06'),(402,2,1,'The Messengers',1100,260,'The Communication Department of Cooperacy','Discussion board of Cooperacy Communication Department','',1,1,0.0000000000000000,0.0000000000000000,0,NULL,0,1,2,0,0,0,0,0,1,0,'2019-04-22 18:34:25','2020-01-05 11:33:06'),(434,2,4,'Platform Bugs',1100,260,'Website Bugs','You can signal here all the bugs you discover while using this website!','',0,378,0.0000000000000000,0.0000000000000000,0,NULL,0,1,2,2,1,2,0,1,0,1,'2019-04-22 18:34:25','2020-01-05 11:33:06'),(469,5,2,'FAQ for our website',1100,260,'Cooperacy FAQ page','','',0,402,0.0000000000000000,0.0000000000000000,1,NULL,0,1,2,0,0,0,0,0,0,0,'2019-04-22 18:34:25','2019-12-22 17:31:52'),(581,2,1,'Cooperacy Events',1,1,'Stay tuned for all the Cooperacy Events!','This project is born as a way to be notified about all the Cooperacy Events','',0,1,0.0000000000000000,0.0000000000000000,0,NULL,0,1,2,1,1,1,0,0,1,0,'2019-04-23 13:43:33','2020-01-05 11:33:06'),(700,2,4,'Announcements',1,1,'Announcements from Cooperacy','Freedom-vote this project to receive news and announcements about Cooperacy',' ',0,1,0.0000000000000000,0.0000000000000000,0,NULL,0,1,2,1,0,1,0,1,0,0,'2019-11-24 17:31:03','2020-01-05 11:33:07'),(732,2,1,'Lezioni di Acroyoga',1100,260,'Impara a fare Acroyoga e sostieni Cooperacy!','Gestito dall\'associazione Open Acroyoga','',0,1,0.0000000000000000,10.0000000000000000,0,NULL,0,1,5,0,0,0,0,0,0,0,'2019-04-22 18:34:25','2020-01-05 11:33:07'),(733,2,1,'Mercatino di frutta partecipata',1100,260,'Acquista con Cooperacy frutta buona e rivendila pagandoti il trasporto','Progetto gi testato e riattivabile','',0,1,0.0000000000000000,0.0000000000000000,0,NULL,0,1,2,1,0,0,0,0,0,0,'2019-04-22 18:34:25','2020-01-05 11:33:07');
/*!40000 ALTER TABLE `project` ENABLE KEYS */;
UNLOCK TABLES;
/*!50003 SET @saved_cs_client      = @@character_set_client */ ;
/*!50003 SET @saved_cs_results     = @@character_set_results */ ;
/*!50003 SET @saved_col_connection = @@collation_connection */ ;
/*!50003 SET character_set_client  = utf8mb4 */ ;
/*!50003 SET character_set_results = utf8mb4 */ ;
/*!50003 SET collation_connection  = utf8mb4_0900_ai_ci */ ;
/*!50003 SET @saved_sql_mode       = @@sql_mode */ ;
/*!50003 SET sql_mode              = 'ONLY_FULL_GROUP_BY,STRICT_TRANS_TABLES,NO_ZERO_IN_DATE,NO_ZERO_DATE,ERROR_FOR_DIVISION_BY_ZERO,NO_ENGINE_SUBSTITUTION' */ ;
DELIMITER ;;
/*!50003 CREATE*/ /*!50017 DEFINER=`root`@`localhost`*/ /*!50003 TRIGGER `gotobudgetsteps` BEFORE UPDATE ON `project` FOR EACH ROW BEGIN
	IF new.collect >= new.budget AND new.stage = 7 THEN 
		SET new.stage = 5;
		IF new.budgetstep = 0 THEN SET new.budgetstep = 1; END IF;
    		INSERT INTO `projectregistry` 
            	(`projectid`,`stage`,`category`,`name`,`country`,`place`, 
		`brief`, `content`,`video`,`anonymous`,`parent`,
            	`collect`, `budget`,`budgetstep`,`fundingstep`, `professional`, `hudget`,
            	`E`,`T`,`C`,`I`,`F`,`U`,`D`,`created`)
    	VALUES (new.`id`,new.`stage`,new.`category`,new.`name`,new.`country`,new.`place`,
    	new.`brief`,new.`content`,new.`video`,new.`anonymous`,new.`parent`, 
	new.`collect`,new.`budget`,new.`budgetstep`,new.`fundingstep`,new.`professional`,new.`hudget`, 
    	new.`E`,new.`T`,new.`C`,new.`I`,new.`F`,new.`U`,new.`D`,new.`created`);
	END IF;
END */;;
DELIMITER ;
/*!50003 SET sql_mode              = @saved_sql_mode */ ;
/*!50003 SET character_set_client  = @saved_cs_client */ ;
/*!50003 SET character_set_results = @saved_cs_results */ ;
/*!50003 SET collation_connection  = @saved_col_connection */ ;

--
-- Table structure for table `projectprofessional`
--

DROP TABLE IF EXISTS `projectprofessional`;
/*!40101 SET @saved_cs_client     = @@character_set_client */;
/*!50503 SET character_set_client = utf8mb4 */;
CREATE TABLE `projectprofessional` (
  `id` int(11) NOT NULL AUTO_INCREMENT,
  `project` int(11) NOT NULL,
  `user` int(11) NOT NULL,
  `created` timestamp NOT NULL DEFAULT CURRENT_TIMESTAMP,
  `updated` timestamp NOT NULL DEFAULT CURRENT_TIMESTAMP ON UPDATE CURRENT_TIMESTAMP,
  PRIMARY KEY (`id`),
  KEY `project` (`project`),
  KEY `user` (`user`),
  CONSTRAINT `projectprofessional_ibfk_4` FOREIGN KEY (`project`) REFERENCES `project` (`id`) ON DELETE CASCADE ON UPDATE CASCADE,
  CONSTRAINT `projectprofessional_ibfk_5` FOREIGN KEY (`user`) REFERENCES `user` (`id`) ON DELETE CASCADE ON UPDATE CASCADE
) ENGINE=InnoDB AUTO_INCREMENT=15 DEFAULT CHARSET=utf8 COLLATE=utf8_bin;
/*!40101 SET character_set_client = @saved_cs_client */;

--
-- Dumping data for table `projectprofessional`
--

LOCK TABLES `projectprofessional` WRITE;
/*!40000 ALTER TABLE `projectprofessional` DISABLE KEYS */;
INSERT INTO `projectprofessional` VALUES (1,401,78,'2019-04-25 15:22:39','2019-04-25 15:22:58'),(2,434,22,'2019-04-25 15:22:39','2019-04-25 15:22:58'),(3,469,78,'2019-04-25 15:22:39','2019-04-25 15:22:58'),(5,375,78,'2019-06-09 14:02:40','2019-06-09 14:02:40'),(6,1,7,'2019-11-06 15:33:56','2019-11-06 15:33:56'),(7,378,7,'2019-11-06 23:21:35','2019-11-06 23:21:35'),(8,389,7,'2019-11-24 09:00:32','2019-11-24 09:00:32'),(9,700,7,'2019-11-24 17:31:03','2019-11-24 17:31:03'),(10,1,133,'2019-12-22 17:25:12','2019-12-22 17:25:12'),(11,581,7,'2019-12-22 17:32:20','2019-12-22 17:32:20'),(12,402,17,'2019-12-22 17:33:54','2019-12-22 17:33:54'),(13,732,30,'2019-12-22 17:38:22','2019-12-22 17:38:22'),(14,733,7,'2019-12-22 17:39:05','2019-12-22 17:39:05');
/*!40000 ALTER TABLE `projectprofessional` ENABLE KEYS */;
UNLOCK TABLES;

--
-- Table structure for table `projectregistry`
--

DROP TABLE IF EXISTS `projectregistry`;
/*!40101 SET @saved_cs_client     = @@character_set_client */;
/*!50503 SET character_set_client = utf8mb4 */;
CREATE TABLE `projectregistry` (
  `id` int(11) NOT NULL AUTO_INCREMENT,
  `projectid` int(11) NOT NULL,
  `stage` int(11) NOT NULL DEFAULT '5',
  `category` int(11) NOT NULL DEFAULT '1',
  `name` varchar(128) CHARACTER SET utf8 COLLATE utf8_bin NOT NULL,
  `country` int(11) NOT NULL,
  `place` int(11) NOT NULL DEFAULT '260',
  `brief` varchar(256) CHARACTER SET utf8 COLLATE utf8_bin NOT NULL,
  `content` varchar(2046) CHARACTER SET utf8 COLLATE utf8_bin NOT NULL DEFAULT '-',
  `video` varchar(1024) CHARACTER SET utf8 COLLATE utf8_bin NOT NULL DEFAULT '-',
  `anonymous` tinyint(1) NOT NULL DEFAULT '0',
  `parent` int(11) NOT NULL DEFAULT '1',
  `collect` decimal(32,16) NOT NULL DEFAULT '0.0000000000000000',
  `budget` decimal(32,16) NOT NULL DEFAULT '0.0000000000000000',
  `budgetstep` int(11) NOT NULL DEFAULT '1',
  `budgetstepdoc` varchar(45) CHARACTER SET utf8 COLLATE utf8_bin DEFAULT NULL,
  `fundingstep` int(11) NOT NULL DEFAULT '0',
  `professional` int(11) NOT NULL DEFAULT '2',
  `hudget` int(11) NOT NULL DEFAULT '2',
  `E` int(11) NOT NULL DEFAULT '0',
  `T` int(11) NOT NULL DEFAULT '0',
  `C` int(11) NOT NULL DEFAULT '0',
  `I` int(11) NOT NULL DEFAULT '0',
  `F` int(11) NOT NULL DEFAULT '0',
  `U` int(11) NOT NULL DEFAULT '0',
  `D` int(11) NOT NULL DEFAULT '0',
  `created` timestamp NOT NULL DEFAULT CURRENT_TIMESTAMP,
  `updated` timestamp NOT NULL DEFAULT CURRENT_TIMESTAMP ON UPDATE CURRENT_TIMESTAMP,
  PRIMARY KEY (`id`),
  KEY `place` (`place`),
  KEY `projectregistry_ibfk_5_idx` (`projectid`),
  CONSTRAINT `projectregistry_ibfk_4` FOREIGN KEY (`place`) REFERENCES `place` (`id`) ON UPDATE CASCADE,
  CONSTRAINT `projectregistry_ibfk_5` FOREIGN KEY (`projectid`) REFERENCES `project` (`id`) ON UPDATE CASCADE
) ENGINE=InnoDB AUTO_INCREMENT=772 DEFAULT CHARSET=utf8 COLLATE=utf8_bin;
/*!40101 SET character_set_client = @saved_cs_client */;

--
-- Dumping data for table `projectregistry`
--

LOCK TABLES `projectregistry` WRITE;
/*!40000 ALTER TABLE `projectregistry` DISABLE KEYS */;
INSERT INTO `projectregistry` VALUES (769,378,5,4,'Cooperacy Management',1100,260,'Cooperacy planning, progress and project management','-','',0,1,0.8466818878003200,0.0000000000000000,1,NULL,0,1,5,1,1,1,0,1,0,0,'2019-04-23 13:43:29','2020-01-04 14:55:49'),(770,389,5,4,'Cooperacy Research',1,1,'The main research body of Cooperacy.','','',0,1,0.8466818878003200,0.0000000000000000,1,NULL,0,1,2,1,1,1,0,1,0,1,'2019-04-22 18:34:25','2020-01-04 14:55:49'),(771,469,5,2,'FAQ for our website',1100,260,'Cooperacy FAQ page','','',0,402,0.0000000000000000,0.0000000000000000,1,NULL,0,1,2,0,0,0,0,0,0,0,'2019-04-22 18:34:25','2020-01-04 14:55:49');
/*!40000 ALTER TABLE `projectregistry` ENABLE KEYS */;
UNLOCK TABLES;

--
-- Table structure for table `projectvote`
--

DROP TABLE IF EXISTS `projectvote`;
/*!40101 SET @saved_cs_client     = @@character_set_client */;
/*!50503 SET character_set_client = utf8mb4 */;
CREATE TABLE `projectvote` (
  `id` int(11) NOT NULL AUTO_INCREMENT,
  `user` int(11) NOT NULL,
  `project` int(11) NOT NULL,
  `condition` char(1) CHARACTER SET utf8 COLLATE utf8_bin NOT NULL,
  `created` timestamp NOT NULL DEFAULT CURRENT_TIMESTAMP,
  `updated` timestamp NOT NULL DEFAULT CURRENT_TIMESTAMP ON UPDATE CURRENT_TIMESTAMP,
  PRIMARY KEY (`id`),
  KEY `project` (`project`),
  KEY `user` (`user`),
  CONSTRAINT `projectvote_ibfk_5` FOREIGN KEY (`project`) REFERENCES `project` (`id`) ON DELETE CASCADE ON UPDATE CASCADE,
  CONSTRAINT `projectvote_ibfk_6` FOREIGN KEY (`user`) REFERENCES `user` (`id`) ON DELETE CASCADE ON UPDATE CASCADE
) ENGINE=InnoDB AUTO_INCREMENT=1319 DEFAULT CHARSET=utf8 COLLATE=utf8_bin;
/*!40101 SET character_set_client = @saved_cs_client */;

--
-- Dumping data for table `projectvote`
--

LOCK TABLES `projectvote` WRITE;
/*!40000 ALTER TABLE `projectvote` DISABLE KEYS */;
INSERT INTO `projectvote` VALUES (28,40,1,'E','2017-09-03 19:17:31','2019-04-22 15:15:16'),(31,40,1,'T','2017-09-03 19:22:26','2019-04-22 15:15:25'),(32,40,1,'F','2017-09-03 19:22:28','2019-04-22 15:16:03'),(42,40,1,'C','2017-09-03 19:40:52','2019-04-22 15:15:34'),(532,10,1,'D','2017-09-29 11:03:52','2019-04-22 15:16:20'),(533,10,1,'F','2017-09-29 11:03:59','2019-04-22 15:16:03'),(597,10,375,'E','2017-10-03 18:44:45','2019-04-22 15:15:16'),(598,10,375,'C','2017-10-03 18:44:48','2019-04-22 15:15:34'),(602,10,375,'T','2017-10-03 18:51:05','2019-04-22 15:15:25'),(638,12,1,'T','2017-12-06 16:41:24','2019-04-22 15:15:25'),(639,12,1,'E','2017-12-06 16:41:26','2019-04-22 15:15:16'),(640,12,1,'F','2017-12-06 16:41:37','2019-04-22 15:16:03'),(641,12,1,'D','2017-12-06 16:41:41','2019-04-22 15:16:20'),(656,105,1,'E','2017-12-13 21:47:33','2019-04-22 15:15:16'),(657,105,1,'T','2017-12-13 21:47:36','2019-04-22 15:15:25'),(659,105,1,'D','2017-12-13 21:47:59','2019-04-22 15:16:20'),(668,7,434,'T','2017-12-15 11:49:06','2019-04-22 15:15:25'),(669,7,434,'C','2017-12-15 11:49:06','2019-04-22 15:15:34'),(809,10,1,'E','2018-01-16 19:15:23','2019-04-22 15:15:16'),(815,7,581,'E','2018-05-31 10:05:36','2019-04-22 15:15:16'),(822,133,434,'C','2018-07-22 16:11:52','2019-04-22 15:15:34'),(825,133,434,'D','2018-07-22 16:12:00','2019-04-22 15:16:20'),(826,133,434,'F','2018-07-22 16:12:08','2019-04-22 15:16:03'),(829,133,434,'E','2018-07-22 16:12:23','2019-04-22 15:15:16'),(833,17,375,'E','2018-09-16 07:35:10','2019-04-22 15:15:16'),(937,7,581,'U','2019-04-23 15:43:33','2019-04-23 15:43:33'),(994,7,434,'E','2019-04-27 22:49:49','2019-04-27 22:49:49'),(1001,7,733,'E','2019-04-28 10:16:40','2019-04-28 10:16:40'),(1002,7,581,'T','2019-04-28 10:16:46','2019-04-28 10:16:46'),(1010,7,402,'U','2019-04-28 10:25:27','2019-04-28 10:25:27'),(1177,7,401,'T','2019-05-07 17:07:34','2019-05-07 17:07:34'),(1181,7,401,'U','2019-05-07 17:22:01','2019-05-07 17:22:01'),(1186,7,401,'D','2019-05-07 17:51:55','2019-05-07 17:51:55'),(1209,7,1,'E','2019-06-01 00:03:45','2019-06-01 00:03:45'),(1214,7,581,'C','2019-08-10 14:17:37','2019-08-10 14:17:37'),(1220,7,389,'D','2019-10-15 15:02:44','2019-10-15 15:02:44'),(1221,7,389,'C','2019-10-15 15:02:45','2019-10-15 15:02:45'),(1223,7,389,'T','2019-10-15 15:41:58','2019-10-15 15:41:58'),(1224,7,389,'E','2019-10-15 15:41:59','2019-10-15 15:41:59'),(1227,7,378,'C','2019-10-20 23:50:21','2019-10-20 23:50:21'),(1229,7,378,'E','2019-10-26 11:30:53','2019-10-26 11:30:53'),(1236,7,1,'F','2019-11-06 15:33:56','2019-11-06 15:33:56'),(1239,7,378,'F','2019-11-06 23:21:35','2019-11-06 23:21:35'),(1244,7,401,'E','2019-11-08 21:10:39','2019-11-08 21:10:39'),(1271,7,378,'T','2019-11-10 23:57:51','2019-11-10 23:57:51'),(1273,7,1,'T','2019-11-17 16:54:50','2019-11-17 16:54:50'),(1274,7,1,'C','2019-11-17 17:10:39','2019-11-17 17:10:39'),(1275,7,1,'U','2019-11-18 03:13:03','2019-11-18 03:13:03'),(1295,7,389,'F','2019-11-24 09:00:32','2019-11-24 09:00:32'),(1296,7,700,'F','2019-11-24 17:31:03','2019-11-24 17:31:03'),(1306,7,700,'E','2019-11-29 23:56:33','2019-11-29 23:56:33'),(1312,7,700,'C','2019-12-22 17:39:27','2019-12-22 17:39:27'),(1313,7,1,'D','2019-12-24 00:06:39','2019-12-24 00:06:39'),(1314,133,1,'T','2020-01-02 07:55:29','2020-01-02 07:55:29'),(1315,133,1,'C','2020-01-02 07:55:29','2020-01-02 07:55:29'),(1316,133,1,'F','2020-01-02 07:55:33','2020-01-02 07:55:33'),(1317,133,1,'U','2020-01-02 07:55:34','2020-01-02 07:55:34'),(1318,133,1,'D','2020-01-02 07:55:36','2020-01-02 07:55:36');
/*!40000 ALTER TABLE `projectvote` ENABLE KEYS */;
UNLOCK TABLES;

--
-- Table structure for table `removedcvote`
--

DROP TABLE IF EXISTS `removedcvote`;
/*!40101 SET @saved_cs_client     = @@character_set_client */;
/*!50503 SET character_set_client = utf8mb4 */;
CREATE TABLE `removedcvote` (
  `id` int(11) NOT NULL AUTO_INCREMENT,
  `user` int(11) NOT NULL,
  `project` int(11) NOT NULL DEFAULT '1',
  `comment` int(11) NOT NULL,
  `condition` char(1) CHARACTER SET utf8 COLLATE utf8_bin NOT NULL,
  `created` timestamp NOT NULL DEFAULT CURRENT_TIMESTAMP,
  `updated` timestamp NOT NULL DEFAULT CURRENT_TIMESTAMP ON UPDATE CURRENT_TIMESTAMP,
  PRIMARY KEY (`id`),
  KEY `user` (`user`),
  KEY `comment` (`comment`),
  KEY `project` (`project`),
  CONSTRAINT `removedcvote_ibfk_4` FOREIGN KEY (`user`) REFERENCES `user` (`id`) ON DELETE CASCADE ON UPDATE CASCADE,
  CONSTRAINT `removedcvote_ibfk_5` FOREIGN KEY (`comment`) REFERENCES `comment` (`id`) ON DELETE CASCADE ON UPDATE CASCADE,
  CONSTRAINT `removedcvote_ibfk_7` FOREIGN KEY (`project`) REFERENCES `project` (`id`) ON DELETE CASCADE ON UPDATE CASCADE
) ENGINE=InnoDB AUTO_INCREMENT=897 DEFAULT CHARSET=utf8 COLLATE=utf8_bin;
/*!40101 SET character_set_client = @saved_cs_client */;

--
-- Dumping data for table `removedcvote`
--

LOCK TABLES `removedcvote` WRITE;
/*!40000 ALTER TABLE `removedcvote` DISABLE KEYS */;
INSERT INTO `removedcvote` VALUES (833,7,401,403,'D','2019-05-07 17:37:55','2019-05-07 17:37:55'),(834,7,401,403,'D','2019-05-07 17:41:41','2019-05-07 17:41:41'),(835,7,401,403,'D','2019-05-07 17:44:24','2019-05-07 17:44:24'),(836,7,401,404,'D','2019-05-07 17:46:48','2019-05-07 17:46:48'),(837,7,401,403,'D','2019-05-07 17:48:04','2019-05-07 17:48:04'),(838,7,401,482,'T','2019-05-07 17:49:42','2019-05-07 17:49:42'),(839,7,401,404,'U','2019-05-07 17:51:59','2019-05-07 17:51:59'),(840,7,401,404,'U','2019-05-07 17:52:00','2019-05-07 17:52:00'),(841,7,401,404,'U','2019-05-07 17:52:01','2019-05-07 17:52:01'),(842,7,401,476,'D','2019-05-07 17:52:11','2019-05-07 17:52:11'),(843,7,401,404,'D','2019-05-07 17:52:12','2019-05-07 17:52:12'),(844,7,401,404,'U','2019-05-07 17:52:14','2019-05-07 17:52:14'),(845,7,401,404,'T','2019-05-07 17:52:17','2019-05-07 17:52:17'),(846,7,401,404,'E','2019-05-07 17:52:18','2019-05-07 17:52:18'),(847,7,401,403,'E','2019-05-07 17:52:19','2019-05-07 17:52:19'),(848,7,401,403,'T','2019-05-07 17:52:21','2019-05-07 17:52:21'),(849,7,401,403,'C','2019-05-07 17:52:22','2019-05-07 17:52:22'),(850,7,401,403,'I','2019-05-07 17:52:24','2019-05-07 17:52:24'),(851,7,401,403,'F','2019-05-07 17:52:25','2019-05-07 17:52:25'),(852,7,401,403,'U','2019-05-07 17:52:27','2019-05-07 17:52:27'),(853,7,401,403,'D','2019-05-07 17:52:28','2019-05-07 17:52:28'),(854,7,1,339,'E','2019-05-16 18:58:18','2019-05-16 18:58:18'),(856,7,1,342,'E','2019-05-18 22:50:12','2019-05-18 22:50:12'),(857,7,1,340,'I','2019-05-25 17:46:42','2019-05-25 17:46:42'),(858,7,1,339,'U','2019-05-28 08:35:51','2019-05-28 08:35:51'),(859,7,1,339,'E','2019-05-28 08:36:00','2019-05-28 08:36:00'),(860,7,1,340,'E','2019-05-28 08:36:02','2019-05-28 08:36:02'),(861,7,1,341,'E','2019-05-28 08:36:03','2019-05-28 08:36:03'),(862,7,1,342,'E','2019-05-28 08:36:06','2019-05-28 08:36:06'),(863,7,1,343,'E','2019-05-28 08:36:14','2019-05-28 08:36:14'),(864,7,1,344,'E','2019-05-28 08:36:15','2019-05-28 08:36:15'),(865,7,1,356,'E','2019-05-28 08:36:20','2019-05-28 08:36:20'),(866,7,1,343,'E','2019-05-28 16:21:17','2019-05-28 16:21:17'),(867,7,1,342,'E','2019-05-28 16:21:19','2019-05-28 16:21:19'),(868,7,1,341,'E','2019-05-28 16:21:20','2019-05-28 16:21:20'),(869,7,1,340,'E','2019-05-28 16:21:21','2019-05-28 16:21:21'),(870,7,1,339,'E','2019-05-28 16:21:23','2019-05-28 16:21:23'),(874,7,1,569,'I','2019-07-07 13:26:24','2019-07-07 13:26:24'),(875,7,1,388,'I','2019-07-07 13:26:33','2019-07-07 13:26:33'),(876,7,1,377,'I','2019-07-07 13:26:38','2019-07-07 13:26:38'),(877,7,1,365,'I','2019-07-07 13:26:43','2019-07-07 13:26:43'),(878,7,1,367,'I','2019-07-07 13:26:46','2019-07-07 13:26:46'),(879,7,1,569,'I','2019-10-20 23:56:05','2019-10-20 23:56:05'),(880,7,402,427,'C','2019-10-26 15:06:29','2019-10-26 15:06:29'),(881,7,402,427,'C','2019-10-26 15:08:03','2019-10-26 15:08:03'),(882,7,402,427,'C','2019-10-26 15:11:57','2019-10-26 15:11:57'),(883,7,402,595,'E','2019-10-27 01:26:45','2019-10-27 01:26:45'),(884,7,402,595,'E','2019-10-27 01:26:49','2019-10-27 01:26:49'),(885,7,402,595,'E','2019-10-27 01:34:58','2019-10-27 01:34:58'),(886,7,402,563,'E','2019-10-27 01:35:40','2019-10-27 01:35:40'),(888,7,1,431,'T','2019-11-10 23:17:43','2019-11-10 23:17:43'),(889,7,1,429,'T','2019-11-10 23:17:47','2019-11-10 23:17:47'),(890,7,1,569,'T','2019-11-10 23:17:55','2019-11-10 23:17:55'),(891,7,1,431,'T','2019-11-10 23:18:00','2019-11-10 23:18:00'),(892,7,1,569,'E','2019-11-10 23:26:54','2019-11-10 23:26:54'),(893,7,1,429,'C','2019-11-10 23:26:58','2019-11-10 23:26:58'),(894,7,1,431,'T','2019-11-10 23:59:51','2019-11-10 23:59:51'),(896,7,1,569,'I','2019-11-24 09:10:16','2019-11-24 09:10:16');
/*!40000 ALTER TABLE `removedcvote` ENABLE KEYS */;
UNLOCK TABLES;

--
-- Table structure for table `removedpvote`
--

DROP TABLE IF EXISTS `removedpvote`;
/*!40101 SET @saved_cs_client     = @@character_set_client */;
/*!50503 SET character_set_client = utf8mb4 */;
CREATE TABLE `removedpvote` (
  `id` int(11) NOT NULL AUTO_INCREMENT,
  `user` int(11) NOT NULL,
  `project` int(11) NOT NULL,
  `condition` char(1) CHARACTER SET utf8 COLLATE utf8_bin NOT NULL,
  `created` timestamp NOT NULL DEFAULT CURRENT_TIMESTAMP,
  `updated` timestamp NOT NULL DEFAULT CURRENT_TIMESTAMP ON UPDATE CURRENT_TIMESTAMP,
  PRIMARY KEY (`id`),
  KEY `user` (`user`),
  KEY `project` (`project`),
  CONSTRAINT `removedpvote_ibfk_4` FOREIGN KEY (`user`) REFERENCES `user` (`id`) ON DELETE CASCADE ON UPDATE CASCADE,
  CONSTRAINT `removedpvote_ibfk_5` FOREIGN KEY (`project`) REFERENCES `project` (`id`) ON DELETE CASCADE ON UPDATE CASCADE
) ENGINE=InnoDB AUTO_INCREMENT=1291 DEFAULT CHARSET=utf8 COLLATE=utf8_bin;
/*!40101 SET character_set_client = @saved_cs_client */;

--
-- Dumping data for table `removedpvote`
--

LOCK TABLES `removedpvote` WRITE;
/*!40000 ALTER TABLE `removedpvote` DISABLE KEYS */;
INSERT INTO `removedpvote` VALUES (240,10,1,'T','2017-09-16 12:21:35','2019-04-22 15:17:58'),(241,10,1,'T','2017-09-16 12:21:38','2019-04-22 15:17:58'),(242,10,1,'E','2017-09-16 12:22:09','2019-04-22 15:17:47'),(243,10,1,'T','2017-09-16 12:22:19','2019-04-22 15:17:58'),(244,10,1,'E','2017-09-16 12:23:34','2019-04-22 15:17:47'),(245,10,1,'T','2017-09-16 12:23:38','2019-04-22 15:17:58'),(246,10,1,'T','2017-09-16 12:23:40','2019-04-22 15:17:58'),(247,10,1,'T','2017-09-16 12:23:42','2019-04-22 15:17:58'),(248,10,1,'T','2017-09-16 12:23:44','2019-04-22 15:17:58'),(249,10,1,'T','2017-09-16 12:23:46','2019-04-22 15:17:58'),(250,10,1,'E','2017-09-16 12:23:47','2019-04-22 15:17:47'),(251,10,1,'T','2017-09-16 12:23:48','2019-04-22 15:17:58'),(252,10,1,'E','2017-09-16 12:23:57','2019-04-22 15:17:47'),(253,10,1,'E','2017-09-16 12:23:59','2019-04-22 15:17:47'),(254,10,1,'E','2017-09-16 12:24:02','2019-04-22 15:17:47'),(255,10,1,'T','2017-09-16 12:24:11','2019-04-22 15:17:58'),(256,10,1,'T','2017-09-16 12:24:13','2019-04-22 15:17:58'),(257,10,1,'T','2017-09-16 12:24:19','2019-04-22 15:17:58'),(258,10,1,'T','2017-09-16 12:24:24','2019-04-22 15:17:58'),(259,10,1,'E','2017-09-16 12:24:26','2019-04-22 15:17:47'),(260,10,1,'E','2017-09-16 12:24:29','2019-04-22 15:17:47'),(261,10,1,'E','2017-09-16 12:24:44','2019-04-22 15:17:47'),(262,10,1,'E','2017-09-16 12:24:46','2019-04-22 15:17:47'),(263,10,1,'E','2017-09-16 12:26:33','2019-04-22 15:17:47'),(264,10,1,'E','2017-09-16 12:26:36','2019-04-22 15:17:47'),(265,10,1,'E','2017-09-16 12:29:04','2019-04-22 15:17:47'),(266,10,1,'E','2017-09-16 12:29:10','2019-04-22 15:17:47'),(267,10,1,'E','2017-09-16 12:31:26','2019-04-22 15:17:47'),(268,10,1,'E','2017-09-16 12:31:32','2019-04-22 15:17:47'),(269,10,1,'E','2017-09-16 12:31:52','2019-04-22 15:17:47'),(270,10,1,'E','2017-09-16 12:32:18','2019-04-22 15:17:47'),(271,10,1,'E','2017-09-16 12:32:20','2019-04-22 15:17:47'),(272,10,1,'E','2017-09-16 12:32:21','2019-04-22 15:17:47'),(273,10,1,'E','2017-09-16 12:32:27','2019-04-22 15:17:47'),(274,10,1,'E','2017-09-16 12:32:38','2019-04-22 15:17:47'),(275,10,1,'E','2017-09-16 12:32:45','2019-04-22 15:17:47'),(276,10,1,'E','2017-09-16 12:32:49','2019-04-22 15:17:47'),(277,10,1,'E','2017-09-16 12:33:07','2019-04-22 15:17:47'),(278,10,1,'E','2017-09-16 12:33:20','2019-04-22 15:17:47'),(279,10,1,'E','2017-09-16 12:34:21','2019-04-22 15:17:47'),(280,10,1,'E','2017-09-16 12:36:12','2019-04-22 15:17:47'),(281,10,1,'E','2017-09-16 12:36:14','2019-04-22 15:17:47'),(282,10,1,'E','2017-09-16 12:36:20','2019-04-22 15:17:47'),(283,10,1,'E','2017-09-16 12:36:22','2019-04-22 15:17:47'),(284,10,1,'E','2017-09-16 12:36:25','2019-04-22 15:17:47'),(285,10,1,'E','2017-09-16 12:38:26','2019-04-22 15:17:47'),(286,10,1,'T','2017-09-16 12:39:01','2019-04-22 15:17:58'),(287,10,1,'T','2017-09-16 12:39:06','2019-04-22 15:17:58'),(288,10,1,'E','2017-09-16 12:54:37','2019-04-22 15:17:47'),(289,10,1,'E','2017-09-16 12:54:40','2019-04-22 15:17:47'),(290,10,1,'E','2017-09-16 12:54:42','2019-04-22 15:17:47'),(291,10,1,'E','2017-09-16 12:54:46','2019-04-22 15:17:47'),(292,10,1,'E','2017-09-16 12:54:48','2019-04-22 15:17:47'),(293,10,1,'E','2017-09-16 12:54:51','2019-04-22 15:17:47'),(294,10,1,'E','2017-09-16 12:55:05','2019-04-22 15:17:47'),(295,10,1,'E','2017-09-16 12:55:08','2019-04-22 15:17:47'),(296,10,1,'E','2017-09-16 12:55:11','2019-04-22 15:17:47'),(297,10,1,'E','2017-09-16 13:00:28','2019-04-22 15:17:47'),(298,10,1,'E','2017-09-16 13:00:52','2019-04-22 15:17:47'),(299,10,1,'E','2017-09-16 13:00:54','2019-04-22 15:17:47'),(300,10,1,'E','2017-09-16 13:00:57','2019-04-22 15:17:47'),(301,10,1,'T','2017-09-16 13:03:45','2019-04-22 15:17:58'),(302,10,1,'T','2017-09-16 13:04:03','2019-04-22 15:17:58'),(303,10,1,'T','2017-09-16 13:04:06','2019-04-22 15:17:58'),(304,10,1,'T','2017-09-16 13:04:08','2019-04-22 15:17:58'),(305,10,1,'T','2017-09-16 13:04:10','2019-04-22 15:17:58'),(306,10,1,'T','2017-09-16 13:04:12','2019-04-22 15:17:58'),(307,10,1,'T','2017-09-16 13:04:20','2019-04-22 15:17:58'),(308,10,1,'T','2017-09-16 13:05:56','2019-04-22 15:17:58'),(309,10,1,'T','2017-09-16 13:05:58','2019-04-22 15:17:58'),(310,10,1,'E','2017-09-16 13:07:01','2019-04-22 15:17:47'),(311,10,1,'E','2017-09-16 13:07:05','2019-04-22 15:17:47'),(312,10,1,'T','2017-09-16 13:08:33','2019-04-22 15:17:58'),(313,10,1,'E','2017-09-16 13:08:42','2019-04-22 15:17:47'),(314,10,1,'T','2017-09-16 13:08:45','2019-04-22 15:17:58'),(315,10,1,'E','2017-09-16 13:10:06','2019-04-22 15:17:47'),(316,10,1,'T','2017-09-16 13:10:07','2019-04-22 15:17:58'),(317,10,1,'E','2017-09-16 13:10:12','2019-04-22 15:17:47'),(318,10,1,'E','2017-09-16 13:12:59','2019-04-22 15:17:47'),(319,10,1,'T','2017-09-16 13:13:02','2019-04-22 15:17:58'),(320,10,1,'E','2017-09-16 13:13:06','2019-04-22 15:17:47'),(321,10,1,'E','2017-09-16 13:13:11','2019-04-22 15:17:47'),(322,10,1,'T','2017-09-16 13:13:14','2019-04-22 15:17:58'),(323,10,1,'E','2017-09-16 13:13:40','2019-04-22 15:17:47'),(324,10,1,'T','2017-09-16 13:14:02','2019-04-22 15:17:58'),(325,10,1,'E','2017-09-16 13:15:44','2019-04-22 15:17:47'),(326,10,1,'C','2017-09-16 13:18:09','2019-04-22 15:18:12'),(327,10,1,'C','2017-09-16 13:18:34','2019-04-22 15:18:12'),(328,10,1,'C','2017-09-16 13:18:55','2019-04-22 15:18:12'),(329,10,1,'C','2017-09-16 13:19:53','2019-04-22 15:18:12'),(330,10,1,'I','2017-09-16 13:32:04','2019-04-22 15:18:20'),(331,10,1,'E','2017-09-16 13:32:29','2019-04-22 15:17:47'),(332,10,1,'C','2017-09-16 13:32:30','2019-04-22 15:18:12'),(333,10,1,'F','2017-09-16 13:35:23','2019-04-22 15:18:45'),(334,10,1,'F','2017-09-16 13:40:06','2019-04-22 15:18:45'),(335,10,1,'F','2017-09-16 13:40:09','2019-04-22 15:18:45'),(336,10,1,'D','2017-09-16 13:43:29','2019-04-22 15:19:12'),(337,10,1,'I','2017-09-16 13:43:40','2019-04-22 15:18:20'),(338,10,1,'T','2017-09-16 13:44:44','2019-04-22 15:17:58'),(339,10,1,'I','2017-09-16 13:44:46','2019-04-22 15:18:20'),(340,10,1,'D','2017-09-16 13:44:59','2019-04-22 15:19:12'),(341,10,1,'C','2017-09-16 13:45:03','2019-04-22 15:18:12'),(342,10,1,'D','2017-09-16 13:48:29','2019-04-22 15:19:12'),(343,10,1,'D','2017-09-16 13:48:34','2019-04-22 15:19:12'),(344,10,1,'D','2017-09-16 13:48:38','2019-04-22 15:19:12'),(345,10,1,'T','2017-09-16 13:59:04','2019-04-22 15:17:58'),(346,10,1,'D','2017-09-16 13:59:09','2019-04-22 15:19:12'),(347,10,1,'I','2017-09-16 13:59:24','2019-04-22 15:18:20'),(348,10,1,'I','2017-09-16 14:08:02','2019-04-22 15:18:20'),(349,10,1,'C','2017-09-16 14:08:22','2019-04-22 15:18:12'),(350,10,1,'F','2017-09-16 14:11:00','2019-04-22 15:18:45'),(351,10,1,'I','2017-09-16 14:13:57','2019-04-22 15:18:20'),(352,10,1,'C','2017-09-16 14:49:17','2019-04-22 15:18:12'),(392,10,1,'E','2017-09-16 16:56:03','2019-04-22 15:17:47'),(393,10,1,'E','2017-09-16 16:59:38','2019-04-22 15:17:47'),(394,10,1,'E','2017-09-16 16:59:49','2019-04-22 15:17:47'),(395,10,1,'E','2017-09-16 17:00:55','2019-04-22 15:17:47'),(396,10,1,'E','2017-09-16 17:01:14','2019-04-22 15:17:47'),(397,10,1,'E','2017-09-16 17:03:28','2019-04-22 15:17:47'),(398,10,1,'E','2017-09-16 17:04:45','2019-04-22 15:17:47'),(399,10,1,'E','2017-09-16 17:04:55','2019-04-22 15:17:47'),(400,10,1,'E','2017-09-16 17:05:21','2019-04-22 15:17:47'),(401,10,1,'E','2017-09-16 17:08:01','2019-04-22 15:17:47'),(402,10,1,'I','2017-09-16 17:08:02','2019-04-22 15:18:20'),(407,10,1,'I','2017-09-16 17:10:49','2019-04-22 15:18:20'),(411,10,1,'E','2017-09-16 17:13:31','2019-04-22 15:17:47'),(412,10,1,'E','2017-09-16 17:14:07','2019-04-22 15:17:47'),(413,10,1,'E','2017-09-16 17:14:28','2019-04-22 15:17:47'),(414,10,1,'E','2017-09-16 17:14:30','2019-04-22 15:17:47'),(415,10,1,'E','2017-09-16 17:15:33','2019-04-22 15:17:47'),(417,10,1,'D','2017-09-16 17:15:37','2019-04-22 15:19:12'),(422,10,1,'E','2017-09-16 17:17:25','2019-04-22 15:17:47'),(426,10,1,'E','2017-09-16 17:19:13','2019-04-22 15:17:47'),(427,10,1,'E','2017-09-16 17:21:22','2019-04-22 15:17:47'),(428,10,1,'E','2017-09-16 17:21:24','2019-04-22 15:17:47'),(429,10,1,'E','2017-09-16 17:22:58','2019-04-22 15:17:47'),(430,10,1,'E','2017-09-16 17:23:01','2019-04-22 15:17:47'),(431,10,1,'E','2017-09-16 17:23:07','2019-04-22 15:17:47'),(432,10,1,'E','2017-09-16 17:23:11','2019-04-22 15:17:47'),(433,10,1,'E','2017-09-16 17:23:16','2019-04-22 15:17:47'),(434,10,1,'E','2017-09-16 17:23:20','2019-04-22 15:17:47'),(435,10,1,'E','2017-09-16 17:25:37','2019-04-22 15:17:47'),(436,10,1,'T','2017-09-16 17:27:52','2019-04-22 15:17:58'),(437,10,1,'E','2017-09-16 17:28:02','2019-04-22 15:17:47'),(438,10,1,'E','2017-09-16 17:28:11','2019-04-22 15:17:47'),(439,10,1,'T','2017-09-16 17:28:19','2019-04-22 15:17:58'),(440,10,1,'C','2017-09-16 17:30:13','2019-04-22 15:18:12'),(441,10,1,'C','2017-09-16 17:30:18','2019-04-22 15:18:12'),(443,10,1,'I','2017-09-16 17:32:22','2019-04-22 15:18:20'),(444,10,1,'F','2017-09-16 17:34:19','2019-04-22 15:18:45'),(445,10,1,'F','2017-09-16 17:34:27','2019-04-22 15:18:45'),(446,10,1,'D','2017-09-16 17:40:01','2019-04-22 15:19:12'),(449,10,1,'C','2017-09-16 17:42:26','2019-04-22 15:18:12'),(452,7,1,'E','2017-09-16 20:23:03','2019-04-22 15:17:47'),(453,10,1,'E','2017-09-16 21:44:36','2019-04-22 15:17:47'),(454,10,1,'E','2017-09-16 21:44:41','2019-04-22 15:17:47'),(455,10,1,'T','2017-09-16 21:46:28','2019-04-22 15:17:58'),(456,10,1,'T','2017-09-16 21:46:53','2019-04-22 15:17:58'),(457,10,1,'T','2017-09-16 21:49:45','2019-04-22 15:17:58'),(471,10,1,'T','2017-09-17 12:12:13','2019-04-22 15:17:58'),(484,10,1,'E','2017-09-17 15:23:49','2019-04-22 15:17:47'),(485,10,1,'E','2017-09-17 15:23:56','2019-04-22 15:17:47'),(487,10,1,'E','2017-09-17 15:33:26','2019-04-22 15:17:47'),(495,10,1,'E','2017-09-17 16:05:16','2019-04-22 15:17:47'),(500,10,1,'I','2017-09-17 16:06:02','2019-04-22 15:18:20'),(502,10,1,'E','2017-09-17 17:17:07','2019-04-22 15:17:47'),(507,10,1,'I','2017-09-17 17:22:47','2019-04-22 15:18:20'),(508,10,1,'I','2017-09-17 17:22:49','2019-04-22 15:18:20'),(513,10,1,'E','2017-09-17 19:37:55','2019-04-22 15:17:47'),(521,10,1,'E','2017-09-29 10:46:27','2019-04-22 15:17:47'),(522,10,1,'E','2017-09-29 10:46:43','2019-04-22 15:17:47'),(529,10,1,'E','2017-09-29 11:03:30','2019-04-22 15:17:47'),(530,10,1,'T','2017-09-29 11:03:39','2019-04-22 15:17:58'),(531,10,1,'I','2017-09-29 11:03:43','2019-04-22 15:18:20'),(582,12,1,'E','2017-10-02 19:20:45','2019-04-22 15:17:47'),(583,12,1,'T','2017-10-02 19:20:47','2019-04-22 15:17:58'),(584,12,1,'F','2017-10-02 19:20:55','2019-04-22 15:18:45'),(585,12,1,'D','2017-10-02 19:20:58','2019-04-22 15:19:12'),(589,7,1,'I','2017-10-03 17:35:05','2019-04-22 15:18:20'),(590,7,1,'E','2017-10-03 17:35:23','2019-04-22 15:17:47'),(594,7,1,'E','2017-10-03 17:54:01','2019-04-22 15:17:47'),(595,7,1,'D','2017-10-03 17:56:00','2019-04-22 15:19:12'),(596,7,375,'E','2017-10-03 18:44:32','2019-04-22 15:17:47'),(599,7,375,'E','2017-10-03 18:45:08','2019-04-22 15:17:47'),(609,7,378,'E','2017-10-15 16:42:29','2019-04-22 15:17:47'),(624,7,389,'D','2017-10-20 21:24:11','2019-04-22 15:19:12'),(630,7,1,'I','2017-11-24 23:39:36','2019-04-22 15:18:20'),(658,105,1,'D','2017-12-13 21:47:55','2019-04-22 15:19:12'),(670,7,434,'I','2017-12-15 11:49:08','2019-04-22 15:18:20'),(719,7,1,'I','2017-12-30 17:09:45','2019-04-22 15:18:20'),(731,7,1,'I','2018-01-07 16:40:04','2019-04-22 15:18:20'),(739,10,1,'I','2018-01-08 17:47:38','2019-04-22 15:18:20'),(740,10,1,'E','2018-01-08 17:47:47','2019-04-22 15:17:47'),(741,10,375,'D','2018-01-08 17:51:41','2019-04-22 15:19:12'),(744,10,1,'C','2018-01-13 23:16:20','2019-04-22 15:18:12'),(756,10,1,'I','2018-01-15 22:29:48','2019-04-22 15:18:20'),(757,10,375,'I','2018-01-15 22:30:08','2019-04-22 15:18:20'),(758,10,378,'I','2018-01-15 22:31:37','2019-04-22 15:18:20'),(759,10,378,'I','2018-01-15 22:38:17','2019-04-22 15:18:20'),(760,10,378,'F','2018-01-15 22:42:30','2019-04-22 15:18:45'),(761,10,378,'I','2018-01-15 22:43:51','2019-04-22 15:18:20'),(762,10,378,'I','2018-01-15 22:44:01','2019-04-22 15:18:20'),(770,10,1,'E','2018-01-16 16:51:50','2019-04-22 15:17:47'),(771,10,1,'E','2018-01-16 16:55:14','2019-04-22 15:17:47'),(772,10,1,'E','2018-01-16 16:55:32','2019-04-22 15:17:47'),(773,10,1,'E','2018-01-16 17:20:22','2019-04-22 15:17:47'),(775,10,1,'E','2018-01-16 17:21:40','2019-04-22 15:17:47'),(777,10,1,'E','2018-01-16 17:25:12','2019-04-22 15:17:47'),(780,10,1,'E','2018-01-16 17:25:37','2019-04-22 15:17:47'),(781,10,1,'E','2018-01-16 17:32:10','2019-04-22 15:17:47'),(783,10,1,'E','2018-01-16 17:32:27','2019-04-22 15:17:47'),(785,10,1,'E','2018-01-16 17:38:25','2019-04-22 15:17:47'),(787,10,1,'E','2018-01-16 17:40:05','2019-04-22 15:17:47'),(789,10,1,'E','2018-01-16 17:41:21','2019-04-22 15:17:47'),(791,10,1,'E','2018-01-16 17:42:57','2019-04-22 15:17:47'),(793,10,1,'E','2018-01-16 17:43:23','2019-04-22 15:17:47'),(795,10,1,'E','2018-01-16 17:44:11','2019-04-22 15:17:47'),(796,10,1,'E','2018-01-16 17:44:27','2019-04-22 15:17:47'),(798,10,1,'E','2018-01-16 17:50:15','2019-04-22 15:17:47'),(804,10,1,'E','2018-01-16 18:04:16','2019-04-22 15:17:47'),(808,10,1,'E','2018-01-16 18:15:00','2019-04-22 15:17:47'),(820,133,434,'E','2018-07-22 16:11:09','2019-04-22 15:17:47'),(821,133,434,'E','2018-07-22 16:11:09','2019-04-22 15:17:47'),(824,133,434,'F','2018-07-22 16:11:56','2019-04-22 15:18:45'),(827,133,434,'T','2018-07-22 16:12:16','2019-04-22 15:17:58'),(828,133,434,'E','2018-07-22 16:12:20','2019-04-22 15:17:47'),(838,141,378,'I','2018-10-01 20:11:03','2019-04-22 15:18:20'),(839,7,378,'I','2018-10-01 20:11:37','2019-04-22 15:18:20'),(848,7,1,'E','2019-04-22 15:32:35','2019-04-22 15:32:35'),(849,7,1,'E','2019-04-22 15:34:16','2019-04-22 15:34:16'),(850,7,1,'E','2019-04-22 15:43:39','2019-04-22 15:43:39'),(851,7,1,'E','2019-04-22 15:45:43','2019-04-22 15:45:43'),(852,7,1,'E','2019-04-22 15:46:36','2019-04-22 15:46:36'),(853,7,1,'E','2019-04-22 15:48:04','2019-04-22 15:48:04'),(854,7,1,'E','2019-04-22 15:48:43','2019-04-22 15:48:43'),(860,7,1,'E','2019-04-22 19:00:57','2019-04-22 19:00:57'),(861,7,375,'E','2019-04-22 23:38:14','2019-04-22 23:38:14'),(862,7,375,'E','2019-04-22 23:38:16','2019-04-22 23:38:16'),(863,7,375,'E','2019-04-22 23:40:16','2019-04-22 23:40:16'),(864,7,1,'E','2019-04-23 09:19:43','2019-04-23 09:19:43'),(865,7,1,'E','2019-04-23 09:22:03','2019-04-23 09:22:03'),(866,7,1,'E','2019-04-23 09:22:19','2019-04-23 09:22:19'),(867,7,1,'E','2019-04-23 09:22:42','2019-04-23 09:22:42'),(868,7,1,'E','2019-04-23 09:23:42','2019-04-23 09:23:42'),(869,7,1,'E','2019-04-23 09:41:17','2019-04-23 09:41:17'),(870,7,1,'E','2019-04-23 13:11:05','2019-04-23 13:11:05'),(871,7,1,'E','2019-04-23 14:30:48','2019-04-23 14:30:48'),(872,7,1,'E','2019-04-23 14:36:30','2019-04-23 14:36:30'),(873,7,1,'E','2019-04-23 14:50:20','2019-04-23 14:50:20'),(874,7,1,'E','2019-04-23 14:56:17','2019-04-23 14:56:17'),(875,7,1,'E','2019-04-23 15:02:59','2019-04-23 15:02:59'),(876,7,1,'E','2019-04-23 15:04:50','2019-04-23 15:04:50'),(877,7,1,'E','2019-04-23 15:11:18','2019-04-23 15:11:18'),(878,7,1,'E','2019-04-23 15:23:46','2019-04-23 15:23:46'),(879,7,1,'E','2019-04-23 15:30:45','2019-04-23 15:30:45'),(880,7,1,'E','2019-04-23 15:32:28','2019-04-23 15:32:28'),(881,7,1,'E','2019-04-23 15:33:03','2019-04-23 15:33:03'),(882,7,1,'E','2019-04-23 15:33:05','2019-04-23 15:33:05'),(883,7,1,'E','2019-04-23 15:33:06','2019-04-23 15:33:06'),(884,7,1,'E','2019-04-23 15:36:50','2019-04-23 15:36:50'),(885,7,1,'E','2019-04-23 15:43:07','2019-04-23 15:43:07'),(886,7,1,'E','2019-04-23 15:43:09','2019-04-23 15:43:09'),(887,7,1,'E','2019-04-23 15:43:09','2019-04-23 15:43:09'),(888,7,1,'E','2019-04-23 15:43:10','2019-04-23 15:43:10'),(889,7,1,'E','2019-04-23 15:43:10','2019-04-23 15:43:10'),(890,7,1,'E','2019-04-23 15:43:10','2019-04-23 15:43:10'),(891,7,1,'E','2019-04-23 15:43:11','2019-04-23 15:43:11'),(892,7,1,'T','2019-04-23 15:43:12','2019-04-23 15:43:12'),(893,7,1,'T','2019-04-23 15:43:13','2019-04-23 15:43:13'),(894,7,1,'T','2019-04-23 15:43:13','2019-04-23 15:43:13'),(895,7,1,'T','2019-04-23 15:43:13','2019-04-23 15:43:13'),(896,7,375,'T','2019-04-23 15:43:14','2019-04-23 15:43:14'),(897,7,375,'T','2019-04-23 15:43:15','2019-04-23 15:43:15'),(898,7,375,'T','2019-04-23 15:43:15','2019-04-23 15:43:15'),(899,7,375,'T','2019-04-23 15:43:15','2019-04-23 15:43:15'),(900,7,375,'C','2019-04-23 15:43:19','2019-04-23 15:43:19'),(901,7,375,'C','2019-04-23 15:43:20','2019-04-23 15:43:20'),(902,7,375,'C','2019-04-23 15:43:20','2019-04-23 15:43:20'),(903,7,375,'C','2019-04-23 15:43:20','2019-04-23 15:43:20'),(904,7,375,'C','2019-04-23 15:43:21','2019-04-23 15:43:21'),(905,7,378,'I','2019-04-23 15:43:24','2019-04-23 15:43:24'),(906,7,378,'I','2019-04-23 15:43:24','2019-04-23 15:43:24'),(907,7,378,'I','2019-04-23 15:43:24','2019-04-23 15:43:24'),(908,7,378,'F','2019-04-23 15:43:25','2019-04-23 15:43:25'),(909,7,378,'F','2019-04-23 15:43:26','2019-04-23 15:43:26'),(910,7,378,'U','2019-04-23 15:43:27','2019-04-23 15:43:27'),(911,7,378,'U','2019-04-23 15:43:27','2019-04-23 15:43:27'),(912,7,378,'U','2019-04-23 15:43:29','2019-04-23 15:43:29'),(913,7,378,'U','2019-04-23 15:43:29','2019-04-23 15:43:29'),(914,7,581,'U','2019-04-23 15:43:33','2019-04-23 15:43:33'),(915,7,581,'U','2019-04-23 15:43:33','2019-04-23 15:43:33'),(916,7,1,'E','2019-04-23 17:07:24','2019-04-23 17:07:24'),(917,7,1,'E','2019-04-23 17:09:22','2019-04-23 17:09:22'),(918,7,1,'E','2019-04-23 17:09:52','2019-04-23 17:09:52'),(919,7,1,'E','2019-04-23 17:10:03','2019-04-23 17:10:03'),(920,7,1,'E','2019-04-23 17:10:05','2019-04-23 17:10:05'),(921,7,1,'E','2019-04-23 17:11:24','2019-04-23 17:11:24'),(922,7,1,'E','2019-04-23 17:11:26','2019-04-23 17:11:26'),(923,7,1,'E','2019-04-23 17:11:27','2019-04-23 17:11:27'),(924,7,1,'E','2019-04-23 17:11:29','2019-04-23 17:11:29'),(925,7,1,'E','2019-04-23 17:11:30','2019-04-23 17:11:30'),(926,7,1,'E','2019-04-23 17:11:31','2019-04-23 17:11:31'),(927,7,1,'T','2019-04-23 17:11:33','2019-04-23 17:11:33'),(928,7,375,'F','2019-04-23 17:11:35','2019-04-23 17:11:35'),(929,7,1,'E','2019-04-23 17:13:25','2019-04-23 17:13:25'),(930,7,1,'E','2019-04-23 17:13:26','2019-04-23 17:13:26'),(931,7,1,'E','2019-04-23 17:13:31','2019-04-23 17:13:31'),(932,7,1,'E','2019-04-23 17:14:11','2019-04-23 17:14:11'),(933,7,1,'E','2019-04-23 17:17:31','2019-04-23 17:17:31'),(934,7,1,'E','2019-04-23 17:20:24','2019-04-23 17:20:24'),(935,7,1,'E','2019-04-23 17:21:10','2019-04-23 17:21:10'),(936,7,1,'T','2019-04-23 17:21:11','2019-04-23 17:21:11'),(937,7,1,'T','2019-04-23 17:21:12','2019-04-23 17:21:12'),(938,7,1,'T','2019-04-23 17:21:12','2019-04-23 17:21:12'),(939,7,1,'T','2019-04-23 17:21:13','2019-04-23 17:21:13'),(940,7,1,'T','2019-04-23 17:21:13','2019-04-23 17:21:13'),(941,7,375,'T','2019-04-23 17:21:14','2019-04-23 17:21:14'),(942,7,375,'T','2019-04-23 17:21:14','2019-04-23 17:21:14'),(943,7,375,'T','2019-04-23 17:21:15','2019-04-23 17:21:15'),(944,7,1,'E','2019-04-23 17:24:41','2019-04-23 17:24:41'),(945,7,1,'E','2019-04-23 17:24:44','2019-04-23 17:24:44'),(946,7,1,'E','2019-04-23 17:28:07','2019-04-23 17:28:07'),(947,7,1,'E','2019-04-23 17:28:08','2019-04-23 17:28:08'),(948,7,1,'E','2019-04-23 17:28:08','2019-04-23 17:28:08'),(949,7,1,'E','2019-04-23 17:28:08','2019-04-23 17:28:08'),(950,7,1,'E','2019-04-23 17:28:09','2019-04-23 17:28:09'),(951,7,1,'E','2019-04-23 17:28:09','2019-04-23 17:28:09'),(952,7,1,'E','2019-04-23 17:28:09','2019-04-23 17:28:09'),(953,7,1,'E','2019-04-23 22:15:18','2019-04-23 22:15:18'),(954,7,1,'E','2019-04-23 22:15:45','2019-04-23 22:15:45'),(955,7,1,'E','2019-04-23 22:16:16','2019-04-23 22:16:16'),(956,7,1,'E','2019-04-23 22:16:44','2019-04-23 22:16:44'),(957,7,1,'E','2019-04-23 23:08:15','2019-04-23 23:08:15'),(958,7,1,'E','2019-04-23 23:08:16','2019-04-23 23:08:16'),(959,7,1,'E','2019-04-23 23:55:13','2019-04-23 23:55:13'),(960,7,1,'E','2019-04-23 23:55:20','2019-04-23 23:55:20'),(961,7,1,'E','2019-04-23 23:55:22','2019-04-23 23:55:22'),(962,7,1,'F','2019-04-24 18:04:56','2019-04-24 18:04:56'),(963,7,1,'U','2019-04-24 18:04:58','2019-04-24 18:04:58'),(964,7,1,'C','2019-04-24 20:48:14','2019-04-24 20:48:14'),(965,7,1,'E','2019-04-25 15:57:40','2019-04-25 15:57:40'),(966,7,1,'E','2019-04-25 15:57:45','2019-04-25 15:57:45'),(967,7,1,'E','2019-04-25 16:02:04','2019-04-25 16:02:04'),(968,7,1,'U','2019-04-27 22:40:27','2019-04-27 22:40:27'),(969,7,1,'F','2019-04-27 22:40:30','2019-04-27 22:40:30'),(970,7,1,'F','2019-04-27 22:48:36','2019-04-27 22:48:36'),(971,7,1,'E','2019-04-27 22:48:55','2019-04-27 22:48:55'),(972,7,1,'E','2019-04-27 22:48:59','2019-04-27 22:48:59'),(973,7,732,'E','2019-04-27 22:49:37','2019-04-27 22:49:37'),(974,7,434,'E','2019-04-27 22:49:48','2019-04-27 22:49:48'),(975,7,1,'U','2019-04-27 23:10:50','2019-04-27 23:10:50'),(976,7,1,'T','2019-04-27 23:41:34','2019-04-27 23:41:34'),(977,7,1,'T','2019-04-27 23:47:01','2019-04-27 23:47:01'),(978,7,1,'U','2019-04-28 02:56:37','2019-04-28 02:56:37'),(979,7,1,'U','2019-04-28 02:56:39','2019-04-28 02:56:39'),(980,7,1,'C','2019-04-28 10:17:36','2019-04-28 10:17:36'),(981,7,1,'I','2019-04-28 10:24:04','2019-04-28 10:24:04'),(982,7,375,'C','2019-04-28 10:24:14','2019-04-28 10:24:14'),(983,7,375,'C','2019-04-28 10:24:16','2019-04-28 10:24:16'),(986,7,375,'E','2019-04-28 10:25:45','2019-04-28 10:25:45'),(987,7,1,'T','2019-04-29 10:04:42','2019-04-29 10:04:42'),(988,7,1,'T','2019-04-29 10:31:02','2019-04-29 10:31:02'),(989,7,1,'T','2019-04-29 20:10:11','2019-04-29 20:10:11'),(990,7,1,'T','2019-04-29 20:15:43','2019-04-29 20:15:43'),(991,7,1,'T','2019-04-29 20:16:27','2019-04-29 20:16:27'),(992,7,1,'T','2019-04-29 20:18:49','2019-04-29 20:18:49'),(993,7,1,'T','2019-04-29 20:19:52','2019-04-29 20:19:52'),(994,7,1,'E','2019-05-01 06:34:06','2019-05-01 06:34:06'),(995,7,1,'I','2019-05-01 09:02:07','2019-05-01 09:02:07'),(996,7,1,'F','2019-05-01 09:03:19','2019-05-01 09:03:19'),(997,7,1,'F','2019-05-01 09:03:23','2019-05-01 09:03:23'),(998,7,1,'U','2019-05-01 09:03:25','2019-05-01 09:03:25'),(999,7,1,'I','2019-05-01 09:03:28','2019-05-01 09:03:28'),(1000,7,1,'C','2019-05-01 09:03:31','2019-05-01 09:03:31'),(1001,7,1,'I','2019-05-01 09:03:32','2019-05-01 09:03:32'),(1002,7,1,'F','2019-05-01 09:03:35','2019-05-01 09:03:35'),(1003,7,1,'C','2019-05-01 09:03:39','2019-05-01 09:03:39'),(1004,7,1,'C','2019-05-01 09:03:40','2019-05-01 09:03:40'),(1005,7,1,'C','2019-05-01 11:05:37','2019-05-01 11:05:37'),(1006,7,1,'C','2019-05-01 11:08:20','2019-05-01 11:08:20'),(1007,7,1,'C','2019-05-01 11:11:38','2019-05-01 11:11:38'),(1008,7,1,'T','2019-05-01 11:13:46','2019-05-01 11:13:46'),(1009,7,1,'C','2019-05-01 11:34:48','2019-05-01 11:34:48'),(1010,7,1,'T','2019-05-01 11:37:40','2019-05-01 11:37:40'),(1011,7,1,'T','2019-05-01 11:38:47','2019-05-01 11:38:47'),(1012,7,1,'T','2019-05-01 11:41:45','2019-05-01 11:41:45'),(1013,7,1,'T','2019-05-01 11:43:37','2019-05-01 11:43:37'),(1014,7,1,'C','2019-05-01 11:48:23','2019-05-01 11:48:23'),(1015,7,1,'C','2019-05-01 11:49:57','2019-05-01 11:49:57'),(1016,7,1,'C','2019-05-01 11:56:37','2019-05-01 11:56:37'),(1017,7,1,'C','2019-05-01 11:56:39','2019-05-01 11:56:39'),(1018,7,1,'D','2019-05-01 11:58:55','2019-05-01 11:58:55'),(1019,7,1,'D','2019-05-01 11:59:04','2019-05-01 11:59:04'),(1020,7,1,'U','2019-05-01 11:59:07','2019-05-01 11:59:07'),(1021,7,1,'E','2019-05-01 11:59:22','2019-05-01 11:59:22'),(1022,7,1,'C','2019-05-01 12:01:43','2019-05-01 12:01:43'),(1023,7,1,'C','2019-05-01 12:01:44','2019-05-01 12:01:44'),(1024,7,1,'T','2019-05-01 12:01:45','2019-05-01 12:01:45'),(1025,7,1,'T','2019-05-01 12:01:52','2019-05-01 12:01:52'),(1026,7,1,'T','2019-05-01 12:06:54','2019-05-01 12:06:54'),(1027,7,1,'C','2019-05-01 12:06:57','2019-05-01 12:06:57'),(1028,7,1,'F','2019-05-01 12:06:59','2019-05-01 12:06:59'),(1029,7,1,'F','2019-05-01 12:11:54','2019-05-01 12:11:54'),(1030,7,1,'F','2019-05-01 12:12:53','2019-05-01 12:12:53'),(1031,7,1,'F','2019-05-01 12:13:01','2019-05-01 12:13:01'),(1032,7,1,'U','2019-05-01 12:13:03','2019-05-01 12:13:03'),(1033,7,1,'U','2019-05-01 12:13:08','2019-05-01 12:13:08'),(1034,7,1,'E','2019-05-01 12:13:15','2019-05-01 12:13:15'),(1035,7,1,'T','2019-05-01 12:13:16','2019-05-01 12:13:16'),(1036,7,1,'F','2019-05-01 12:14:05','2019-05-01 12:14:05'),(1037,7,1,'I','2019-05-01 12:14:24','2019-05-01 12:14:24'),(1038,7,1,'C','2019-05-01 12:17:56','2019-05-01 12:17:56'),(1039,7,1,'E','2019-05-01 12:19:39','2019-05-01 12:19:39'),(1040,7,1,'T','2019-05-01 12:19:50','2019-05-01 12:19:50'),(1041,7,1,'D','2019-05-01 12:22:15','2019-05-01 12:22:15'),(1042,7,1,'T','2019-05-01 12:26:00','2019-05-01 12:26:00'),(1043,7,1,'C','2019-05-01 12:26:01','2019-05-01 12:26:01'),(1044,7,1,'I','2019-05-01 12:26:04','2019-05-01 12:26:04'),(1045,7,1,'T','2019-05-01 12:28:10','2019-05-01 12:28:10'),(1046,7,1,'C','2019-05-01 12:28:11','2019-05-01 12:28:11'),(1047,7,1,'I','2019-05-01 12:28:13','2019-05-01 12:28:13'),(1048,7,1,'F','2019-05-01 12:28:16','2019-05-01 12:28:16'),(1049,7,1,'T','2019-05-01 12:28:47','2019-05-01 12:28:47'),(1050,7,1,'E','2019-05-01 12:40:58','2019-05-01 12:40:58'),(1051,7,1,'C','2019-05-01 12:43:20','2019-05-01 12:43:20'),(1052,7,1,'C','2019-05-01 12:43:34','2019-05-01 12:43:34'),(1053,7,1,'I','2019-05-01 12:43:40','2019-05-01 12:43:40'),(1054,7,1,'F','2019-05-01 12:45:24','2019-05-01 12:45:24'),(1055,7,1,'T','2019-05-01 12:45:28','2019-05-01 12:45:28'),(1056,7,1,'T','2019-05-01 12:45:34','2019-05-01 12:45:34'),(1057,7,1,'T','2019-05-01 12:45:35','2019-05-01 12:45:35'),(1058,7,1,'T','2019-05-01 12:45:40','2019-05-01 12:45:40'),(1059,7,1,'T','2019-05-01 12:45:52','2019-05-01 12:45:52'),(1060,7,1,'C','2019-05-01 12:45:53','2019-05-01 12:45:53'),(1061,7,1,'I','2019-05-01 12:45:54','2019-05-01 12:45:54'),(1062,7,1,'F','2019-05-01 12:45:55','2019-05-01 12:45:55'),(1063,7,1,'U','2019-05-01 12:45:56','2019-05-01 12:45:56'),(1064,7,1,'D','2019-05-01 12:45:57','2019-05-01 12:45:57'),(1065,7,1,'E','2019-05-01 12:45:58','2019-05-01 12:45:58'),(1066,7,1,'I','2019-05-02 12:06:37','2019-05-02 12:06:37'),(1067,7,1,'I','2019-05-02 12:35:56','2019-05-02 12:35:56'),(1068,7,1,'I','2019-05-02 12:36:05','2019-05-02 12:36:05'),(1069,7,1,'C','2019-05-02 15:27:28','2019-05-02 15:27:28'),(1070,7,1,'C','2019-05-02 15:27:47','2019-05-02 15:27:47'),(1071,7,1,'T','2019-05-03 12:03:12','2019-05-03 12:03:12'),(1072,7,1,'T','2019-05-03 12:03:25','2019-05-03 12:03:25'),(1105,7,1,'C','2019-05-04 10:13:51','2019-05-04 10:13:51'),(1106,7,1,'I','2019-05-04 10:33:14','2019-05-04 10:33:14'),(1107,7,1,'I','2019-05-04 10:33:17','2019-05-04 10:33:17'),(1108,7,1,'F','2019-05-04 10:33:22','2019-05-04 10:33:22'),(1109,7,1,'I','2019-05-04 10:36:29','2019-05-04 10:36:29'),(1110,7,1,'F','2019-05-04 10:37:38','2019-05-04 10:37:38'),(1111,7,1,'F','2019-05-04 10:37:49','2019-05-04 10:37:49'),(1112,7,1,'F','2019-05-04 10:38:09','2019-05-04 10:38:09'),(1113,7,1,'F','2019-05-04 10:38:12','2019-05-04 10:38:12'),(1114,7,1,'U','2019-05-04 10:39:43','2019-05-04 10:39:43'),(1115,7,1,'D','2019-05-04 10:40:00','2019-05-04 10:40:00'),(1116,7,1,'D','2019-05-04 10:40:02','2019-05-04 10:40:02'),(1117,7,1,'I','2019-05-04 10:40:12','2019-05-04 10:40:12'),(1118,7,1,'I','2019-05-04 10:40:13','2019-05-04 10:40:13'),(1119,7,1,'F','2019-05-04 10:41:54','2019-05-04 10:41:54'),(1120,7,1,'U','2019-05-04 10:41:57','2019-05-04 10:41:57'),(1121,7,1,'U','2019-05-04 10:41:58','2019-05-04 10:41:58'),(1122,7,375,'I','2019-05-04 10:42:19','2019-05-04 10:42:19'),(1123,7,375,'I','2019-05-04 10:42:22','2019-05-04 10:42:22'),(1124,7,375,'F','2019-05-04 10:42:26','2019-05-04 10:42:26'),(1125,7,375,'C','2019-05-04 10:42:34','2019-05-04 10:42:34'),(1126,7,1,'I','2019-05-04 10:59:13','2019-05-04 10:59:13'),(1127,7,1,'I','2019-05-04 11:00:10','2019-05-04 11:00:10'),(1128,7,1,'I','2019-05-04 11:00:17','2019-05-04 11:00:17'),(1129,7,1,'I','2019-05-04 11:00:18','2019-05-04 11:00:18'),(1130,7,1,'I','2019-05-04 11:00:19','2019-05-04 11:00:19'),(1131,7,1,'C','2019-05-04 11:00:20','2019-05-04 11:00:20'),(1132,7,1,'C','2019-05-04 11:00:21','2019-05-04 11:00:21'),(1133,7,1,'C','2019-05-04 11:00:23','2019-05-04 11:00:23'),(1134,7,1,'F','2019-05-04 11:00:25','2019-05-04 11:00:25'),(1135,7,1,'F','2019-05-04 11:00:27','2019-05-04 11:00:27'),(1136,7,1,'U','2019-05-04 11:00:29','2019-05-04 11:00:29'),(1137,7,1,'U','2019-05-04 11:00:31','2019-05-04 11:00:31'),(1138,7,1,'D','2019-05-04 11:00:33','2019-05-04 11:00:33'),(1139,7,1,'D','2019-05-04 11:00:34','2019-05-04 11:00:34'),(1140,7,1,'I','2019-05-04 11:01:23','2019-05-04 11:01:23'),(1141,7,1,'I','2019-05-04 11:01:24','2019-05-04 11:01:24'),(1142,7,1,'C','2019-05-04 11:01:25','2019-05-04 11:01:25'),(1143,7,1,'C','2019-05-04 11:01:26','2019-05-04 11:01:26'),(1144,7,1,'F','2019-05-04 11:01:28','2019-05-04 11:01:28'),(1145,7,1,'F','2019-05-04 11:01:29','2019-05-04 11:01:29'),(1146,7,1,'U','2019-05-04 11:01:30','2019-05-04 11:01:30'),(1147,7,375,'U','2019-05-04 11:01:33','2019-05-04 11:01:33'),(1148,7,389,'F','2019-05-04 11:01:37','2019-05-04 11:01:37'),(1149,7,389,'D','2019-05-04 11:01:40','2019-05-04 11:01:40'),(1150,7,1,'U','2019-05-04 12:23:40','2019-05-04 12:23:40'),(1151,7,1,'F','2019-05-04 12:23:45','2019-05-04 12:23:45'),(1152,7,1,'I','2019-05-04 12:38:22','2019-05-04 12:38:22'),(1153,7,1,'I','2019-05-04 12:45:06','2019-05-04 12:45:06'),(1154,7,1,'F','2019-05-04 12:45:07','2019-05-04 12:45:07'),(1155,7,1,'U','2019-05-04 12:45:08','2019-05-04 12:45:08'),(1156,7,1,'D','2019-05-04 12:45:11','2019-05-04 12:45:11'),(1157,7,1,'D','2019-05-04 13:28:08','2019-05-04 13:28:08'),(1158,7,1,'C','2019-05-04 20:37:25','2019-05-04 20:37:25'),(1159,7,1,'I','2019-05-04 20:37:27','2019-05-04 20:37:27'),(1160,7,1,'I','2019-05-06 06:17:34','2019-05-06 06:17:34'),(1161,7,1,'I','2019-05-06 16:01:06','2019-05-06 16:01:06'),(1167,7,401,'E','2019-05-07 17:51:54','2019-05-07 17:51:54'),(1170,7,733,'I','2019-05-08 16:09:59','2019-05-08 16:09:59'),(1171,7,434,'I','2019-05-08 16:10:26','2019-05-08 16:10:26'),(1172,7,434,'I','2019-05-08 16:10:35','2019-05-08 16:10:35'),(1173,7,1,'E','2019-05-10 07:41:56','2019-05-10 07:41:56'),(1174,7,1,'E','2019-05-12 08:54:20','2019-05-12 08:54:20'),(1175,7,1,'E','2019-05-12 08:54:37','2019-05-12 08:54:37'),(1176,7,1,'E','2019-05-16 18:50:32','2019-05-16 18:50:32'),(1177,7,1,'E','2019-05-16 18:50:36','2019-05-16 18:50:36'),(1178,7,1,'E','2019-05-18 12:48:58','2019-05-18 12:48:58'),(1179,7,1,'E','2019-05-18 22:50:05','2019-05-18 22:50:05'),(1180,7,375,'F','2019-05-23 16:45:05','2019-05-23 16:45:05'),(1181,7,375,'U','2019-05-23 16:45:07','2019-05-23 16:45:07'),(1182,7,375,'E','2019-05-23 16:45:09','2019-05-23 16:45:09'),(1183,7,378,'E','2019-05-23 16:45:12','2019-05-23 16:45:12'),(1184,7,378,'C','2019-05-23 16:45:13','2019-05-23 16:45:13'),(1185,7,378,'F','2019-05-23 16:45:14','2019-05-23 16:45:14'),(1186,7,389,'F','2019-05-23 16:45:16','2019-05-23 16:45:16'),(1187,7,389,'U','2019-05-23 16:45:17','2019-05-23 16:45:17'),(1188,7,389,'D','2019-05-23 16:45:19','2019-05-23 16:45:19'),(1189,7,389,'T','2019-05-23 16:45:21','2019-05-23 16:45:21'),(1190,7,389,'E','2019-05-23 16:45:23','2019-05-23 16:45:23'),(1191,7,389,'C','2019-05-23 16:45:29','2019-05-23 16:45:29'),(1192,7,1,'D','2019-05-27 21:06:28','2019-05-27 21:06:28'),(1193,7,1,'D','2019-05-28 07:38:02','2019-05-28 07:38:02'),(1194,7,1,'U','2019-05-28 07:38:57','2019-05-28 07:38:57'),(1195,7,1,'D','2019-05-28 07:40:07','2019-05-28 07:40:07'),(1196,7,1,'D','2019-05-28 07:53:49','2019-05-28 07:53:49'),(1197,7,1,'D','2019-05-28 07:55:08','2019-05-28 07:55:08'),(1198,7,1,'D','2019-05-28 08:00:46','2019-05-28 08:00:46'),(1199,7,1,'D','2019-05-28 08:04:00','2019-05-28 08:04:00'),(1200,7,1,'U','2019-05-28 08:05:40','2019-05-28 08:05:40'),(1201,7,1,'D','2019-05-28 08:10:37','2019-05-28 08:10:37'),(1202,7,1,'D','2019-05-28 08:13:44','2019-05-28 08:13:44'),(1203,7,1,'D','2019-05-28 08:17:06','2019-05-28 08:17:06'),(1204,7,1,'D','2019-05-28 08:18:04','2019-05-28 08:18:04'),(1205,7,1,'D','2019-05-28 08:20:40','2019-05-28 08:20:40'),(1206,7,1,'E','2019-05-28 08:21:49','2019-05-28 08:21:49'),(1207,7,1,'D','2019-05-28 08:33:20','2019-05-28 08:33:20'),(1208,7,1,'D','2019-05-28 08:33:27','2019-05-28 08:33:27'),(1209,7,1,'D','2019-05-28 08:33:29','2019-05-28 08:33:29'),(1210,7,1,'D','2019-05-28 08:34:41','2019-05-28 08:34:41'),(1211,7,1,'D','2019-05-28 08:35:10','2019-05-28 08:35:10'),(1212,7,1,'D','2019-05-28 08:35:35','2019-05-28 08:35:35'),(1213,7,378,'U','2019-05-31 17:28:04','2019-05-31 17:28:04'),(1214,7,1,'F','2019-06-09 13:05:13','2019-06-09 13:05:13'),(1215,7,1,'F','2019-06-09 13:41:39','2019-06-09 13:41:39'),(1216,7,375,'F','2019-06-10 04:35:53','2019-06-10 04:35:53'),(1217,7,1,'U','2019-07-06 00:11:59','2019-07-06 00:11:59'),(1218,7,1,'C','2019-07-06 20:43:28','2019-07-06 20:43:28'),(1219,7,1,'C','2019-07-07 11:26:07','2019-07-07 11:26:07'),(1220,7,1,'F','2019-07-07 12:58:39','2019-07-07 12:58:39'),(1221,7,1,'C','2019-07-07 13:00:36','2019-07-07 13:00:36'),(1222,7,1,'C','2019-07-30 15:56:48','2019-07-30 15:56:48'),(1223,7,581,'F','2019-08-10 14:17:34','2019-08-10 14:17:34'),(1224,7,581,'I','2019-08-10 14:17:35','2019-08-10 14:17:35'),(1225,7,581,'C','2019-08-10 14:17:36','2019-08-10 14:17:36'),(1226,7,402,'I','2019-08-10 14:19:35','2019-08-10 14:19:35'),(1227,7,389,'U','2019-10-15 15:04:42','2019-10-15 15:04:42'),(1228,7,389,'U','2019-10-15 15:43:56','2019-10-15 15:43:56'),(1229,7,378,'C','2019-10-20 23:48:21','2019-10-20 23:48:21'),(1230,7,378,'T','2019-10-20 23:50:19','2019-10-20 23:50:19'),(1231,7,1,'C','2019-10-20 23:58:13','2019-10-20 23:58:13'),(1232,7,378,'T','2019-10-25 16:56:56','2019-10-25 16:56:56'),(1233,7,378,'T','2019-10-25 19:50:44','2019-10-25 19:50:44'),(1234,7,378,'T','2019-10-25 19:52:27','2019-10-25 19:52:27'),(1235,7,378,'T','2019-10-26 11:11:42','2019-10-26 11:11:42'),(1236,7,378,'C','2019-10-26 11:15:01','2019-10-26 11:15:01'),(1237,7,378,'E','2019-10-26 11:17:54','2019-10-26 11:17:54'),(1238,7,378,'E','2019-10-26 11:21:01','2019-10-26 11:21:01'),(1239,7,378,'E','2019-10-26 11:22:52','2019-10-26 11:22:52'),(1240,7,402,'T','2019-10-27 01:34:22','2019-10-27 01:34:22'),(1241,7,402,'E','2019-10-27 01:34:24','2019-10-27 01:34:24'),(1243,7,389,'F','2019-11-06 15:32:54','2019-11-06 15:32:54'),(1245,7,402,'F','2019-11-06 15:33:12','2019-11-06 15:33:12'),(1246,7,378,'F','2019-11-06 15:33:21','2019-11-06 15:33:21'),(1247,7,401,'F','2019-11-06 15:33:26','2019-11-06 15:33:26'),(1248,7,434,'F','2019-11-06 15:41:34','2019-11-06 15:41:34'),(1249,7,378,'F','2019-11-06 23:21:14','2019-11-06 23:21:14'),(1251,7,378,'T','2019-11-10 11:53:52','2019-11-10 11:53:52'),(1254,7,469,'E','2019-11-10 12:02:09','2019-11-10 12:02:09'),(1255,7,581,'I','2019-11-10 21:00:50','2019-11-10 21:00:50'),(1269,7,375,'E','2019-11-10 23:07:36','2019-11-10 23:07:36'),(1270,7,375,'T','2019-11-10 23:07:39','2019-11-10 23:07:39'),(1271,7,375,'C','2019-11-10 23:07:41','2019-11-10 23:07:41'),(1272,7,375,'E','2019-11-10 23:10:33','2019-11-10 23:10:33'),(1273,7,375,'T','2019-11-10 23:10:36','2019-11-10 23:10:36'),(1274,7,375,'T','2019-11-10 23:10:41','2019-11-10 23:10:41'),(1275,7,375,'E','2019-11-10 23:10:43','2019-11-10 23:10:43'),(1276,7,375,'C','2019-11-10 23:11:08','2019-11-10 23:11:08'),(1277,7,375,'T','2019-11-10 23:11:10','2019-11-10 23:11:10'),(1278,7,375,'E','2019-11-10 23:11:11','2019-11-10 23:11:11'),(1279,7,1,'T','2019-11-10 23:57:48','2019-11-10 23:57:48'),(1281,7,469,'F','2019-11-23 23:54:12','2019-11-23 23:54:12'),(1289,7,469,'F','2019-12-01 07:05:51','2019-12-01 07:05:51'),(1290,7,1,'D','2019-12-24 00:06:37','2019-12-24 00:06:37');
/*!40000 ALTER TABLE `removedpvote` ENABLE KEYS */;
UNLOCK TABLES;

--
-- Table structure for table `tag`
--

DROP TABLE IF EXISTS `tag`;
/*!40101 SET @saved_cs_client     = @@character_set_client */;
/*!50503 SET character_set_client = utf8mb4 */;
CREATE TABLE `tag` (
  `id` int(16) NOT NULL AUTO_INCREMENT,
  `project` int(11) NOT NULL,
  `name` varchar(255) NOT NULL,
  `created` timestamp NOT NULL DEFAULT CURRENT_TIMESTAMP,
  `updated` timestamp NOT NULL DEFAULT CURRENT_TIMESTAMP ON UPDATE CURRENT_TIMESTAMP,
  PRIMARY KEY (`id`),
  KEY `project` (`project`),
  CONSTRAINT `tag_ibfk_2` FOREIGN KEY (`project`) REFERENCES `project` (`id`) ON DELETE CASCADE ON UPDATE CASCADE
) ENGINE=InnoDB AUTO_INCREMENT=43 DEFAULT CHARSET=latin1;
/*!40101 SET character_set_client = @saved_cs_client */;

--
-- Dumping data for table `tag`
--

LOCK TABLES `tag` WRITE;
/*!40000 ALTER TABLE `tag` DISABLE KEYS */;
INSERT INTO `tag` VALUES (38,732,'acroyoga','2019-04-25 12:08:57','2019-04-25 12:08:57'),(39,733,'frutta','2019-04-25 12:08:57','2019-04-25 12:08:57'),(40,733,'verdura','2019-04-25 12:08:57','2019-04-25 12:08:57'),(41,375,'chitarra','2019-06-09 19:01:36','2019-06-09 19:01:36'),(42,375,'corso','2019-06-09 19:01:48','2019-06-09 19:01:48');
/*!40000 ALTER TABLE `tag` ENABLE KEYS */;
UNLOCK TABLES;

--
-- Table structure for table `user`
--

DROP TABLE IF EXISTS `user`;
/*!40101 SET @saved_cs_client     = @@character_set_client */;
/*!50503 SET character_set_client = utf8mb4 */;
CREATE TABLE `user` (
  `id` int(11) NOT NULL AUTO_INCREMENT,
  `name` varchar(255) CHARACTER SET utf8 COLLATE utf8_bin NOT NULL,
  `surname` varchar(255) CHARACTER SET utf8 COLLATE utf8_bin NOT NULL,
  `email` varchar(255) CHARACTER SET utf8 COLLATE utf8_bin NOT NULL,
  `password` varchar(255) CHARACTER SET utf8 COLLATE utf8_bin NOT NULL,
  `E` int(11) NOT NULL DEFAULT '4',
  `T` int(11) NOT NULL DEFAULT '4',
  `C` int(11) NOT NULL DEFAULT '4',
  `I` int(11) NOT NULL DEFAULT '4',
  `F` int(11) NOT NULL DEFAULT '4',
  `U` int(11) NOT NULL DEFAULT '4',
  `D` int(11) NOT NULL DEFAULT '4',
  `active` tinyint(1) NOT NULL DEFAULT '0',
  `role` tinyint(3) NOT NULL DEFAULT '0',
  `paymentdeadline` datetime DEFAULT NULL,
  `paypalagreementid` varchar(16) CHARACTER SET utf8 COLLATE utf8_bin DEFAULT NULL,
  `created` timestamp NOT NULL DEFAULT CURRENT_TIMESTAMP,
  `updated` timestamp NOT NULL DEFAULT CURRENT_TIMESTAMP ON UPDATE CURRENT_TIMESTAMP,
  PRIMARY KEY (`id`),
  UNIQUE KEY `users_email_unique` (`email`)
) ENGINE=InnoDB AUTO_INCREMENT=250 DEFAULT CHARSET=utf8 COLLATE=utf8_bin;
/*!40101 SET character_set_client = @saved_cs_client */;

--
-- Dumping data for table `user`
--

LOCK TABLES `user` WRITE;
/*!40000 ALTER TABLE `user` DISABLE KEYS */;
INSERT INTO `user` VALUES
(7,	'Dumb7', 'User7', 'dumbuser7@dumb.user', 'dumbpassword',	21,	5,	8,	1,	4,	0,	5,	1,	1,	'2099-12-04 00:00:00',	'I-ADC2MATTGV2E',	'2019-11-17 08:57:54',	'2019-10-13 19:04:00'),
(10,	'Dumb10', 'User10', 'dumbuser10@dumb.user', 'dumbpassword',	4,	2,	1,	1,	1,	0,	1,	1,	0,	NULL,	'I-2C2J6KYGPBUD',	'2019-11-10 21:22:33',	'2019-10-27 00:12:08'),
(12,	'Dumb12', 'User12', 'dumbuser12@dumb.user', 'dumbpassword',	4,	1,	1,	0,	0,	0,	5,	1,	0,	NULL,	'I-2KSFRMBCA139',	'2019-11-10 21:22:33',	'2019-09-04 15:48:19'),
(14,	'Dumb14', 'User14', 'dumbuser14@dumb.user', 'dumbpassword',	0,	0,	0,	0,	0,	0,	0,	0,	0,	NULL,	NULL,	'2017-07-21 17:37:37',	'2019-05-26 20:24:09'),
(15,	'Dumb15', 'User15', 'dumbuser15@dumb.user', 'dumbpassword',	0,	0,	0,	0,	0,	0,	0,	0,	0,	NULL,	NULL,	'2017-07-21 17:37:37',	'2019-05-26 20:24:09'),
(16,	'Dumb16', 'User16', 'dumbuser16@dumb.user', 'dumbpassword',	0,	0,	0,	0,	0,	0,	0,	0,	0,	NULL,	NULL,	'2017-07-21 17:37:37',	'2019-07-08 10:04:42'),
(17,	'Dumb17', 'User17', 'dumbuser17@dumb.user', 'dumbpassword',	0,	0,	0,	0,	0,	0,	0,	1,	0,	NULL,	'I-M9R9U6PCJ2L6',	'2017-07-21 17:37:37',	'2019-07-07 19:26:47'),
(18,	'Dumb18', 'User18', 'dumbuser18@dumb.user', 'dumbpassword',	0,	0,	0,	0,	0,	0,	0,	0,	0,	NULL,	NULL,	'2017-07-21 17:37:37',	'2019-07-08 10:04:42'),
(19,	'Dumb19', 'User19', 'dumbuser19@dumb.user', 'dumbpassword',	0,	0,	0,	0,	0,	0,	0,	0,	0,	NULL,	NULL,	'2017-07-21 17:37:37',	'2019-05-26 20:24:09'),
(20,	'Dumb20', 'User20', 'dumbuser20@dumb.user', 'dumbpassword',	0,	0,	0,	0,	0,	0,	0,	0,	0,	NULL,	NULL,	'2017-07-21 17:37:37',	'2019-05-26 20:24:09'),
(21,	'Dumb21', 'User21', 'dumbuser21@dumb.user', 'dumbpassword',	0,	0,	0,	0,	0,	0,	0,	1,	0,	NULL,	'I-8ALH2HXWAVYU',	'2017-07-21 17:37:37',	'2019-07-07 19:28:00'),
(22,	'Dumb22', 'User22', 'dumbuser22@dumb.user', 'dumbpassword',	12,	3,	5,	0,	0,	1,	2,	1,	0,	NULL,	'I-UX3AEVTHHKAY',	'2019-11-10 21:22:34',	'2019-09-04 15:48:19'),
(23,	'Dumb23', 'User23', 'dumbuser23@dumb.user', 'dumbpassword',	0,	0,	0,	0,	0,	0,	0,	1,	0,	NULL,	'I-AF7S2NCR4UR9',	'2017-07-21 17:37:37',	'2019-07-07 19:32:26'),
(24,	'Dumb24', 'User24', 'dumbuser24@dumb.user', 'dumbpassword',	0,	0,	0,	0,	0,	0,	0,	1,	0,	'2021-04-30 00:00:00',	'bank',	'2017-07-21 17:37:37',	'2019-07-08 09:48:58'),
(25,	'Dumb25', 'User25', 'dumbuser25@dumb.user', 'dumbpassword',	0,	0,	0,	0,	0,	0,	0,	1,	0,	'2020-05-11 00:00:00',	'bank',	'2017-07-21 17:37:37',	'2019-07-08 09:48:58'),
(26,	'Dumb26', 'User26', 'dumbuser26@dumb.user', 'dumbpassword',	0,	0,	0,	0,	0,	0,	0,	0,	0,	NULL,	NULL,	'2017-07-21 17:37:37',	'2019-05-26 20:24:09'),
(27,	'Dumb27', 'User27', 'dumbuser27@dumb.user', 'dumbpassword',	0,	0,	0,	0,	0,	0,	0,	1,	0,	NULL,	'I-7MCVNCK160XJ',	'2017-07-21 17:37:37',	'2019-07-07 19:28:52'),
(28,	'Dumb28', 'User28', 'dumbuser28@dumb.user', 'dumbpassword',	0,	0,	0,	0,	0,	0,	0,	0,	0,	NULL,	NULL,	'2017-07-21 17:37:37',	'2019-05-26 20:24:09'),
(29,	'Dumb29', 'User29', 'dumbuser29@dumb.user', 'dumbpassword',	0,	0,	0,	0,	0,	0,	0,	0,	0,	NULL,	NULL,	'2017-07-21 17:37:37',	'2019-05-26 20:24:09'),
(30,	'Dumb30', 'User30', 'dumbuser30@dumb.user', 'dumbpassword',	0,	0,	0,	0,	0,	0,	0,	1,	0,	NULL,	'I-H0EDTK8P3AR9',	'2017-07-21 17:37:37',	'2019-07-07 19:36:21'),
(31,	'Dumb31', 'User31', 'dumbuser31@dumb.user', 'dumbpassword',	0,	0,	0,	0,	0,	0,	0,	0,	0,	NULL,	NULL,	'2017-07-21 17:37:37',	'2019-05-26 20:24:09'),
(32,	'Dumb32', 'User32', 'dumbuser32@dumb.user', 'dumbpassword',	0,	0,	0,	0,	0,	0,	0,	0,	0,	NULL,	NULL,	'2017-07-21 17:37:37',	'2019-05-26 20:24:09'),
(33,	'Dumb33', 'User33', 'dumbuser33@dumb.user', 'dumbpassword',	0,	0,	0,	0,	0,	0,	0,	1,	0,	NULL,	'I-WW2PY92HLP46',	'2017-07-21 17:37:37',	'2019-07-07 19:29:23'),
(34,	'Dumb34', 'User34', 'dumbuser34@dumb.user', 'dumbpassword',	0,	0,	0,	0,	0,	0,	0,	1,	0,	NULL,	'I-9LF9XU735NSX',	'2017-07-21 17:37:37',	'2019-07-07 19:37:01'),
(40,	'Dumb40', 'User40', 'dumbuser40@dumb.user', 'dumbpassword',	0,	0,	0,	0,	0,	0,	0,	1,	0,	NULL,	'I-FWRP0YTMABFW',	'2017-04-23 11:59:55',	'2019-05-26 20:24:09'),
(61,	'Dumb61', 'User61', 'dumbuser61@dumb.user', 'dumbpassword',	0,	0,	0,	0,	0,	0,	0,	0,	0,	NULL,	NULL,	'2017-04-27 07:25:53',	'2019-05-26 20:24:09'),
(62,	'Dumb62', 'User62', 'dumbuser62@dumb.user', 'dumbpassword',	0,	0,	0,	0,	0,	0,	0,	1,	0,	NULL,	'I-SRSDP27B4GNY',	'2017-04-27 14:15:44',	'2019-05-26 20:24:09'),
(64,	'Dumb64', 'User64', 'dumbuser64@dumb.user', 'dumbpassword',	0,	0,	0,	0,	0,	0,	0,	0,	0,	NULL,	NULL,	'2017-04-29 10:33:09',	'2019-05-26 20:24:09'),
(65,	'Dumb65', 'User65', 'dumbuser65@dumb.user', 'dumbpassword',	0,	0,	0,	0,	0,	0,	0,	0,	0,	NULL,	NULL,	'2017-05-16 13:18:49',	'2019-07-07 20:04:22'),
(66,	'Dumb66', 'User66', 'dumbuser66@dumb.user', 'dumbpassword',	0,	0,	0,	0,	0,	0,	0,	1,	0,	NULL,	'I-DXU8WFTHWUVG',	'2017-05-17 10:59:22',	'2019-05-26 20:24:09'),
(73,	'Dumb73', 'User73', 'dumbuser73@dumb.user', 'dumbpassword',	0,	0,	0,	0,	0,	0,	0,	0,	0,	NULL,	NULL,	'2017-05-23 21:12:17',	'2019-05-26 20:24:09'),
(74,	'Dumb74', 'User74', 'dumbuser74@dumb.user', 'dumbpassword',	0,	0,	0,	0,	0,	0,	0,	1,	0,	NULL,	'I-KCCAGTAL2ER7',	'2017-05-25 09:28:12',	'2019-05-26 20:24:09'),
(76,	'Dumb76', 'User76', 'dumbuser76@dumb.user', 'dumbpassword',	0,	0,	0,	0,	0,	0,	0,	0,	0,	NULL,	NULL,	'2017-05-25 17:28:42',	'2019-05-26 20:24:09'),
(77,	'Dumb77', 'User77', 'dumbuser77@dumb.user', 'dumbpassword',	0,	0,	0,	0,	0,	0,	0,	1,	0,	NULL,	'I-SJJRJFK1AMEA',	'2017-05-29 07:25:59',	'2019-07-07 19:41:46'),
(78,	'Dumb78', 'User78', 'dumbuser78@dumb.user', 'dumbpassword',	5,	3,	2,	0,	1,	0,	2,	1,	0,	NULL,	'I-AN3NVRN5J9B4',	'2019-11-10 21:22:34',	'2019-09-04 15:48:20'),
(79,	'Dumb79', 'User79', 'dumbuser79@dumb.user', 'dumbpassword',	0,	0,	0,	0,	0,	0,	0,	0,	0,	NULL,	NULL,	'2017-06-06 22:25:07',	'2019-05-26 20:24:09'),
(80,	'Dumb80', 'User80', 'dumbuser80@dumb.user', 'dumbpassword',	0,	0,	0,	0,	0,	0,	0,	0,	0,	NULL,	NULL,	'2017-06-11 06:27:48',	'2019-05-26 20:24:09'),
(88,	'Dumb88', 'User88', 'dumbuser88@dumb.user', 'dumbpassword',	0,	0,	0,	0,	0,	0,	0,	1,	0,	NULL,	'I-MUPJAJUR84Y8',	'2017-06-21 10:01:54',	'2019-05-26 20:24:09'),
(91,	'Dumb91', 'User91', 'dumbuser91@dumb.user', 'dumbpassword',	0,	0,	0,	0,	0,	0,	0,	0,	0,	NULL,	NULL,	'2017-06-30 05:53:55',	'2019-05-26 20:24:09'),
(92,	'Dumb92', 'User92', 'dumbuser92@dumb.user', 'dumbpassword',	0,	0,	0,	0,	0,	0,	0,	1,	0,	NULL,	'I-USVVKJEK4C1V',	'2017-07-24 13:14:34',	'2019-05-26 20:24:09'),
(93,	'Dumb93', 'User93', 'dumbuser93@dumb.user', 'dumbpassword',	0,	0,	0,	0,	0,	0,	0,	1,	0,	NULL,	'I-TDGLFBDRTEN5',	'2017-08-11 12:24:16',	'2019-05-26 20:24:09'),
(94,	'Dumb94', 'User94', 'dumbuser94@dumb.user', 'dumbpassword',	0,	0,	0,	0,	0,	0,	0,	0,	0,	NULL,	NULL,	'2017-09-01 15:36:18',	'2019-05-26 20:24:09'),
(95,	'Dumb95', 'User95', 'dumbuser95@dumb.user', 'dumbpassword',	1,	1,	0,	0,	0,	0,	0,	1,	0,	NULL,	'I-L6SVFH7WU7JA',	'2019-11-10 21:22:33',	'2019-09-04 15:48:20'),
(96,	'Dumb96', 'User96', 'dumbuser96@dumb.user', 'dumbpassword',	0,	0,	0,	0,	0,	0,	0,	1,	0,	NULL,	'I-XH164H8JFDWE',	'2017-09-02 13:25:58',	'2019-05-26 20:24:09'),
(97,	'Dumb97', 'User97', 'dumbuser97@dumb.user', 'dumbpassword',	0,	0,	0,	0,	0,	0,	0,	0,	0,	NULL,	NULL,	'2017-09-03 08:01:05',	'2019-05-26 20:24:09'),
(98,	'Dumb98', 'User98', 'dumbuser98@dumb.user', 'dumbpassword',	0,	0,	0,	0,	0,	0,	0,	0,	0,	NULL,	NULL,	'2017-09-05 06:58:47',	'2019-05-26 20:24:09'),
(99,	'Dumb99', 'User99', 'dumbuser99@dumb.user', 'dumbpassword',	0,	0,	0,	0,	0,	0,	0,	0,	0,	NULL,	NULL,	'2017-09-05 08:10:53',	'2019-05-26 20:24:09'),
(103,	'Dumb103', 'User103', 'dumbuser103@dumb.user', 'dumbpassword',	0,	0,	0,	0,	0,	0,	0,	0,	0,	NULL,	NULL,	'2017-09-08 20:16:13',	'2019-07-07 20:05:13'),
(104,	'Dumb104', 'User104', 'dumbuser104@dumb.user', 'dumbpassword',	0,	0,	0,	0,	0,	0,	0,	0,	0,	NULL,	NULL,	'2017-09-29 18:49:14',	'2019-05-26 20:24:09'),
(105,	'Dumb105', 'User105', 'dumbuser105@dumb.user', 'dumbpassword',	0,	0,	0,	0,	0,	0,	0,	1,	0,	NULL,	'I-SXV3Y2RN1G5J',	'2019-11-10 21:22:12',	'2019-09-04 15:48:20'),
(106,	'Dumb106', 'User106', 'dumbuser106@dumb.user', 'dumbpassword',	0,	0,	0,	0,	0,	0,	0,	0,	0,	NULL,	NULL,	'2017-10-01 12:11:27',	'2019-05-26 20:24:09'),
(107,	'Dumb107', 'User107', 'dumbuser107@dumb.user', 'dumbpassword',	9,	0,	0,	0,	0,	0,	0,	1,	0,	NULL,	'I-DS5J25YSYMKV',	'2019-11-10 21:22:34',	'2019-09-04 15:48:20'),
(111,	'Dumb111', 'User111', 'dumbuser111@dumb.user', 'dumbpassword',	0,	0,	0,	0,	0,	0,	0,	0,	0,	NULL,	NULL,	'2017-10-04 16:56:53',	'2019-05-26 20:24:09'),
(112,	'Dumb112', 'User112', 'dumbuser112@dumb.user', 'dumbpassword',	0,	0,	0,	0,	0,	0,	0,	0,	0,	NULL,	NULL,	'2017-10-04 16:58:19',	'2019-05-26 20:24:09'),
(114,	'Dumb114', 'User114', 'dumbuser114@dumb.user', 'dumbpassword',	0,	0,	0,	0,	0,	0,	0,	1,	0,	NULL,	'I-04XV3R56ADUK',	'2017-10-09 06:49:02',	'2019-05-26 20:24:09'),
(115,	'Dumb115', 'User115', 'dumbuser115@dumb.user', 'dumbpassword',	0,	0,	0,	0,	0,	0,	0,	1,	0,	'2019-10-02 00:00:00',	'bank',	'2019-11-13 11:15:57',	'2019-07-08 09:57:32'),
(116,	'Dumb116', 'User116', 'dumbuser116@dumb.user', 'dumbpassword',	0,	0,	0,	0,	0,	0,	0,	1,	0,	NULL,	'I-3Y902EF91HVG',	'2017-11-06 12:58:13',	'2019-05-26 20:24:09'),
(117,	'Dumb117', 'User117', 'dumbuser117@dumb.user', 'dumbpassword',	0,	0,	0,	0,	0,	0,	0,	1,	0,	NULL,	'I-77C1EYFTTJ2K',	'2017-11-09 10:49:48',	'2019-05-26 20:24:09'),
(118,	'Dumb118', 'User118', 'dumbuser118@dumb.user', 'dumbpassword',	0,	0,	0,	0,	0,	0,	0,	0,	0,	NULL,	NULL,	'2017-11-11 15:02:44',	'2019-05-26 20:24:09'),
(119,	'Dumb119', 'User119', 'dumbuser119@dumb.user', 'dumbpassword',	0,	0,	0,	0,	0,	0,	0,	1,	0,	NULL,	'I-05P4T9AFD3PA',	'2019-11-10 21:22:13',	'2019-09-04 15:48:20'),
(120,	'Dumb120', 'User120', 'dumbuser120@dumb.user', 'dumbpassword',	0,	0,	0,	0,	0,	0,	0,	0,	0,	NULL,	NULL,	'2017-11-23 10:42:07',	'2019-05-26 20:24:09'),
(121,	'Dumb121', 'User121', 'dumbuser121@dumb.user', 'dumbpassword',	0,	0,	0,	0,	0,	0,	0,	0,	0,	NULL,	NULL,	'2017-11-26 12:49:05',	'2019-05-26 20:24:09'),
(122,	'Dumb122', 'User122', 'dumbuser122@dumb.user', 'dumbpassword',	0,	0,	0,	0,	0,	0,	0,	0,	0,	NULL,	NULL,	'2017-12-01 22:14:12',	'2019-05-26 20:24:09'),
(123,	'Dumb123', 'User123', 'dumbuser123@dumb.user', 'dumbpassword',	0,	0,	0,	0,	0,	0,	0,	0,	0,	NULL,	NULL,	'2017-12-05 16:47:14',	'2019-05-26 20:24:09'),
(124,	'Dumb124', 'User124', 'dumbuser124@dumb.user', 'dumbpassword',	0,	0,	0,	0,	0,	0,	0,	0,	0,	NULL,	NULL,	'2017-12-06 16:26:01',	'2019-07-07 20:05:20'),
(125,	'Dumb125', 'User125', 'dumbuser125@dumb.user', 'dumbpassword',	0,	0,	0,	0,	0,	0,	0,	0,	0,	NULL,	NULL,	'2017-12-19 21:10:45',	'2019-05-26 20:24:09'),
(126,	'Dumb126', 'User126', 'dumbuser126@dumb.user', 'dumbpassword',	0,	0,	0,	0,	0,	0,	0,	1,	0,	NULL,	'I-BHXTPRP5AMBC',	'2017-12-22 16:43:59',	'2019-07-07 19:53:17'),
(127,	'Dumb127', 'User127', 'dumbuser127@dumb.user', 'dumbpassword',	0,	0,	0,	0,	0,	0,	0,	0,	0,	NULL,	NULL,	'2018-01-11 19:25:43',	'2019-05-26 20:24:09'),
(128,	'Dumb128', 'User128', 'dumbuser128@dumb.user', 'dumbpassword',	0,	0,	0,	0,	0,	0,	0,	0,	0,	NULL,	NULL,	'2018-01-12 22:39:45',	'2019-05-26 20:24:09'),
(129,	'Dumb129', 'User129', 'dumbuser129@dumb.user', 'dumbpassword',	0,	0,	0,	0,	0,	0,	0,	1,	0,	'2019-12-12 00:00:00',	'bank',	'2018-01-13 09:08:35',	'2019-07-08 10:05:17'),
(131,	'Dumb131', 'User131', 'dumbuser131@dumb.user', 'dumbpassword',	0,	0,	0,	0,	0,	0,	0,	1,	0,	NULL,	'I-ASLGHS8R4U1T',	'2018-01-30 12:40:10',	'2019-05-26 20:24:09'),
(133,	'Dumb133', 'User133', 'dumbuser133@dumb.user', 'dumbpassword',	0,	0,	0,	0,	0,	0,	0,	1,	0,	'2020-06-06 00:00:00',	'bank',	'2018-01-31 19:09:12',	'2019-07-08 09:48:58'),
(134,	'Dumb134', 'User134', 'dumbuser134@dumb.user', 'dumbpassword',	0,	0,	0,	0,	0,	0,	0,	1,	0,	NULL,	'I-RLTFNS4FJA8J',	'2018-02-06 16:49:21',	'2019-05-26 20:24:09'),
(135,	'Dumb135', 'User135', 'dumbuser135@dumb.user', 'dumbpassword',	0,	0,	0,	0,	0,	0,	0,	0,	0,	NULL,	NULL,	'2018-02-10 05:13:01',	'2019-05-26 20:24:09'),
(136,	'Dumb136', 'User136', 'dumbuser136@dumb.user', 'dumbpassword',	0,	0,	0,	0,	0,	0,	0,	0,	0,	NULL,	NULL,	'2018-02-10 19:40:35',	'2019-05-26 20:24:09'),
(137,	'Dumb137', 'User137', 'dumbuser137@dumb.user', 'dumbpassword',	0,	0,	0,	0,	0,	0,	0,	0,	0,	NULL,	NULL,	'2018-02-20 10:06:32',	'2019-05-26 20:24:09'),
(138,	'Dumb138', 'User138', 'dumbuser138@dumb.user', 'dumbpassword',	0,	0,	0,	0,	0,	0,	0,	0,	0,	NULL,	NULL,	'2018-02-22 09:18:23',	'2019-05-26 20:24:09'),
(139,	'Dumb139', 'User139', 'dumbuser139@dumb.user', 'dumbpassword',	0,	0,	0,	0,	0,	0,	0,	0,	0,	NULL,	NULL,	'2018-03-09 15:54:59',	'2019-05-26 20:24:09'),
(141,	'Dumb141', 'User141', 'dumbuser141@dumb.user', 'dumbpassword',	0,	0,	0,	0,	0,	0,	0,	1,	0,	'2020-11-15 00:00:00',	'bank',	'2018-03-13 18:57:32',	'2019-07-08 10:00:23'),
(142,	'Dumb142', 'User142', 'dumbuser142@dumb.user', 'dumbpassword',	0,	0,	0,	0,	0,	0,	0,	1,	0,	NULL,	'I-LYFXTCYLYV8A',	'2018-03-14 13:58:37',	'2019-05-26 20:24:09'),
(143,	'Dumb143', 'User143', 'dumbuser143@dumb.user', 'dumbpassword',	0,	0,	0,	0,	0,	0,	0,	0,	0,	NULL,	NULL,	'2018-03-18 08:19:21',	'2019-05-26 20:24:09'),
(144,	'Dumb144', 'User144', 'dumbuser144@dumb.user', 'dumbpassword',	0,	0,	0,	0,	0,	0,	0,	1,	0,	NULL,	'I-CSBNGM5A7TJ4',	'2018-03-20 08:57:23',	'2019-05-26 20:24:09'),
(145,	'Dumb145', 'User145', 'dumbuser145@dumb.user', 'dumbpassword',	0,	0,	0,	0,	0,	0,	0,	0,	0,	NULL,	NULL,	'2018-03-20 09:16:58',	'2019-07-07 20:05:26'),
(146,	'Dumb146', 'User146', 'dumbuser146@dumb.user', 'dumbpassword',	0,	0,	0,	0,	0,	0,	0,	1,	0,	'2020-01-08 00:00:00',	'bank',	'2018-03-21 08:51:57',	'2019-07-08 09:56:42'),
(147,	'Dumb147', 'User147', 'dumbuser147@dumb.user', 'dumbpassword',	0,	0,	0,	0,	0,	0,	0,	0,	0,	NULL,	NULL,	'2018-03-21 17:03:09',	'2019-05-26 20:24:09'),
(148,	'Dumb148', 'User148', 'dumbuser148@dumb.user', 'dumbpassword',	0,	0,	0,	0,	0,	0,	0,	1,	0,	NULL,	'I-W04R9X2E2WUC',	'2018-03-27 19:56:24',	'2019-05-26 20:24:09'),
(149,	'Dumb149', 'User149', 'dumbuser149@dumb.user', 'dumbpassword',	0,	0,	0,	0,	0,	0,	0,	0,	0,	NULL,	NULL,	'2018-03-29 15:20:16',	'2019-05-26 20:24:09'),
(150,	'Dumb150', 'User150', 'dumbuser150@dumb.user', 'dumbpassword',	0,	0,	0,	0,	0,	0,	0,	1,	0,	'2019-12-17 00:00:00',	'bank',	'2018-04-04 07:54:03',	'2019-07-08 09:56:27'),
(151,	'Dumb151', 'User151', 'dumbuser151@dumb.user', 'dumbpassword',	0,	0,	0,	0,	0,	0,	0,	0,	0,	NULL,	NULL,	'2018-04-09 06:11:51',	'2019-05-26 20:24:09'),
(153,	'Dumb153', 'User153', 'dumbuser153@dumb.user', 'dumbpassword',	0,	0,	0,	0,	0,	0,	0,	0,	0,	NULL,	NULL,	'2018-04-17 12:45:11',	'2019-05-26 20:24:09'),
(154,	'Dumb154', 'User154', 'dumbuser154@dumb.user', 'dumbpassword',	0,	0,	0,	0,	0,	0,	0,	0,	0,	NULL,	NULL,	'2018-05-03 20:47:41',	'2019-05-26 20:24:09'),
(155,	'Dumb155', 'User155', 'dumbuser155@dumb.user', 'dumbpassword',	0,	0,	0,	0,	0,	0,	0,	1,	0,	NULL,	'I-CXY3DELKM6JY',	'2018-05-06 19:56:13',	'2019-05-26 20:24:09'),
(157,	'Dumb157', 'User157', 'dumbuser157@dumb.user', 'dumbpassword',	0,	0,	0,	0,	0,	0,	0,	0,	0,	NULL,	NULL,	'2018-05-21 22:11:07',	'2019-07-07 20:05:33'),
(159,	'Dumb159', 'User159', 'dumbuser159@dumb.user', 'dumbpassword',	0,	0,	0,	0,	0,	0,	0,	1,	0,	NULL,	'I-LC805FBRB43N',	'2018-05-22 19:16:27',	'2019-05-26 20:24:09'),
(160,	'Dumb160', 'User160', 'dumbuser160@dumb.user', 'dumbpassword',	0,	0,	0,	0,	0,	0,	0,	0,	0,	NULL,	NULL,	'2018-06-05 04:22:54',	'2019-05-26 20:24:09'),
(163,	'Dumb163', 'User163', 'dumbuser163@dumb.user', 'dumbpassword',	0,	0,	0,	0,	0,	0,	0,	0,	0,	NULL,	NULL,	'2018-06-12 18:44:11',	'2019-05-26 20:24:09'),
(164,	'Dumb164', 'User164', 'dumbuser164@dumb.user', 'dumbpassword',	0,	0,	0,	0,	0,	0,	0,	0,	0,	NULL,	NULL,	'2018-06-12 20:40:48',	'2019-05-26 20:24:09'),
(165,	'Dumb165', 'User165', 'dumbuser165@dumb.user', 'dumbpassword',	0,	0,	0,	0,	0,	0,	0,	0,	0,	NULL,	NULL,	'2018-06-14 20:43:06',	'2019-05-26 20:24:09'),
(166,	'Dumb166', 'User166', 'dumbuser166@dumb.user', 'dumbpassword',	0,	0,	0,	0,	0,	0,	0,	0,	0,	NULL,	NULL,	'2018-06-15 11:42:05',	'2019-05-26 20:24:09'),
(167,	'Dumb167', 'User167', 'dumbuser167@dumb.user', 'dumbpassword',	0,	0,	0,	0,	0,	0,	0,	0,	0,	NULL,	NULL,	'2018-06-19 05:34:50',	'2019-05-26 20:24:09'),
(168,	'Dumb168', 'User168', 'dumbuser168@dumb.user', 'dumbpassword',	0,	0,	0,	0,	0,	0,	0,	0,	0,	NULL,	NULL,	'2018-06-29 13:35:07',	'2019-05-26 20:24:09'),
(169,	'Dumb169', 'User169', 'dumbuser169@dumb.user', 'dumbpassword',	0,	0,	0,	0,	0,	0,	0,	0,	0,	NULL,	NULL,	'2018-07-06 17:53:48',	'2019-05-26 20:24:09'),
(170,	'Dumb170', 'User170', 'dumbuser170@dumb.user', 'dumbpassword',	0,	0,	0,	0,	0,	0,	0,	0,	0,	NULL,	NULL,	'2018-07-11 23:44:17',	'2019-05-26 20:24:09'),
(171,	'Dumb171', 'User171', 'dumbuser171@dumb.user', 'dumbpassword',	0,	0,	0,	0,	0,	0,	0,	0,	0,	NULL,	NULL,	'2018-07-12 02:09:39',	'2019-05-26 20:24:09'),
(173,	'Dumb173', 'User173', 'dumbuser173@dumb.user', 'dumbpassword',	0,	0,	0,	0,	0,	0,	0,	1,	0,	NULL,	'I-9306XEJ72W2P',	'2018-07-14 19:31:43',	'2019-05-26 20:24:09'),
(174,	'Dumb174', 'User174', 'dumbuser174@dumb.user', 'dumbpassword',	0,	0,	0,	0,	0,	0,	0,	0,	0,	NULL,	NULL,	'2018-07-22 03:16:56',	'2019-05-26 20:24:09'),
(180,	'Dumb180', 'User180', 'dumbuser180@dumb.user', 'dumbpassword',	0,	0,	0,	0,	0,	0,	0,	0,	0,	NULL,	NULL,	'2018-07-27 07:28:01',	'2019-05-26 20:24:09'),
(181,	'Dumb181', 'User181', 'dumbuser181@dumb.user', 'dumbpassword',	0,	0,	0,	0,	0,	0,	0,	0,	0,	NULL,	NULL,	'2018-08-02 06:32:45',	'2019-05-26 20:24:09'),
(182,	'Dumb182', 'User182', 'dumbuser182@dumb.user', 'dumbpassword',	0,	0,	0,	0,	0,	0,	0,	0,	0,	NULL,	NULL,	'2018-08-03 16:32:38',	'2019-05-26 20:24:09'),
(183,	'Dumb183', 'User183', 'dumbuser183@dumb.user', 'dumbpassword',	0,	0,	0,	0,	0,	0,	0,	0,	0,	NULL,	NULL,	'2018-08-09 18:47:47',	'2019-05-26 20:24:09'),
(184,	'Dumb184', 'User184', 'dumbuser184@dumb.user', 'dumbpassword',	0,	0,	0,	0,	0,	0,	0,	0,	0,	NULL,	NULL,	'2018-08-11 22:55:09',	'2019-05-26 20:24:09'),
(185,	'Dumb185', 'User185', 'dumbuser185@dumb.user', 'dumbpassword',	0,	0,	0,	0,	0,	0,	0,	0,	0,	NULL,	NULL,	'2018-08-12 08:45:40',	'2019-05-26 20:24:09'),
(186,	'Dumb186', 'User186', 'dumbuser186@dumb.user', 'dumbpassword',	0,	0,	0,	0,	0,	0,	0,	0,	0,	NULL,	NULL,	'2018-08-21 22:11:52',	'2019-05-26 20:24:09'),
(187,	'Dumb187', 'User187', 'dumbuser187@dumb.user', 'dumbpassword',	0,	0,	0,	0,	0,	0,	0,	1,	0,	NULL,	'I-UNNK0A5F5P2H',	'2018-09-04 20:30:46',	'2019-05-26 20:24:09'),
(196,	'Dumb196', 'User196', 'dumbuser196@dumb.user', 'dumbpassword',	0,	0,	0,	0,	0,	0,	0,	0,	0,	NULL,	NULL,	'2018-09-08 13:50:52',	'2019-05-26 20:24:09'),
(197,	'Dumb197', 'User197', 'dumbuser197@dumb.user', 'dumbpassword',	0,	0,	0,	0,	0,	0,	0,	0,	0,	NULL,	NULL,	'2018-10-04 05:11:29',	'2019-05-26 20:24:09'),
(198,	'Dumb198', 'User198', 'dumbuser198@dumb.user', 'dumbpassword',	0,	0,	0,	0,	0,	0,	0,	0,	0,	NULL,	NULL,	'2018-10-10 23:03:20',	'2019-05-26 20:24:09'),
(199,	'Dumb199', 'User199', 'dumbuser199@dumb.user', 'dumbpassword',	0,	0,	0,	0,	0,	0,	0,	0,	0,	NULL,	NULL,	'2018-10-21 11:18:02',	'2019-05-26 20:24:09'),
(200,	'Dumb200', 'User200', 'dumbuser200@dumb.user', 'dumbpassword',	0,	0,	0,	0,	0,	0,	0,	0,	0,	NULL,	NULL,	'2018-10-21 11:33:02',	'2019-05-26 20:24:09'),
(201,	'Dumb201', 'User201', 'dumbuser201@dumb.user', 'dumbpassword',	0,	0,	0,	0,	0,	0,	0,	0,	0,	NULL,	NULL,	'2018-10-23 07:49:10',	'2019-05-26 20:24:09'),
(203,	'Dumb203', 'User203', 'dumbuser203@dumb.user', 'dumbpassword',	0,	0,	0,	0,	0,	0,	0,	0,	0,	NULL,	NULL,	'2018-10-29 08:14:45',	'2019-05-26 20:24:09'),
(204,	'Dumb204', 'User204', 'dumbuser204@dumb.user', 'dumbpassword',	0,	0,	0,	0,	0,	0,	0,	0,	0,	NULL,	NULL,	'2018-10-31 00:03:30',	'2019-05-26 20:24:09'),
(205,	'Dumb205', 'User205', 'dumbuser205@dumb.user', 'dumbpassword',	0,	0,	0,	0,	0,	0,	0,	0,	0,	NULL,	NULL,	'2018-11-03 12:45:37',	'2019-05-26 20:24:09'),
(206,	'Dumb206', 'User206', 'dumbuser206@dumb.user', 'dumbpassword',	0,	0,	0,	0,	0,	0,	0,	1,	0,	NULL,	'I-7YBFU023H8HK',	'2018-11-14 13:47:08',	'2019-05-26 20:24:09'),
(207,	'Dumb207', 'User207', 'dumbuser207@dumb.user', 'dumbpassword',	0,	0,	0,	0,	0,	0,	0,	0,	0,	NULL,	NULL,	'2018-11-20 05:03:16',	'2019-05-26 20:24:09'),
(208,	'Dumb208', 'User208', 'dumbuser208@dumb.user', 'dumbpassword',	0,	0,	0,	0,	0,	0,	0,	0,	0,	NULL,	NULL,	'2018-11-20 16:21:00',	'2019-05-26 20:24:09'),
(209,	'Dumb209', 'User209', 'dumbuser209@dumb.user', 'dumbpassword',	0,	0,	0,	0,	0,	0,	0,	0,	0,	NULL,	NULL,	'2018-11-27 04:56:23',	'2019-05-26 20:24:09'),
(210,	'Dumb210', 'User210', 'dumbuser210@dumb.user', 'dumbpassword',	0,	0,	0,	0,	0,	0,	0,	1,	0,	NULL,	'I-UXHN8H7KEAYR',	'2018-11-28 07:24:39',	'2019-05-26 20:24:09'),
(211,	'Dumb211', 'User211', 'dumbuser211@dumb.user', 'dumbpassword',	0,	0,	0,	0,	0,	0,	0,	0,	0,	NULL,	NULL,	'2018-11-28 12:25:33',	'2019-05-26 20:24:09'),
(212,	'Dumb212', 'User212', 'dumbuser212@dumb.user', 'dumbpassword',	0,	0,	0,	0,	0,	0,	0,	0,	0,	NULL,	NULL,	'2018-12-09 18:59:50',	'2019-05-26 20:24:09'),
(213,	'Dumb213', 'User213', 'dumbuser213@dumb.user', 'dumbpassword',	0,	0,	0,	0,	0,	0,	0,	0,	0,	NULL,	NULL,	'2018-12-10 12:54:37',	'2019-05-26 20:24:09'),
(214,	'Dumb214', 'User214', 'dumbuser214@dumb.user', 'dumbpassword',	0,	0,	0,	0,	0,	0,	0,	0,	0,	NULL,	NULL,	'2018-12-15 18:38:43',	'2019-05-26 20:24:09'),
(215,	'Dumb215', 'User215', 'dumbuser215@dumb.user', 'dumbpassword',	0,	0,	0,	0,	0,	0,	0,	0,	0,	NULL,	NULL,	'2018-12-16 16:28:03',	'2019-05-26 20:24:09'),
(216,	'Dumb216', 'User216', 'dumbuser216@dumb.user', 'dumbpassword',	0,	0,	0,	0,	0,	0,	0,	0,	0,	NULL,	NULL,	'2018-12-20 14:15:24',	'2019-05-26 20:24:09'),
(217,	'Dumb217', 'User217', 'dumbuser217@dumb.user', 'dumbpassword',	0,	0,	0,	0,	0,	0,	0,	1,	0,	'2019-12-28 00:00:00',	'bank',	'2018-12-24 13:38:26',	'2019-07-08 09:51:58'),
(218,	'Dumb218', 'User218', 'dumbuser218@dumb.user', 'dumbpassword',	0,	0,	0,	0,	0,	0,	0,	1,	0,	NULL,	'I-R9T16FG12380',	'2018-12-28 16:58:11',	'2019-05-26 20:24:09'),
(220,	'Dumb220', 'User220', 'dumbuser220@dumb.user', 'dumbpassword',	0,	0,	0,	0,	0,	0,	0,	0,	0,	NULL,	NULL,	'2019-01-04 05:45:44',	'2019-05-26 20:24:09'),
(221,	'Dumb221', 'User221', 'dumbuser221@dumb.user', 'dumbpassword',	0,	0,	0,	0,	0,	0,	0,	1,	0,	'2020-06-07 00:00:00',	'bank',	'2019-01-05 09:24:08',	'2019-07-08 09:49:51'),
(222,	'Dumb222', 'User222', 'dumbuser222@dumb.user', 'dumbpassword',	0,	0,	0,	0,	0,	0,	0,	0,	0,	NULL,	NULL,	'2019-01-11 12:52:41',	'2019-07-07 20:05:40'),
(224,	'Dumb224', 'User224', 'dumbuser224@dumb.user', 'dumbpassword',	0,	0,	0,	0,	0,	0,	0,	0,	0,	NULL,	NULL,	'2019-01-25 19:39:36',	'2019-05-26 20:24:09'),
(225,	'Dumb225', 'User225', 'dumbuser225@dumb.user', 'dumbpassword',	0,	0,	0,	0,	0,	0,	0,	0,	0,	NULL,	NULL,	'2019-02-08 21:53:48',	'2019-05-26 20:24:09'),
(226,	'Dumb226', 'User226', 'dumbuser226@dumb.user', 'dumbpassword',	0,	0,	0,	0,	0,	0,	0,	0,	0,	NULL,	NULL,	'2019-02-09 03:48:49',	'2019-05-26 20:24:09'),
(227,	'Dumb227', 'User227', 'dumbuser227@dumb.user', 'dumbpassword',	0,	0,	0,	0,	0,	0,	0,	0,	0,	NULL,	NULL,	'2019-02-10 02:52:37',	'2019-05-26 20:24:09'),
(228,	'Dumb228', 'User228', 'dumbuser228@dumb.user', 'dumbpassword',	0,	0,	0,	0,	0,	0,	0,	0,	0,	NULL,	NULL,	'2019-02-28 19:48:33',	'2019-05-26 20:24:09'),
(229,	'Dumb229', 'User229', 'dumbuser229@dumb.user', 'dumbpassword',	0,	0,	0,	0,	0,	0,	0,	0,	0,	NULL,	NULL,	'2019-03-03 15:22:20',	'2019-05-26 20:24:09'),
(230,	'Dumb230', 'User230', 'dumbuser230@dumb.user', 'dumbpassword',	0,	0,	0,	0,	0,	0,	0,	0,	0,	NULL,	NULL,	'2019-03-11 11:30:37',	'2019-05-26 20:24:09'),
(231,	'Dumb231', 'User231', 'dumbuser231@dumb.user', 'dumbpassword',	0,	0,	0,	0,	0,	0,	0,	1,	0,	NULL,	'I-1EGPPGY0RMXL',	'2019-11-10 21:22:12',	'2019-09-22 12:13:51'),
(232,	'Dumb232', 'User232', 'dumbuser232@dumb.user', 'dumbpassword',	0,	0,	0,	0,	0,	0,	0,	0,	0,	NULL,	NULL,	'2019-11-10 21:22:14',	'2019-09-23 14:33:22'),
(233,	'Dumb233', 'User233', 'dumbuser233@dumb.user', 'dumbpassword',	0,	0,	0,	0,	0,	0,	0,	0,	0,	NULL,	NULL,	'2019-11-10 21:22:13',	'2019-11-07 19:04:57'),
(234,	'Dumb234', 'User234', 'dumbuser234@dumb.user', 'dumbpassword',	0,	0,	0,	0,	0,	0,	0,	0,	0,	NULL,	NULL,	'2019-11-10 21:22:12',	'2019-10-13 17:16:11'),
(235,	'Dumb235', 'User235', 'dumbuser235@dumb.user', 'dumbpassword',	0,	0,	0,	0,	0,	0,	0,	0,	0,	NULL,	NULL,	'2019-11-10 21:22:12',	'2019-10-23 04:23:44'),
(236,	'Dumb236', 'User236', 'dumbuser236@dumb.user', 'dumbpassword',	0,	0,	0,	0,	0,	0,	0,	0,	0,	NULL,	NULL,	'2019-11-10 21:22:13',	'2019-10-25 22:32:11'),
(237,	'Dumb237', 'User237', 'dumbuser237@dumb.user', 'dumbpassword',	0,	0,	0,	0,	0,	0,	0,	0,	0,	NULL,	NULL,	'2019-11-10 21:22:13',	'2019-10-28 15:45:16'),
(238,	'Dumb238', 'User238', 'dumbuser238@dumb.user', 'dumbpassword',	0,	0,	0,	0,	0,	0,	0,	0,	0,	NULL,	NULL,	'2019-11-11 23:50:49',	'2019-11-09 15:28:43'),
(100,	'test', 'test', 'test@test.test', 'test',	0,	0,	0,	0,	0,	0,	0,	1,	1,	'2222-01-01 01:01:01',	'bank',	'2020-01-01 01:01:01',	'2019-11-09 15:28:43');
/*!40000 ALTER TABLE `user` ENABLE KEYS */;
UNLOCK TABLES;

--
-- Dumping events for database 'coo'
--
/*!50106 SET @save_time_zone= @@TIME_ZONE */ ;
/*!50106 DROP EVENT IF EXISTS `bizardryevent` */;
DELIMITER ;;
/*!50003 SET @saved_cs_client      = @@character_set_client */ ;;
/*!50003 SET @saved_cs_results     = @@character_set_results */ ;;
/*!50003 SET @saved_col_connection = @@collation_connection */ ;;
/*!50003 SET character_set_client  = utf8mb4 */ ;;
/*!50003 SET character_set_results = utf8mb4 */ ;;
/*!50003 SET collation_connection  = utf8mb4_0900_ai_ci */ ;;
/*!50003 SET @saved_sql_mode       = @@sql_mode */ ;;
/*!50003 SET sql_mode              = 'ONLY_FULL_GROUP_BY,STRICT_TRANS_TABLES,NO_ZERO_IN_DATE,NO_ZERO_DATE,ERROR_FOR_DIVISION_BY_ZERO,NO_ENGINE_SUBSTITUTION' */ ;;
/*!50003 SET @saved_time_zone      = @@time_zone */ ;;
/*!50003 SET time_zone             = 'SYSTEM' */ ;;
/*!50106 CREATE*/ /*!50117 DEFINER=`root`@`localhost`*/ /*!50106 EVENT `bizardryevent` ON SCHEDULE EVERY 91 DAY STARTS '2020-03-20 03:00:00' ON COMPLETION NOT PRESERVE ENABLE DO CALL bizardry() */ ;;
/*!50003 SET time_zone             = @saved_time_zone */ ;;
/*!50003 SET sql_mode              = @saved_sql_mode */ ;;
/*!50003 SET character_set_client  = @saved_cs_client */ ;;
/*!50003 SET character_set_results = @saved_cs_results */ ;;
/*!50003 SET collation_connection  = @saved_col_connection */ ;;
/*!50106 DROP EVENT IF EXISTS `poolevent` */;;
DELIMITER ;;
/*!50003 SET @saved_cs_client      = @@character_set_client */ ;;
/*!50003 SET @saved_cs_results     = @@character_set_results */ ;;
/*!50003 SET @saved_col_connection = @@collation_connection */ ;;
/*!50003 SET character_set_client  = utf8mb4 */ ;;
/*!50003 SET character_set_results = utf8mb4 */ ;;
/*!50003 SET collation_connection  = utf8mb4_0900_ai_ci */ ;;
/*!50003 SET @saved_sql_mode       = @@sql_mode */ ;;
/*!50003 SET sql_mode              = 'ONLY_FULL_GROUP_BY,STRICT_TRANS_TABLES,NO_ZERO_IN_DATE,NO_ZERO_DATE,ERROR_FOR_DIVISION_BY_ZERO,NO_ENGINE_SUBSTITUTION' */ ;;
/*!50003 SET @saved_time_zone      = @@time_zone */ ;;
/*!50003 SET time_zone             = 'SYSTEM' */ ;;
/*!50106 CREATE*/ /*!50117 DEFINER=`root`@`localhost`*/ /*!50106 EVENT `poolevent` ON SCHEDULE EVERY 7 SECOND STARTS '2020-01-05 19:56:33' ON COMPLETION NOT PRESERVE ENABLE DO CALL pool() */ ;;
/*!50003 SET time_zone             = @saved_time_zone */ ;;
/*!50003 SET sql_mode              = @saved_sql_mode */ ;;
/*!50003 SET character_set_client  = @saved_cs_client */ ;;
/*!50003 SET character_set_results = @saved_cs_results */ ;;
/*!50003 SET collation_connection  = @saved_col_connection */ ;;
DELIMITER ;
/*!50106 SET TIME_ZONE= @save_time_zone */ ;

--
-- Dumping routines for database 'coo'
--
/*!50003 DROP PROCEDURE IF EXISTS `bizardry` */;
/*!50003 SET @saved_cs_client      = @@character_set_client */ ;
/*!50003 SET @saved_cs_results     = @@character_set_results */ ;
/*!50003 SET @saved_col_connection = @@collation_connection */ ;
/*!50003 SET character_set_client  = utf8mb4 */ ;
/*!50003 SET character_set_results = utf8mb4 */ ;
/*!50003 SET collation_connection  = utf8mb4_0900_ai_ci */ ;
/*!50003 SET @saved_sql_mode       = @@sql_mode */ ;
/*!50003 SET sql_mode              = 'ONLY_FULL_GROUP_BY,STRICT_TRANS_TABLES,NO_ZERO_IN_DATE,NO_ZERO_DATE,ERROR_FOR_DIVISION_BY_ZERO,NO_ENGINE_SUBSTITUTION' */ ;
DELIMITER ;;
CREATE DEFINER=`root`@`localhost` PROCEDURE `bizardry`()
BEGIN
	DECLARE allprojectD int;
	DECLARE maxprojectE int;
    DECLARE bizarreID int;
	SET allprojectD = (SELECT SUM(`D`) FROM `coo`.`project` WHERE `stage` = '7');
    SET maxprojectE = (SELECT MAX(`E`) FROM `coo`.`project` WHERE `stage` = '7');
	CREATE TABLE IF NOT EXISTS BIZARRE AS (SELECT id, `D`/@allprojectD+(RAND()-RAND())
	AS BIZARDRY FROM `coo`.`project` WHERE `stage` = '7');
	SET bizarreID = (SELECT id FROM BIZARRE WHERE BIZARDRY = (SELECT MAX(DISTINCT BIZARDRY) FROM BIZARRE));
	UPDATE coo.project SET E = @maxprojectE  WHERE ID = bizarreID;
	DROP TABLE BIZARRE;
END ;;
DELIMITER ;
/*!50003 SET sql_mode              = @saved_sql_mode */ ;
/*!50003 SET character_set_client  = @saved_cs_client */ ;
/*!50003 SET character_set_results = @saved_cs_results */ ;
/*!50003 SET collation_connection  = @saved_col_connection */ ;
/*!50003 DROP PROCEDURE IF EXISTS `pool` */;
/*!50003 SET @saved_cs_client      = @@character_set_client */ ;
/*!50003 SET @saved_cs_results     = @@character_set_results */ ;
/*!50003 SET @saved_col_connection = @@collation_connection */ ;
/*!50003 SET character_set_client  = utf8mb4 */ ;
/*!50003 SET character_set_results = utf8mb4 */ ;
/*!50003 SET collation_connection  = utf8mb4_0900_ai_ci */ ;
/*!50003 SET @saved_sql_mode       = @@sql_mode */ ;
/*!50003 SET sql_mode              = 'ONLY_FULL_GROUP_BY,STRICT_TRANS_TABLES,NO_ZERO_IN_DATE,NO_ZERO_DATE,ERROR_FOR_DIVISION_BY_ZERO,NO_ENGINE_SUBSTITUTION' */ ;
DELIMITER ;;
CREATE DEFINER=`root`@`localhost` PROCEDURE `pool`()
BEGIN
	DECLARE activeusers int;
    DECLARE totalvotes int;
	SET activeusers = (SELECT COUNT(`active`) FROM `coo`.`user` WHERE `active` = 1);
    SET totalvotes = (SELECT SUM(`E`) FROM `coo`.`project` WHERE `stage` = 7);
    UPDATE `coo`.`project` SET 
	collect = collect + 0.000002663622528 * activeusers * `E` / totalvotes  
	WHERE stage = 7 AND id <> 0;
END ;;
DELIMITER ;
/*!50003 SET sql_mode              = @saved_sql_mode */ ;
/*!50003 SET character_set_client  = @saved_cs_client */ ;
/*!50003 SET character_set_results = @saved_cs_results */ ;
/*!50003 SET collation_connection  = @saved_col_connection */ ;
/*!40103 SET TIME_ZONE=@OLD_TIME_ZONE */;

/*!40101 SET SQL_MODE=@OLD_SQL_MODE */;
/*!40014 SET FOREIGN_KEY_CHECKS=@OLD_FOREIGN_KEY_CHECKS */;
/*!40014 SET UNIQUE_CHECKS=@OLD_UNIQUE_CHECKS */;
/*!40101 SET CHARACTER_SET_CLIENT=@OLD_CHARACTER_SET_CLIENT */;
/*!40101 SET CHARACTER_SET_RESULTS=@OLD_CHARACTER_SET_RESULTS */;
/*!40101 SET COLLATION_CONNECTION=@OLD_COLLATION_CONNECTION */;
/*!40111 SET SQL_NOTES=@OLD_SQL_NOTES */;

-- Dump completed on 2020-01-05 19:58:17


